"crash_record_id","crash_date_est_i","crash_date","posted_speed_limit","traffic_control_device","device_condition","weather_condition","lighting_condition","first_crash_type","trafficway_type","lane_cnt","alignment","roadway_surface_cond","road_defect","report_type","crash_type","intersection_related_i","private_property_i","hit_and_run_i","damage","date_police_notified","prim_contributory_cause","sec_contributory_cause","street_no","street_direction","street_name","beat_of_occurrence","photos_taken_i","statements_taken_i","dooring_i","work_zone_i","work_zone_type","workers_present_i","num_units","most_severe_injury","injuries_total","injuries_fatal","injuries_incapacitating","injuries_non_incapacitating","injuries_reported_not_evident","injuries_no_indication","injuries_unknown","crash_hour","crash_day_of_week","crash_month","latitude","longitude","location"
"bf65d688481a73f60700f7eeec337fb5bbaf25047e4d597595fea609a9b72a84ae89f22bf273d7b29f0e9edb0dd501330caa3d44c0cc81629f912f23c0b25c0d",,"2024-06-29T17:10:00.000","30","NO CONTROLS","NO CONTROLS","CLEAR","DAYLIGHT","REAR END","NOT DIVIDED",,"STRAIGHT AND LEVEL","DRY","NO DEFECTS","ON SCENE","INJURY AND / OR TOW DUE TO CRASH",,,,"OVER $1,500","2024-06-29T17:14:00.000","FOLLOWING TOO CLOSELY","FOLLOWING TOO CLOSELY","3019","W","71ST ST","831",,,,,,,"2","REPORTED, NOT EVIDENT","1","0","0","0","1","2","0","17","7","6","41.764330814","-87.698804364","POINT (-87.698804364 41.764330814156)"
"079721aaa67de98775f852f017938e3b79fe34992369503a0e308d608b84cea771290538262720eb5add370dccd073861b01262598d689b9603cdccc89ce99b5",,"2024-06-29T17:00:00.000","25","NO CONTROLS","NO CONTROLS","CLEAR","DAYLIGHT","SIDESWIPE SAME DIRECTION","NOT DIVIDED",,"STRAIGHT AND LEVEL","DRY","NO DEFECTS","ON SCENE","NO INJURY / DRIVE AWAY",,,"N","$500 OR LESS","2024-06-29T17:05:00.000","UNABLE TO DETERMINE","UNABLE TO DETERMINE","2227","W","111TH ST","2212",,,,,,,"2","NO INDICATION OF INJURY","0","0","0","0","0","2","0","17","7","6","41.691720334","-87.677452294","POINT (-87.677452293646 41.691720334123)"
"484c2d171376e1565611a9e8dd8ba6c8125a2916c191ee217dbfa26e2b2a23499b1ce79fdf9b352042bec9b924b6b8fb9035e6331c512d057f1228ef98d29242",,"2024-06-29T17:00:00.000","10","OTHER","FUNCTIONING PROPERLY","CLEAR","DAYLIGHT","PARKED MOTOR VEHICLE","PARKING LOT",,"STRAIGHT AND LEVEL","DRY","NO DEFECTS","ON SCENE","NO INJURY / DRIVE AWAY",,"Y",,"$500 OR LESS","2024-06-29T17:55:00.000","IMPROPER LANE USAGE","UNABLE TO DETERMINE","257","E","HURON ST","1834",,,,,,,"2","NO INDICATION OF INJURY","0","0","0","0","0","2","0","17","7","6","41.894905816","-87.620520448","POINT (-87.620520448028 41.894905815894)"
"77c606f8e4adeef4d35d04a10747e8865d8659035fb8f775eece4ef3d9c8d5409ad39b942e6298f8e65ced96164414ea34ae5e6a9333cbedf0c6dc708cdcf2a1",,"2024-06-29T17:00:00.000","30","NO CONTROLS","NO CONTROLS","CLEAR","DAYLIGHT","PARKED MOTOR VEHICLE","NOT DIVIDED",,"STRAIGHT AND LEVEL","DRY","NO DEFECTS","ON SCENE","NO INJURY / DRIVE AWAY",,,"Y","OVER $1,500","2024-06-29T17:15:00.000","DRIVING SKILLS/KNOWLEDGE/EXPERIENCE","UNABLE TO DETERMINE","1220","N","DEARBORN ST","1824",,,,,,,"2","NO INDICATION OF INJURY","0","0","0","0","0","1","0","17","7","6","41.904560515","-87.630151544","POINT (-87.630151544127 41.904560515127)"
"338340e1b2dfc1e41d836ae731b7448b207d3c2828bac633ff83608bae9bd5eceb8cbf1545d4eabaed67d688f1d2ba72cc2fb60a249d545bb509a3520d4bcfe0",,"2024-06-29T16:56:00.000","30","NO CONTROLS","NO CONTROLS","CLEAR","DAYLIGHT","PARKED MOTOR VEHICLE","ONE-WAY",,"STRAIGHT AND LEVEL","DRY","UNKNOWN","ON SCENE","INJURY AND / OR TOW DUE TO CRASH",,,"Y","$501 - $1,500","2024-06-29T16:57:00.000","UNABLE TO DETERMINE","NOT APPLICABLE","958","N","KARLOV AVE","1111",,,,,,,"2","NO INDICATION OF INJURY","0","0","0","0","0","1","0","16","7","6","41.898886005","-87.728798601","POINT (-87.728798600947 41.898886005404)"
"eb8f9051e65f924ffe8abfd1db7451cf1720df3a2f56da0755a5355eab921b3bbd85b73195e2bf4598b89cbb7f17ae0250292628ed2c95b05b09a725d4a1a3fa",,"2024-06-29T16:52:00.000","30","NO CONTROLS","NO CONTROLS","CLEAR","DAYLIGHT","PARKED MOTOR VEHICLE","NOT DIVIDED",,"STRAIGHT AND LEVEL","DRY","NO DEFECTS","NOT ON SCENE (DESK REPORT)","NO INJURY / DRIVE AWAY",,,,"$500 OR LESS","2024-06-29T16:52:00.000","UNABLE TO DETERMINE","UNABLE TO DETERMINE","5482","S","EVERETT AVE","234",,,,,,,"2","NO INDICATION OF INJURY","0","0","0","0","0","1","0","16","7","6","41.795756112","-87.582697613","POINT (-87.582697613262 41.795756112075)"
"15076e0654dec352c38d2d83cce62764c9d740bf2e53f8001a803a3859399827fb3745bb35292899c70b4e39e76ba6b4b6ef079d4c41abde8b71af0a97981c82","Y","2024-06-29T16:50:00.000","30","NO CONTROLS","NO CONTROLS","CLEAR","DAYLIGHT","PARKED MOTOR VEHICLE","ONE-WAY",,"STRAIGHT AND LEVEL","UNKNOWN","UNKNOWN","ON SCENE","NO INJURY / DRIVE AWAY",,,,"OVER $1,500","2024-06-29T16:50:00.000","IMPROPER BACKING","IMPROPER BACKING","6243","N","OAKLEY AVE","2413",,,,,,,"2","NO INDICATION OF INJURY","0","0","0","0","0","1","0","16","7","6","41.995413206","-87.687212264","POINT (-87.687212263802 41.995413206169)"
"92558374972705538922d2bada9cb19bf86b777986fdd57239df13d32f95ec0416a89dec51d9da522a30bb77d4ca54d31c77d68597fab12e56a4415171618735",,"2024-06-29T16:50:00.000","30","TRAFFIC SIGNAL","FUNCTIONING PROPERLY","CLEAR","DAYLIGHT","REAR END","NOT DIVIDED",,"STRAIGHT AND LEVEL","DRY","NO DEFECTS","NOT ON SCENE (DESK REPORT)","NO INJURY / DRIVE AWAY",,,,"$500 OR LESS","2024-06-29T17:20:00.000","UNABLE TO DETERMINE","NOT APPLICABLE","602","W","MONTROSE DR","1914",,,,,,,"2","NO INDICATION OF INJURY","0","0","0","0","0","5","0","16","7","6","41.962134728","-87.645976876","POINT (-87.645976876395 41.962134727956)"
"7692112abfb0a5fcce573e0cfdd06e715afec09d743c15d59a46f47d9965ac5d3610e908230bb0a08157949cc9239c5c1914828e4155831933a999a3f9398cc4",,"2024-06-29T16:42:00.000","30","NO CONTROLS","NO CONTROLS","CLEAR","DAYLIGHT","REAR END","DIVIDED - W/MEDIAN (NOT RAISED)",,"STRAIGHT AND LEVEL","UNKNOWN","UNKNOWN","NOT ON SCENE (DESK REPORT)","NO INJURY / DRIVE AWAY",,,,"$501 - $1,500","2024-06-29T21:35:00.000","UNABLE TO DETERMINE","NOT APPLICABLE","2449","N","MILWAUKEE AVE","1414",,,,,,,"2","NO INDICATION OF INJURY","0","0","0","0","0","2","0","16","7","6","41.925811651","-87.701860743","POINT (-87.701860742808 41.925811651294)"
"1b3872b05353ac228701a0c3c1d4a0d6db7ae2f881448ea53b965ac0b4e157597b8cc824867be82234d6140231ca94b2b24ea3deb30e97b8fed289eb87cb6be5",,"2024-06-29T16:40:00.000","30","TRAFFIC SIGNAL","FUNCTIONING PROPERLY","CLEAR","DAYLIGHT","TURNING","NOT DIVIDED",,"STRAIGHT AND LEVEL","DRY","NO DEFECTS","NOT ON SCENE (DESK REPORT)","NO INJURY / DRIVE AWAY","Y",,,"OVER $1,500","2024-06-29T20:35:00.000","IMPROPER TURNING/NO SIGNAL","TURNING RIGHT ON RED","1","N","LA SALLE ST","122",,,,,,,"2","NO INDICATION OF INJURY","0","0","0","0","0","2","0","16","7","6","41.881990074","-87.632212876","POINT (-87.632212875914 41.881990073783)"
"413a21247c9358578dad7762539bccb248044b926a0583929c405732bddf8e393fd70f7f8276991703b3716dcd94392c1bc73302640ed228adc288a731f87b73",,"2024-06-29T16:35:00.000","35","NO CONTROLS","NO CONTROLS","CLEAR","DAYLIGHT","REAR END","NOT DIVIDED",,"STRAIGHT AND LEVEL","DRY","NO DEFECTS","ON SCENE","INJURY AND / OR TOW DUE TO CRASH","Y",,,"OVER $1,500","2024-06-29T16:39:00.000","UNABLE TO DETERMINE","NOT APPLICABLE","4210","W","GRAND AVE","2534",,,,,,,"2","REPORTED, NOT EVIDENT","2","0","0","0","2","4","0","16","7","6","41.908401891","-87.731734652","POINT (-87.731734651839 41.908401891127)"
"f96b73a470422b5f326e7fda00902d7bbefc3bee676a21b96ec92e02fab38ba29c95c0d2ad64dfe8df862c0c7ae4ea9337616c06e5b20c78841c0a921071d99a",,"2024-06-29T16:31:00.000","30","NO CONTROLS","NO CONTROLS","CLEAR","DAYLIGHT","PEDALCYCLIST","FOUR WAY",,"STRAIGHT AND LEVEL","DRY","NO DEFECTS","ON SCENE","INJURY AND / OR TOW DUE TO CRASH","Y",,,"$501 - $1,500","2024-06-29T16:31:00.000","UNABLE TO DETERMINE","NOT APPLICABLE","72","E","RANDOLPH ST","111",,,,,,,"2","REPORTED, NOT EVIDENT","1","0","0","0","1","1","0","16","7","6","41.884607839","-87.625245448","POINT (-87.625245448007 41.88460783921)"
"3c5fd4296f218fe9f4a0a05260a0cdf91bee78f9735e17111eeb55ff31c76d5c5a2e3e5db29b69668e258c84ab9b49d51472264fd719142e9fa23317e55d3e34",,"2024-06-29T16:30:00.000","30","NO CONTROLS","NO CONTROLS","CLEAR","DAYLIGHT","PARKED MOTOR VEHICLE","NOT DIVIDED",,"STRAIGHT AND LEVEL","DRY","NO DEFECTS","NOT ON SCENE (DESK REPORT)","NO INJURY / DRIVE AWAY",,,"Y","$501 - $1,500","2024-06-29T20:30:00.000","UNABLE TO DETERMINE","UNABLE TO DETERMINE","7323","W","LUNT AVE","1611",,,,,,,"2","NO INDICATION OF INJURY","0","0","0","0","0","1","0","16","7","6","42.00788749","-87.810081265","POINT (-87.81008126471 42.007887490056)"
"7733c8443da132456be2d7f1bb13e99f62d5699d84a806c3fe433b3d397bef4212daf13e246dbd1db66f74ff4eac142a76839cb2951559248f01652d16539e8f",,"2024-06-29T16:30:00.000","30","STOP SIGN/FLASHER","NO CONTROLS","CLEAR","DAYLIGHT","PEDALCYCLIST","FIVE POINT, OR MORE",,"STRAIGHT AND LEVEL","DRY","NO DEFECTS","ON SCENE","NO INJURY / DRIVE AWAY","Y",,,"OVER $1,500","2024-06-29T16:39:00.000","IMPROPER OVERTAKING/PASSING","NOT APPLICABLE","7600","N","ROGERS AVE","2422",,,,,,,"2","NO INDICATION OF INJURY","0","0","0","0","0","3","0","16","7","6","42.019504991","-87.668227517","POINT (-87.668227516834 42.019504991135)"
"ab983c3929b21aa61f34bff02ffaf46a21dff7400601881a67072ad0aa45264b0b50567079d67a403ec113b75e96bba17c3153373f15e76fd8927ab1be0a7900",,"2024-06-29T16:30:00.000","30","TRAFFIC SIGNAL","FUNCTIONING PROPERLY","CLEAR","DAYLIGHT","REAR END","NOT DIVIDED",,"STRAIGHT AND LEVEL","DRY","NO DEFECTS","NOT ON SCENE (DESK REPORT)","NO INJURY / DRIVE AWAY",,,,"OVER $1,500","2024-06-29T16:58:00.000","NOT APPLICABLE","NOT APPLICABLE","3100","S","CALIFORNIA AVE","1033",,,,,,,"2","NO INDICATION OF INJURY","0","0","0","0","0","2","0","16","7","6","41.83727705","-87.695172247","POINT (-87.695172246519 41.837277050366)"
"a03dd256891aaa34c71aa7a504688678dc11a7fed2eb71a19c0563adbda36b9b4cb8b7aaada9d6abe38b7d811c441857158ded6db81dd8f2919559da7402ae21",,"2024-06-29T16:26:00.000","30","NO CONTROLS","NO CONTROLS","CLEAR","DAYLIGHT","PEDALCYCLIST","DIVIDED - W/MEDIAN (NOT RAISED)",,"STRAIGHT AND LEVEL","DRY","NO DEFECTS","NOT ON SCENE (DESK REPORT)","INJURY AND / OR TOW DUE TO CRASH",,,"Y","OVER $1,500","2024-06-29T17:50:00.000","IMPROPER OVERTAKING/PASSING","OPERATING VEHICLE IN ERRATIC, RECKLESS, CARELESS, NEGLIGENT OR AGGRESSIVE MANNER","4250","N","PULASKI RD","1722",,,,,,,"2","REPORTED, NOT EVIDENT","1","0","0","0","1","1","0","16","7","6","41.958757133","-87.727911788","POINT (-87.727911788084 41.958757132964)"
"79eca37504b90ce98150253af817558118c1db7756d4cdbc314bed9fe22dc69f49aa7f62a8bcdfa16d1d87b53c1aa0364692e8940c7ae281d08d75bd3d6aa35d",,"2024-06-29T16:24:00.000","30","TRAFFIC SIGNAL","FUNCTIONING PROPERLY","CLEAR","DAYLIGHT","PEDESTRIAN","DIVIDED - W/MEDIAN (NOT RAISED)",,"STRAIGHT AND LEVEL","DRY","NO DEFECTS","ON SCENE","INJURY AND / OR TOW DUE TO CRASH","Y",,,"$501 - $1,500","2024-06-29T16:27:00.000","FAILING TO YIELD RIGHT-OF-WAY","FAILING TO YIELD RIGHT-OF-WAY","8700","S","COTTAGE GROVE AVE","632",,,,,,,"2","NONINCAPACITATING INJURY","1","0","0","1","0","2","0","16","7","6","41.736601558","-87.6049681","POINT (-87.604968100168 41.736601558476)"
"4436d559d29079507cf8f5107634c1471a6f1d83a75582aace5912ebe75240d3ced27184d240906c82c755bc30a5d125607356fc6d6ad56a9d396d1db9367f1e",,"2024-06-29T16:20:00.000","30","STOP SIGN/FLASHER","FUNCTIONING PROPERLY","CLEAR","DAYLIGHT","ANGLE","FOUR WAY",,"STRAIGHT AND LEVEL","DRY","NO DEFECTS","NOT ON SCENE (DESK REPORT)","NO INJURY / DRIVE AWAY",,,,"OVER $1,500","2024-06-29T16:35:00.000","FAILING TO YIELD RIGHT-OF-WAY","NOT APPLICABLE","1000","N","LARRABEE ST","1822",,,,,,,"2","NO INDICATION OF INJURY","0","0","0","0","0","2","0","16","7","6","41.900462748","-87.643241169","POINT (-87.643241168536 41.900462747857)"
"d8412cb6083ddd9b248d8fad28a4a815816453d97c7e838b016e9b1f27a53539a768a7aa52c113eeb2efee47d0d5a757f96bd72f0d163fc7f5dcff5a823f0a7d",,"2024-06-29T16:10:00.000","30","UNKNOWN","UNKNOWN","CLEAR","DAYLIGHT","REAR END","NOT DIVIDED",,"STRAIGHT AND LEVEL","UNKNOWN","UNKNOWN","NOT ON SCENE (DESK REPORT)","NO INJURY / DRIVE AWAY",,,,"OVER $1,500","2024-06-29T16:30:00.000","UNABLE TO DETERMINE","NOT APPLICABLE","2115","N","ASHLAND AVE","1432",,,,,,,"2","NO INDICATION OF INJURY","0","0","0","0","0","2","0","16","7","6","41.920322313","-87.668289318","POINT (-87.66828931773 41.920322313159)"
"a523c32752fd254ff02db697bfa1564fd955921207da4374e40bdffef915e59ad0d7ea5484987234ca86a3cf7df2a389ab3fcacc9f7f9c8206372b433197c293",,"2024-06-29T16:08:00.000","30","TRAFFIC SIGNAL","FUNCTIONING PROPERLY","CLEAR","DAYLIGHT","TURNING","FOUR WAY",,"STRAIGHT AND LEVEL","DRY","NO DEFECTS","ON SCENE","INJURY AND / OR TOW DUE TO CRASH","Y",,,"OVER $1,500","2024-06-29T16:42:00.000","IMPROPER TURNING/NO SIGNAL","NOT APPLICABLE","6500","S","DAMEN AVE","726",,,,,,,"2","NO INDICATION OF INJURY","0","0","0","0","0","2","0","16","7","6","41.775613506","-87.673952367","POINT (-87.673952367202 41.775613505891)"
"599dd449e07efa9ed5b26659d29116d067fcce068b258d0088a413344a25131c32ae7249821228e8b84008a8804965b1ce1ceb53019fd57cc1142321ae7dc353",,"2024-06-29T16:05:00.000","30","NO CONTROLS","NO CONTROLS","CLEAR","DAYLIGHT","REAR END","DIVIDED - W/MEDIAN (NOT RAISED)",,"STRAIGHT AND LEVEL","DRY","NO DEFECTS","NOT ON SCENE (DESK REPORT)","NO INJURY / DRIVE AWAY",,,,"$501 - $1,500","2024-06-29T19:15:00.000","UNABLE TO DETERMINE","NOT APPLICABLE","2352","W","CERMAK RD","1234",,,,,,,"2","NO INDICATION OF INJURY","0","0","0","0","0","3","0","16","7","6","41.852142589","-87.685360577","POINT (-87.685360577466 41.852142589162)"
"b1af778aca28252a98ce966eec35d06d9272cdbc2fdfa386270535ff22e49b4f360d5c73290daeb7aa9ba2ebd2c8c7ed4eb160130b2318ed70248b0ed54d6666",,"2024-06-29T16:05:00.000","30","NO CONTROLS","NO CONTROLS","CLEAR","DAYLIGHT","SIDESWIPE SAME DIRECTION","ONE-WAY",,"STRAIGHT AND LEVEL","DRY","NO DEFECTS","ON SCENE","NO INJURY / DRIVE AWAY",,,"N","$500 OR LESS","2024-06-29T16:05:00.000","OPERATING VEHICLE IN ERRATIC, RECKLESS, CARELESS, NEGLIGENT OR AGGRESSIVE MANNER","NOT APPLICABLE","1436","W","77TH ST","612",,,,,,,"2","NO INDICATION OF INJURY","0","0","0","0","0","4","0","16","7","6","41.754152309","-87.660136958","POINT (-87.66013695829 41.754152308828)"
"33404a0ff4b489cc6690b972d774acedf358570f30c5f1a04475bd7610aed5b042453af1a33297105e304725b686b2eac068550bec33a10ac02144a3249a071b",,"2024-06-29T16:00:00.000","30","NO CONTROLS","NO CONTROLS","CLEAR","DAYLIGHT","SIDESWIPE SAME DIRECTION","NOT DIVIDED",,"STRAIGHT AND LEVEL","DRY","NO DEFECTS","NOT ON SCENE (DESK REPORT)","NO INJURY / DRIVE AWAY",,,"Y","$501 - $1,500","2024-06-29T17:15:00.000","FAILING TO YIELD RIGHT-OF-WAY","FAILING TO YIELD RIGHT-OF-WAY","8701","W","FOSTER AVE","1614",,,,,,,"2","NO INDICATION OF INJURY","0","0","0","0","0","2","0","16","7","6","41.973631544","-87.844041726","POINT (-87.844041725868 41.973631544493)"
"335d06cc6085f1765d95bd882acc7ad6b89ba081baaf05a0c5d3a38dcf2756fb779b467e9a8ede89d732f17ac9edce8d8559885f2f4128746a617887967aef3c",,"2024-06-29T16:00:00.000","10","NO CONTROLS","NO CONTROLS","CLEAR","DAYLIGHT","PARKED MOTOR VEHICLE","PARKING LOT",,"STRAIGHT AND LEVEL","DRY","NO DEFECTS","NOT ON SCENE (DESK REPORT)","NO INJURY / DRIVE AWAY",,,"Y","OVER $1,500","2024-06-29T17:40:00.000","UNABLE TO DETERMINE","NOT APPLICABLE","4753","N","KEDZIE AVE","1713",,,,,,,"2","NO INDICATION OF INJURY","0","0","0","0","0","1","0","16","7","6","41.968194482","-87.708314159","POINT (-87.708314158501 41.968194482405)"
"01a4f414e53ef97bc9b5d6fc5ae117d0c1f8f8adf2bb4aa3f7b295b7b92530711f271987a45d4fa01b00b4c0eed2bc40bf5cb124857e3dca44cd1d50494c0f33",,"2024-06-29T15:56:00.000","30","NO CONTROLS","NO CONTROLS","CLEAR","DAYLIGHT","REAR END","OTHER",,"STRAIGHT AND LEVEL","DRY","NO DEFECTS","ON SCENE","INJURY AND / OR TOW DUE TO CRASH",,,,"OVER $1,500","2024-06-29T16:24:00.000","FOLLOWING TOO CLOSELY","NOT APPLICABLE","10000","W","OHARE ST","1651",,,,,,,"2","REPORTED, NOT EVIDENT","1","0","0","0","1","1","0","15","7","6","41.976201139","-87.905309125","POINT (-87.905309125103 41.976201139024)"
"994a3cf659a978a27c11f7395ee1769d89e5588a21353d910b827e89d337b6129575bddaa1bb1cda145e9f0abcf4c2e813dbbcd778993a6b26098ed25bcb63d9",,"2024-06-29T15:50:00.000","30","TRAFFIC SIGNAL","FUNCTIONING PROPERLY","CLEAR","DAYLIGHT","TURNING","DIVIDED - W/MEDIAN (NOT RAISED)",,"STRAIGHT AND LEVEL","DRY","NO DEFECTS","NOT ON SCENE (DESK REPORT)","INJURY AND / OR TOW DUE TO CRASH",,,,"OVER $1,500","2024-06-29T17:00:00.000","UNABLE TO DETERMINE","NOT APPLICABLE","4000","W","MARQUETTE RD","833",,,,,,,"2","NO INDICATION OF INJURY","0","0","0","0","0","4","0","15","7","6","41.771482784","-87.722639835","POINT (-87.722639835183 41.771482784393)"
"565a001df88d4de08d4de7510d6a9bc98863882e68f9db8887edbfd8800237274bcf55af02c49d8abd95731ce5f4b97c16a4845341fffd850e2d42b06032f0d4",,"2024-06-29T15:46:00.000","30","NO CONTROLS","NO CONTROLS","CLEAR","DAYLIGHT","TURNING","FOUR WAY",,"STRAIGHT AND LEVEL","DRY","NO DEFECTS","ON SCENE","INJURY AND / OR TOW DUE TO CRASH","Y",,,"OVER $1,500","2024-06-29T15:57:00.000","FAILING TO YIELD RIGHT-OF-WAY","FAILING TO YIELD RIGHT-OF-WAY","4955","S","WESTERN AVE","923",,,,,,,"2","NO INDICATION OF INJURY","0","0","0","0","0","2","0","15","7","6","41.80313988","-87.684129524","POINT (-87.684129523956 41.803139880141)"
"e0a4f90f335b2d27330fc040ecfbe264a5979dfb6f3677b1b0f650ff92a96369ab44c65230a284bba67590095b8a1e7b2d6833c9bfe8f2e47b0995d15a79552b",,"2024-06-29T15:45:00.000","30","NO CONTROLS","NO CONTROLS","CLEAR","DAYLIGHT","PARKED MOTOR VEHICLE","DIVIDED - W/MEDIAN (NOT RAISED)",,"STRAIGHT AND LEVEL","DRY","NO DEFECTS","NOT ON SCENE (DESK REPORT)","NO INJURY / DRIVE AWAY",,,"Y","$500 OR LESS","2024-06-29T17:30:00.000","IMPROPER BACKING","NOT APPLICABLE","1709","S","PAULINA ST","1234",,,,,,,"2","NO INDICATION OF INJURY","0","0","0","0","0","1","0","15","7","6","41.858389342","-87.668523286","POINT (-87.668523285885 41.858389341817)"
"f0c92da30f4ffc62acae1bee302fe640637495f58c17c711e1153220dcc1159e494e65c4531d28f2814f979ba5136cb55997cbcb094e8971f67e06d9dd268f6d",,"2024-06-29T15:40:00.000","30","NO CONTROLS","NO CONTROLS","CLEAR","DAYLIGHT","PARKED MOTOR VEHICLE","ONE-WAY",,"STRAIGHT AND LEVEL","DRY","NO DEFECTS","NOT ON SCENE (DESK REPORT)","NO INJURY / DRIVE AWAY",,,,"$501 - $1,500","2024-06-29T16:10:00.000","UNABLE TO DETERMINE","UNABLE TO DETERMINE","1804","N","LEAVITT ST","1434",,,,,,,"2","NO INDICATION OF INJURY","0","0","0","0","0","1","0","15","7","6","41.914196229","-87.682582586","POINT (-87.682582585819 41.91419622857)"
"5da5f8b5482f28c21631c793a08cc364ef946399f08558656b003dfd4c00ae36a84b6686825fa290c5bba7bd1d9bd1e1ad27f2699af601de6242ce4732281e75",,"2024-06-29T15:30:00.000","30","TRAFFIC SIGNAL","FUNCTIONING PROPERLY","CLEAR","DAYLIGHT","SIDESWIPE SAME DIRECTION","NOT DIVIDED",,"STRAIGHT AND LEVEL","DRY","NO DEFECTS","NOT ON SCENE (DESK REPORT)","INJURY AND / OR TOW DUE TO CRASH","Y",,,"OVER $1,500","2024-06-29T15:33:00.000","IMPROPER OVERTAKING/PASSING","IMPROPER OVERTAKING/PASSING","6500","S","DAMEN AVE","726",,,,,,,"2","NO INDICATION OF INJURY","0","0","0","0","0","2","0","15","7","6","41.775613506","-87.673952367","POINT (-87.673952367202 41.775613505891)"
"72a570da1c703cbbf6befa4c818b74a19615a584024d8a73e82600d9a190970033df74237e7a2ae15bb7fef38699fe1a4fe7126fb13b658706d3ca88d3da0b16",,"2024-06-29T15:30:00.000","30","TRAFFIC SIGNAL","FUNCTIONING PROPERLY","CLEAR","DAYLIGHT","REAR END","NOT DIVIDED",,"STRAIGHT AND LEVEL","DRY","NO DEFECTS","NOT ON SCENE (DESK REPORT)","NO INJURY / DRIVE AWAY",,,,"OVER $1,500","2024-06-29T18:54:00.000","FOLLOWING TOO CLOSELY","NOT APPLICABLE","5501","S","DAMEN AVE","715",,,,,,,"2","NO INDICATION OF INJURY","0","0","0","0","0","2","0","15","7","6","41.793486352","-87.674133052","POINT (-87.674133052497 41.793486351629)"
"28e9c9635a2d5a0133962d505d9527360654dc472affdcc2633e873ee2ca1d761b2b05acb9aabf8ea2bff33006a110f73e0aa8389c2ee6119d5d3a0c595ba55b",,"2024-06-29T15:25:00.000","30","TRAFFIC SIGNAL","FUNCTIONING PROPERLY","CLEAR","DAYLIGHT","SIDESWIPE SAME DIRECTION","FIVE POINT, OR MORE",,"STRAIGHT AND LEVEL","DRY","NO DEFECTS","ON SCENE","NO INJURY / DRIVE AWAY","Y",,"Y","OVER $1,500","2024-06-29T15:37:00.000","IMPROPER OVERTAKING/PASSING","NOT APPLICABLE","1999","W","NORTH AVE","1424",,,,,,,"2","NO INDICATION OF INJURY","0","0","0","0","0","2","0","15","7","6","41.910365997","-87.677514971","POINT (-87.677514970703 41.910365997187)"
"99fb308b4ccd75a565f4c99663d4f6b41f93198a936e9c8f456722cb8922bb48098acf7ca6e13f00db85781e24c84dfeb7498d158b4394581a1d8803663d79c5",,"2024-06-29T15:17:00.000","30","STOP SIGN/FLASHER","FUNCTIONING PROPERLY","CLEAR","DAYLIGHT","TURNING","FOUR WAY",,"STRAIGHT AND LEVEL","DRY","NO DEFECTS","ON SCENE","NO INJURY / DRIVE AWAY",,,,"$500 OR LESS","2024-06-29T15:17:00.000","UNABLE TO DETERMINE","UNABLE TO DETERMINE","1599","E","54TH ST","234",,,,,,,"2","NO INDICATION OF INJURY","0","0","0","0","0","5","0","15","7","6","41.79798577","-87.587271173","POINT (-87.587271172597 41.797985770059)"
"d0bb80df80234c22bba02a64ed17217375a1b3545049257ba324dc4f67043fc0bd98603bb58d87e5741b08e44d589aefb17252eb9a0bf5dec8671f9c31681433",,"2024-06-29T15:10:00.000","25","TRAFFIC SIGNAL","FUNCTIONING PROPERLY","CLEAR","DAYLIGHT","SIDESWIPE SAME DIRECTION","TRAFFIC ROUTE",,"STRAIGHT AND LEVEL","DRY","NO DEFECTS","NOT ON SCENE (DESK REPORT)","NO INJURY / DRIVE AWAY",,,,"OVER $1,500","2024-06-29T16:30:00.000","IMPROPER OVERTAKING/PASSING","IMPROPER OVERTAKING/PASSING","9100","S","STONY ISLAND AVE","413",,,,,,,"2","NO INDICATION OF INJURY","0","0","0","0","0","2","0","15","7","6","41.729518128","-87.585636409","POINT (-87.585636408538 41.729518128388)"
"3cb410f04d17acdd97905ae17901dc0168c630ce6356db1ee80fec978f3d2ad8d06dcb5184fffb44dda3a505b1d8ee1d1c1c94a0139457bbf646e5993c1b1d34",,"2024-06-29T15:06:00.000","30","STOP SIGN/FLASHER","NO CONTROLS","CLEAR","DAYLIGHT","ANGLE","FOUR WAY",,"STRAIGHT AND LEVEL","DRY","NO DEFECTS","ON SCENE","NO INJURY / DRIVE AWAY","Y",,,"OVER $1,500","2024-06-29T15:29:00.000","DISREGARDING STOP SIGN","NOT APPLICABLE","9600","S","LONGWOOD DR","2213",,,,,,,"2","NO INDICATION OF INJURY","0","0","0","0","0","2","0","15","7","6","41.719210565","-87.669234405","POINT (-87.66923440533 41.719210565342)"
"43f632a2639e6c5beb3bb432f4c1bbe460917cd9dc159b0ca33f50a276ee6809007ca6b8ef0d350c55a22769013e63079a5d0f4d812f717239b5c203cda9b6f4",,"2024-06-29T15:05:00.000","30","NO CONTROLS","NO CONTROLS","CLEAR","DAYLIGHT","PARKED MOTOR VEHICLE","DIVIDED - W/MEDIAN (NOT RAISED)",,"STRAIGHT AND LEVEL","DRY","NO DEFECTS","ON SCENE","NO INJURY / DRIVE AWAY",,,"Y","OVER $1,500","2024-06-29T15:28:00.000","IMPROPER LANE USAGE","FAILING TO REDUCE SPEED TO AVOID CRASH","4018","N","CICERO AVE","1624",,,,,,,"2","NO INDICATION OF INJURY","0","0","0","0","0","1","0","15","7","6","41.953997999","-87.74746352","POINT (-87.747463520302 41.953997998665)"