"crash_record_id","crash_date_est_i","crash_date","posted_speed_limit","traffic_control_device","device_condition","weather_condition","lighting_condition","first_crash_type","trafficway_type","lane_cnt","alignment","roadway_surface_cond","road_defect","report_type","crash_type","intersection_related_i","private_property_i","hit_and_run_i","damage","date_police_notified","prim_contributory_cause","sec_contributory_cause","street_no","street_direction","street_name","beat_of_occurrence","photos_taken_i","statements_taken_i","dooring_i","work_zone_i","work_zone_type","workers_present_i","num_units","most_severe_injury","injuries_total","injuries_fatal","injuries_incapacitating","injuries_non_incapacitating","injuries_reported_not_evident","injuries_no_indication","injuries_unknown","crash_hour","crash_day_of_week","crash_month","latitude","longitude","location"
"646b39d528439d76d5b6c042b2cd95d57fb71d03d16a58d2461badab0ee3870f616727e546368c7a53cbd5eb7551596ff64b1b4d1c7d36b922d8e7d82e2cd551",,"2024-06-29T15:03:00.000","30","NO CONTROLS","NO CONTROLS","CLEAR","DAYLIGHT","REAR END","NOT DIVIDED",,"STRAIGHT AND LEVEL","DRY","NO DEFECTS","ON SCENE","NO INJURY / DRIVE AWAY",,,"Y","OVER $1,500","2024-06-29T15:04:00.000","FAILING TO REDUCE SPEED TO AVOID CRASH","UNABLE TO DETERMINE","6322","W","IRVING PARK RD","1624",,,,,,,"2","NO INDICATION OF INJURY","0","0","0","0","0","3","0","15","7","6","41.953044978","-87.785072642","POINT (-87.785072641938 41.953044978255)"
"2d3635c96956079385b43fc9f6bb1ea4fa9bdaa79789201e734bd43318513613a3ca1a676769200fc6cd01c88a5ffd82b966f0ca03da435002041a4aed58c535",,"2024-06-29T15:00:00.000","25","TRAFFIC SIGNAL","FUNCTIONING PROPERLY","CLEAR","DAYLIGHT","REAR END","NOT DIVIDED",,"STRAIGHT AND LEVEL","DRY","UNKNOWN","NOT ON SCENE (DESK REPORT)","INJURY AND / OR TOW DUE TO CRASH",,,"Y","OVER $1,500","2024-06-29T15:57:00.000","FOLLOWING TOO CLOSELY","NOT APPLICABLE","598","E","87TH ST","632",,,,,,,"4","REPORTED, NOT EVIDENT","1","0","0","0","1","3","0","15","7","6","41.736688135","-87.609757064","POINT (-87.60975706385 41.736688134519)"
"8fca2e85852adcb7e5b4d65063712a167cb0ac22324ebb8a4d4ab98399ecd8aa2f271db97b7eecbb4ca5e1931c94b0cb27bc3333fb3273ae03b8e17e1f421429",,"2024-06-29T15:00:00.000","0","NO CONTROLS","NO CONTROLS","CLEAR","DAYLIGHT","PARKED MOTOR VEHICLE","PARKING LOT",,"STRAIGHT AND LEVEL","DRY","UNKNOWN","NOT ON SCENE (DESK REPORT)","NO INJURY / DRIVE AWAY",,,,"OVER $1,500","2024-06-29T15:42:00.000","IMPROPER BACKING","IMPROPER BACKING","10500","S","WESTERN AVE","2211",,,,,,,"2","NO INDICATION OF INJURY","0","0","0","0","0","1","0","15","7","6","41.702638549","-87.681645783","POINT (-87.681645782607 41.70263854932)"
"a25f7f809ccf89c589449c7efed0b938eeb246b09876d51b9548eb686bc9d6d25b5ce974d430046655bcb14448cc1ab44bb901006bfd72e292f665b5494ece69","Y","2024-06-29T15:00:00.000","25","NO CONTROLS","NO CONTROLS","CLEAR","DAYLIGHT","PARKED MOTOR VEHICLE","ONE-WAY",,"STRAIGHT AND LEVEL","DRY","NO DEFECTS","ON SCENE","NO INJURY / DRIVE AWAY",,,"Y","OVER $1,500","2024-06-29T20:55:00.000","UNABLE TO DETERMINE","UNABLE TO DETERMINE","6434","S","MEADE AVE","812",,,,,,,"2","NO INDICATION OF INJURY","0","0","0","0","0","1","0","15","7","6","41.774975693","-87.773972353","POINT (-87.773972353009 41.774975692849)"
"23777ca7fbd4104022a64f96b04ea9da055ceaa033ac319133a1a9f1aa20b6a7bca3e689ea7b131cb3a82298befba2fb25d77f16cdaf4e91b8ee6d09d0c68999",,"2024-06-29T14:50:00.000","30","NO CONTROLS","NO CONTROLS","CLEAR","DAYLIGHT","REAR END","DIVIDED - W/MEDIAN (NOT RAISED)",,"STRAIGHT AND LEVEL","DRY","NO DEFECTS","NOT ON SCENE (DESK REPORT)","NO INJURY / DRIVE AWAY",,,"Y","OVER $1,500","2024-06-29T16:30:00.000","UNABLE TO DETERMINE","UNABLE TO DETERMINE","550","W","ROOSEVELT RD","124",,,,,,,"2","NO INDICATION OF INJURY","0","0","0","0","0","3","0","14","7","6","41.867344452","-87.641238281","POINT (-87.641238281435 41.867344452259)"
"7bcbb75adfde3f026bd378015965e58023174ee60b466306c8e136070079aa345b41883cecc3b7862c98b360942daac0564aa747f0751bd361db31c0bd55e4d7",,"2024-06-29T14:50:00.000","30","STOP SIGN/FLASHER","FUNCTIONING IMPROPERLY","CLEAR","DAYLIGHT","TURNING","DIVIDED - W/MEDIAN (NOT RAISED)",,"STRAIGHT AND LEVEL","DRY","NO DEFECTS","ON SCENE","INJURY AND / OR TOW DUE TO CRASH","Y",,,"OVER $1,500","2024-06-29T15:31:00.000","FAILING TO YIELD RIGHT-OF-WAY","NOT APPLICABLE","5400","N","WESTERN AVE","2011",,,,,,,"2","NONINCAPACITATING INJURY","2","0","0","1","1","1","0","14","7","6","41.979613525","-87.689445832","POINT (-87.689445831646 41.979613525431)"
"8f54ea33dc48773c3172b09b53b32b4b5ce8fb5219e131e05b415fc8afc9672f5adcbb359740b4088200bea3c6a64c5228c362ebe50c44e085b516b00334b719",,"2024-06-29T14:50:00.000","30","NO CONTROLS","NO CONTROLS","CLEAR","DAYLIGHT","REAR END","DIVIDED - W/MEDIAN BARRIER",,"STRAIGHT AND LEVEL","DRY","NO DEFECTS","NOT ON SCENE (DESK REPORT)","NO INJURY / DRIVE AWAY",,,,"OVER $1,500","2024-06-29T21:19:00.000","UNABLE TO DETERMINE","NOT APPLICABLE","5400","N","LAKE SHORE DR SB","2023",,,,,,,"2","NO INDICATION OF INJURY","0","0","0","0","0","2","0","14","7","6","41.980089218","-87.652406125","POINT (-87.652406124734 41.980089217666)"
"88c5ccfb7c2e83ce081f01ff5133f34b99040cb95cca7ddf34da07a1a72cb92caf796264fdbe9ed57de2c81a515a89274290bbf3aa5085c66b450ca1c4de6ab3",,"2024-06-29T14:45:00.000","30","NO CONTROLS","NO CONTROLS","CLEAR","DAYLIGHT","REAR END","NOT DIVIDED",,"STRAIGHT AND LEVEL","DRY","NO DEFECTS","ON SCENE","INJURY AND / OR TOW DUE TO CRASH",,,,"OVER $1,500","2024-06-29T14:45:00.000","DISTRACTION - FROM INSIDE VEHICLE","FOLLOWING TOO CLOSELY","8208","W","BELMONT AVE","1631",,,,,,,"3","NONINCAPACITATING INJURY","1","0","0","1","0","8","0","14","7","6","41.937758015","-87.831613187","POINT (-87.831613186562 41.937758015109)"
"e1d19ef9e218a551b27066eac3919d5025b32fa0d4236a17a001569a75d9f879b0d85f96dd519105de7834d07664d4083cd58ebcf5b1d141433b6b0984dd851e",,"2024-06-29T14:45:00.000","30","TRAFFIC SIGNAL","FUNCTIONING PROPERLY","CLEAR","DAYLIGHT","SIDESWIPE SAME DIRECTION","NOT DIVIDED",,"STRAIGHT AND LEVEL","DRY","NO DEFECTS","NOT ON SCENE (DESK REPORT)","NO INJURY / DRIVE AWAY","N",,,"OVER $1,500","2024-06-29T15:20:00.000","UNABLE TO DETERMINE","NOT APPLICABLE","6820","N","SHERIDAN RD","2431",,,,,,,"2","NO INDICATION OF INJURY","0","0","0","0","0","2","0","14","7","6","42.006188538","-87.661259448","POINT (-87.661259447638 42.006188537768)"
"22993a6d56376dd83621253c6b0ac7a7005032b2b48808f3fa10362af744771af651c7efb3a80542bedf5a1a8bec1e314dc568b2b868c51219ccab0aa53a8455",,"2024-06-29T14:37:00.000","35","NO CONTROLS","NO CONTROLS","CLEAR","DAYLIGHT","SIDESWIPE SAME DIRECTION","FOUR WAY",,"STRAIGHT AND LEVEL","DRY","NO DEFECTS","ON SCENE","NO INJURY / DRIVE AWAY",,,,"OVER $1,500","2024-06-29T14:37:00.000","IMPROPER OVERTAKING/PASSING","NOT APPLICABLE","100","E","101ST ST","511",,,,,,,"2","NO INDICATION OF INJURY","0","0","0","0","0","2","0","14","7","6","41.710974704","-87.619841155","POINT (-87.619841155169 41.710974703911)"
"ad78c964e71082e9af6bca8e1b9886c71e33e101031f43dbe4ee2c58a3f2cb6f6ca277c5fc55833101bde0c1760e808622ecafadbd643f7005163dcadaf10094",,"2024-06-29T14:32:00.000","35","STOP SIGN/FLASHER","NO CONTROLS","CLEAR","DAYLIGHT","TURNING","DIVIDED - W/MEDIAN BARRIER",,"STRAIGHT AND LEVEL","DRY","NO DEFECTS","ON SCENE","INJURY AND / OR TOW DUE TO CRASH","Y",,,"OVER $1,500","2024-06-29T14:45:00.000","NOT APPLICABLE","NOT APPLICABLE","4101","N","CUMBERLAND AVE","1614",,,,,,,"2","INCAPACITATING INJURY","1","0","1","0","0","1","0","14","7","6","41.953968503","-87.836544437","POINT (-87.836544437381 41.953968502695)"
"2815b823e3974204c639aff866dfdd06e86c2543b47dff358af9094ee2ef8f6cc029f6a2dfdc3cb1d08bba6edea11a80a9487ba1bdab8ea2401eb210d026c214",,"2024-06-29T14:30:00.000","30","NO CONTROLS","NO CONTROLS","CLEAR","DAYLIGHT","PARKED MOTOR VEHICLE","NOT DIVIDED",,"STRAIGHT AND LEVEL","DRY","NO DEFECTS","NOT ON SCENE (DESK REPORT)","NO INJURY / DRIVE AWAY",,,"Y","$501 - $1,500","2024-06-29T19:05:00.000","UNABLE TO DETERMINE","NOT APPLICABLE","7011","N","WOLCOTT AVE","2424",,,,,,,"2","NO INDICATION OF INJURY","0","0","0","0","0","1","0","14","7","6","42.00928186","-87.677924439","POINT (-87.67792443936 42.009281860353)"
"4ad302df44697b58686169fdd5a58075d063cf406c10fe5cc2e57168f24cf423ea3e597eace85bb2fd3891dc6959a1891d62102f708501b18cf0d481e1fc7c76",,"2024-06-29T14:25:00.000","15","NO CONTROLS","NO CONTROLS","CLEAR","DAYLIGHT","OTHER OBJECT","PARKING LOT",,"STRAIGHT AND LEVEL","DRY","NO DEFECTS","ON SCENE","NO INJURY / DRIVE AWAY",,"Y",,"OVER $1,500","2024-06-29T17:00:00.000","UNABLE TO DETERMINE","UNABLE TO DETERMINE","6025","W","64TH PL","812",,,,,,,"1","NO INDICATION OF INJURY","0","0","0","0","0","1","0","14","7","6","41.77500786","-87.772416539","POINT (-87.772416538778 41.775007860173)"
"5d2666d17a823dbc0b184d6d0128bc438139f675e1ff5e91864a5403d4a0ffe834142c992551f43196b14587130fe3076a287ff721466b1d047f7c3422f5de1b",,"2024-06-29T14:20:00.000","30","UNKNOWN","UNKNOWN","CLEAR","DAYLIGHT","TURNING","FOUR WAY",,"STRAIGHT AND LEVEL","DRY","UNKNOWN","NOT ON SCENE (DESK REPORT)","NO INJURY / DRIVE AWAY",,,,"OVER $1,500","2024-06-29T16:40:00.000","FAILING TO YIELD RIGHT-OF-WAY","FAILING TO YIELD RIGHT-OF-WAY","1140","N","LA SALLE DR","1824",,,,,,,"2","NO INDICATION OF INJURY","0","0","0","0","0","2","0","14","7","6","41.9030477","-87.633039492","POINT (-87.633039491686 41.903047700283)"
"a3a12f7781482bfd3f5dbdd8a1e780114a027baf8631f2b20d6135972838224a883138a6d78269102f218550b8913ff29f89133e6b441cc4d1510ac1ba0c0079",,"2024-06-29T14:20:00.000","20","NO CONTROLS","NO CONTROLS","CLEAR","DAYLIGHT","PARKED MOTOR VEHICLE","ONE-WAY",,"STRAIGHT AND LEVEL","DRY","NO DEFECTS","ON SCENE","NO INJURY / DRIVE AWAY",,,"Y","OVER $1,500","2024-06-29T14:26:00.000","UNABLE TO DETERMINE","UNABLE TO DETERMINE","2818","S","MILLARD AVE","1032",,,,,,,"2","NO INDICATION OF INJURY","0","0","0","0","0","1","0","14","7","6","41.840096432","-87.71604114","POINT (-87.716041140441 41.840096432105)"
"637adc087842db88bd30cd1a09e022305b3e5c59e219debe2953e5b6b7cce5e5420345331714bcf90124f11e51ff2a37bf05e5233cbea7d65bd5453ab22cd175",,"2024-06-29T14:15:00.000","30","STOP SIGN/FLASHER","FUNCTIONING PROPERLY","CLEAR","DAYLIGHT","ANGLE","NOT DIVIDED",,"STRAIGHT AND LEVEL","DRY","NO DEFECTS","NOT ON SCENE (DESK REPORT)","INJURY AND / OR TOW DUE TO CRASH",,,,"OVER $1,500","2024-06-29T15:15:00.000","DISREGARDING STOP SIGN","NOT APPLICABLE","1599","S","RACINE AVE","1232",,,,,,,"2","REPORTED, NOT EVIDENT","1","0","0","0","1","2","0","14","7","6","41.859785965","-87.656332878","POINT (-87.656332878175 41.859785964899)"
"91d8c5f75bd218633f3e03f9c450f0b54caf8ead6816c023f19a697305ba606450de2fadd9af2c0aedd0ed2f6ec7e3868343c509117c9f2660e2e74ab028b568",,"2024-06-29T14:03:00.000","30","TRAFFIC SIGNAL","FUNCTIONING PROPERLY","CLEAR","DAYLIGHT","TURNING","NOT DIVIDED",,"STRAIGHT AND LEVEL","WET","NO DEFECTS","ON SCENE","INJURY AND / OR TOW DUE TO CRASH",,,,"$501 - $1,500","2024-06-29T14:52:00.000","IMPROPER LANE USAGE","IMPROPER LANE USAGE","3400","W","GRAND AVE","1121",,,,,,,"2","NO INDICATION OF INJURY","0","0","0","0","0","2","0","14","7","6","41.899821948","-87.711438657","POINT (-87.711438657065 41.899821947712)"
"a02e5474c9a3fc618759c79a6e3ea2429c0b176b703697fcb96e4e586a83e1de203fe8e6393dfd08d13e8a5122fddb90d9a39ae38098529de5e7269c28eee43a",,"2024-06-29T14:00:00.000","30","NO CONTROLS","NO CONTROLS","CLEAR","DAYLIGHT","REAR END","NOT DIVIDED",,"STRAIGHT AND LEVEL","DRY","SHOULDER DEFECT","NOT ON SCENE (DESK REPORT)","NO INJURY / DRIVE AWAY",,,,"$501 - $1,500","2024-06-29T14:30:00.000","UNABLE TO DETERMINE","UNABLE TO DETERMINE","231","S","RACINE AVE","1232",,,,,,,"2","NO INDICATION OF INJURY","0","0","0","0","0","2","0","14","7","6","41.878186272","-87.656884253","POINT (-87.656884253374 41.878186271638)"
"d3515eb4e36920b776acb73f0acffcbc225ae189c3fba1b18e0344a024217aac3eee1e25176736c6a6f38a2530e31d5e839033528265e46a3bab392e1e81fb59",,"2024-06-29T14:00:00.000","15","NO CONTROLS","NO CONTROLS","CLEAR","DAYLIGHT","FIXED OBJECT","PARKING LOT",,"STRAIGHT AND LEVEL","DRY","NO DEFECTS","ON SCENE","NO INJURY / DRIVE AWAY",,,,"$500 OR LESS","2024-06-29T14:00:00.000","UNABLE TO DETERMINE","UNABLE TO DETERMINE","850","W","ADDISON ST","1923",,,,,,,"1","NO INDICATION OF INJURY","0","0","0","0","0","1","0","14","7","6","41.947400456","-87.651512018","POINT (-87.651512017951 41.947400456376)"
"d73d3b1963e5090c04ed07c71fca64b29fee56f67684c8d58d3b53af3722b0e6422796b14ece3b9ad481b78b496aee0e22a9a3debfcbd2ebabe032394a77ca46",,"2024-06-29T14:00:00.000","30","TRAFFIC SIGNAL","UNKNOWN","CLEAR","DAYLIGHT","REAR END","NOT DIVIDED",,"STRAIGHT AND LEVEL","UNKNOWN","UNKNOWN","NOT ON SCENE (DESK REPORT)","NO INJURY / DRIVE AWAY",,,,"OVER $1,500","2024-06-29T14:40:00.000","UNABLE TO DETERMINE","NOT APPLICABLE","436","E","87TH ST","632",,,,,,,"2","NO INDICATION OF INJURY","0","0","0","0","0","2","0","14","7","6","41.736635049","-87.612989911","POINT (-87.612989911072 41.736635048777)"
"ce5c893ee4b83c845d74b0faf9279c3373a0352904ceca022414e5074c1af9d823a931b31b18ab774b659f433129bbc832e82ce275873a86b460233a51cff6c6",,"2024-06-29T13:51:00.000","30","TRAFFIC SIGNAL","FUNCTIONING PROPERLY","CLEAR","DAYLIGHT","REAR END","FOUR WAY",,"STRAIGHT ON GRADE","DRY","WORN SURFACE","ON SCENE","INJURY AND / OR TOW DUE TO CRASH","Y",,,"$501 - $1,500","2024-06-29T13:51:00.000","FOLLOWING TOO CLOSELY","FAILING TO REDUCE SPEED TO AVOID CRASH","1800","W","FOSTER AVE","2012",,,,,,,"2","REPORTED, NOT EVIDENT","3","0","0","0","3","5","0","13","7","6","41.976205128","-87.67477655","POINT (-87.674776549853 41.976205128208)"
"16fa606b86286fb8dae46858dbbba9b93ef7f064dea7c23ad5feb4badad5de2205a0e25c1409125c59052880d620700a4bffc00ba854ceb2dda3c7ed79d86130",,"2024-06-29T13:50:00.000","10","NO CONTROLS","NO CONTROLS","CLEAR","DAYLIGHT","PARKED MOTOR VEHICLE","PARKING LOT",,"STRAIGHT AND LEVEL","DRY","NO DEFECTS","NOT ON SCENE (DESK REPORT)","NO INJURY / DRIVE AWAY",,,"Y","OVER $1,500","2024-06-29T15:45:00.000","UNABLE TO DETERMINE","NOT APPLICABLE","3500","N","KIMBALL AVE","1732",,,,,,,"2","NO INDICATION OF INJURY","0","0","0","0","0","1","0","13","7","6","41.944881074","-87.712805089","POINT (-87.712805088759 41.944881073845)"
"29c3a30cbc93e68d7a93c5388268365b7c50107060e631e2e85ce86d8d9185d98cf70b42afa2c11604a0e440635eb714f39cd2d4f553da2b9f226af20177332c",,"2024-06-29T13:45:00.000","35","TRAFFIC SIGNAL","FUNCTIONING PROPERLY","CLEAR","DAYLIGHT","TURNING","FOUR WAY",,"STRAIGHT AND LEVEL","DRY","NO DEFECTS","ON SCENE","INJURY AND / OR TOW DUE TO CRASH","Y",,,"OVER $1,500","2024-06-29T14:02:00.000","UNABLE TO DETERMINE","NOT APPLICABLE","2400","W","87TH ST","835",,"Y",,,,,"2","REPORTED, NOT EVIDENT","2","0","0","0","2","1","0","13","7","6","41.735635329","-87.682650343","POINT (-87.682650342555 41.735635328819)"
"e420019c935ad2b7585ec7d6fb870887e113da1f258047b809563583252f37e175f1585efa5e76cc8f1094bdf4eae639168b1da5a4c69cfcc5b4ff8eb5712260",,"2024-06-29T13:40:00.000","30","STOP SIGN/FLASHER","FUNCTIONING PROPERLY","CLEAR","DAYLIGHT","ANGLE","FOUR WAY",,"STRAIGHT AND LEVEL","DRY","NO DEFECTS","ON SCENE","INJURY AND / OR TOW DUE TO CRASH","Y",,,"OVER $1,500","2024-06-29T13:48:00.000","FAILING TO YIELD RIGHT-OF-WAY","NOT APPLICABLE","2101","S","MICHIGAN AVE","132",,,,,,,"2","REPORTED, NOT EVIDENT","2","0","0","0","2","2","0","13","7","6","41.854215436","-87.623702904","POINT (-87.623702904351 41.854215436202)"
"a383e29b6dcc991df6233f058446ac9023299124208d02ef7917fcade1a0d7a7a6d56be0772cc5e10c0b33abf1f5e82c4d46f3ad147605eb270c2c0c7861804b",,"2024-06-29T13:35:00.000","15","NO CONTROLS","NO CONTROLS","CLEAR","DAYLIGHT","REAR TO FRONT","ALLEY",,"STRAIGHT AND LEVEL","DRY","NO DEFECTS","NOT ON SCENE (DESK REPORT)","NO INJURY / DRIVE AWAY",,,,"OVER $1,500","2024-06-29T14:05:00.000","UNABLE TO DETERMINE","NOT APPLICABLE","4916","N","HARDING AVE","1712",,,,,,,"2","NO INDICATION OF INJURY","0","0","0","0","0","2","0","13","7","6","41.970530157","-87.72702818","POINT (-87.727028179921 41.970530157394)"
"107b20d66f5800b3681dcfad79168fafd0e90ddea0cfd76b9b4f895c918a981b5abe575d22617b67cd8618c3b8defd3fb323884a493b459b6feb8d5dc06d43c4",,"2024-06-29T13:30:00.000","30","NO CONTROLS","NO CONTROLS","CLEAR","DAYLIGHT","PEDALCYCLIST","NOT DIVIDED",,"STRAIGHT AND LEVEL","DRY","NO DEFECTS","ON SCENE","INJURY AND / OR TOW DUE TO CRASH",,,,"$501 - $1,500","2024-06-29T13:38:00.000","FAILING TO YIELD RIGHT-OF-WAY","FAILING TO YIELD RIGHT-OF-WAY","4451","N","MILWAUKEE AVE","1623",,,"Y",,,,"2","NONINCAPACITATING INJURY","1","0","0","1","0","1","0","13","7","6","41.961978116","-87.755469993","POINT (-87.755469992524 41.961978115746)"
"1e235a2833bd601bb59ae408838d7cbeeb8c4cb66a98f5beb46a81e8bff3a47e82de6e5be8f551ece59af06865db8752f3dbd38e5836baa838d456c17111db4c",,"2024-06-29T13:30:00.000","10","NO CONTROLS","NO CONTROLS","CLEAR","DAYLIGHT","REAR TO SIDE","PARKING LOT",,"STRAIGHT AND LEVEL","DRY","NO DEFECTS","NOT ON SCENE (DESK REPORT)","NO INJURY / DRIVE AWAY",,,,"OVER $1,500","2024-06-29T14:15:00.000","NOT APPLICABLE","NOT APPLICABLE","4506","W","LAWRENCE AVE","1712",,,,,,,"2","NO INDICATION OF INJURY","0","0","0","0","0","2","0","13","7","6","41.96820321","-87.741738165","POINT (-87.74173816498 41.968203210101)"
"25f99bfe1430a2c2f539abef6bc9640792bef1c4b6cb036ec997bc421a111aade45156501b5f2d3582db7aa01219650bf017c07bd402d2e9b1968cf072c5495f","Y","2024-06-29T13:30:00.000","30","STOP SIGN/FLASHER","NO CONTROLS","CLEAR","DAYLIGHT","SIDESWIPE SAME DIRECTION","NOT DIVIDED",,"STRAIGHT AND LEVEL","DRY","UNKNOWN","NOT ON SCENE (DESK REPORT)","NO INJURY / DRIVE AWAY",,,,"OVER $1,500","2024-06-29T13:50:00.000","FAILING TO YIELD RIGHT-OF-WAY","NOT APPLICABLE","2800","W","NELSON ST","1411",,,,,,,"2","NO INDICATION OF INJURY","0","0","0","0","0","2","0","13","7","6","41.936766805","-87.697870836","POINT (-87.697870835585 41.936766804671)"
"4a902323ca3deb069fecd2975f5af71cb42438ab7a5078d8720e3b8fb925d1f440086f40961801644e873e5f0f1f8501f9bf44b6b724951317f21e774232cd37",,"2024-06-29T13:30:00.000","30","TRAFFIC SIGNAL","FUNCTIONING PROPERLY","CLEAR","DAYLIGHT","TURNING","T-INTERSECTION",,"STRAIGHT AND LEVEL","DRY","NO DEFECTS","ON SCENE","INJURY AND / OR TOW DUE TO CRASH","Y",,"Y","OVER $1,500","2024-06-29T13:41:00.000","IMPROPER TURNING/NO SIGNAL","DRIVING SKILLS/KNOWLEDGE/EXPERIENCE","1098","S","MICHIGAN AVE","123",,,,,,,"2","NONINCAPACITATING INJURY","1","0","0","1","0","2","0","13","7","6","41.869338523","-87.624278727","POINT (-87.62427872723 41.869338522503)"
"836589150c813c3c1debe9a35c39d400fb01f517f0c69fe12a1e3ab1f3248268c5c6828ae3110847589eeeb5586b620d4aff15e09b540e4afb382ece4b4555ce",,"2024-06-29T13:30:00.000","30","NO CONTROLS","NO CONTROLS","CLEAR","DAYLIGHT","REAR END","DIVIDED - W/MEDIAN (NOT RAISED)",,"STRAIGHT AND LEVEL","DRY","NO DEFECTS","NOT ON SCENE (DESK REPORT)","NO INJURY / DRIVE AWAY",,,,"$501 - $1,500","2024-06-29T14:00:00.000","UNABLE TO DETERMINE","NOT APPLICABLE","4109","W","63RD ST","813",,,,,,,"2","NO INDICATION OF INJURY","0","0","0","0","0","3","0","13","7","6","41.778513982","-87.725628109","POINT (-87.725628108895 41.778513981584)"
"87f28a20090dfb944d12bd73650efffbc4d5b385f5a77b2590fc318c318c487c32adf2c83c84b7116afa3daf463ef8798a55cf5461f0e4dd73ada5db60f24785",,"2024-06-29T13:30:00.000","30","NO CONTROLS","NO CONTROLS","CLEAR","DAYLIGHT","PARKED MOTOR VEHICLE","NOT DIVIDED",,"STRAIGHT AND LEVEL","DRY","NO DEFECTS","NOT ON SCENE (DESK REPORT)","NO INJURY / DRIVE AWAY",,,"Y","$501 - $1,500","2024-06-29T16:39:00.000","UNABLE TO DETERMINE","UNABLE TO DETERMINE","6534","S","KOSTNER AVE","833",,,,,,,"2","NO INDICATION OF INJURY","0","0","0","0","0","1","0","13","7","6","41.773848989","-87.732542466","POINT (-87.732542465993 41.773848989015)"
"b15568475a4aa154d00e10ac6e3d754890e3f03e8c079e58de545f29a8eb708eb1cec575cc4402d768ac6943084aa31b5b7e6cad4f7741c24381b90d51bb277b","Y","2024-06-29T13:30:00.000","20","NO CONTROLS","NO CONTROLS","UNKNOWN","UNKNOWN","PARKED MOTOR VEHICLE","ONE-WAY",,"STRAIGHT AND LEVEL","UNKNOWN","UNKNOWN","NOT ON SCENE (DESK REPORT)","NO INJURY / DRIVE AWAY",,,"Y","OVER $1,500","2024-06-29T16:00:00.000","UNABLE TO DETERMINE","NOT APPLICABLE","3524","N","MARSHFIELD AVE","1922",,,,,,,"2","NO INDICATION OF INJURY","0","0","0","0","0","1","0","13","7","6","41.94591889","-87.670196941","POINT (-87.67019694097 41.945918890487)"
"c8e3c70e6262f4b4f21a634bbb607abd9df75a73e32e38f40ca6e942540a048a6d9e6da7a0a85bb791991b35d85086ed80750fbbc0ac31cd0bbdbbdbaa5c71c2",,"2024-06-29T13:30:00.000","30","NO CONTROLS","NO CONTROLS","CLEAR","DAYLIGHT","PARKED MOTOR VEHICLE","NOT DIVIDED",,"STRAIGHT AND LEVEL","DRY","NO DEFECTS","ON SCENE","NO INJURY / DRIVE AWAY",,,,"OVER $1,500","2024-06-29T13:38:00.000","UNABLE TO DETERMINE","UNABLE TO DETERMINE","3016","E","89TH ST","424",,,,,,,"2","NO INDICATION OF INJURY","0","0","0","0","0","1","0","13","7","6","41.733849423","-87.550564902","POINT (-87.550564901617 41.733849423135)"
"5124b569fe85ddab1d18c5326a7c16ef0bbe1f113ebf3e0ecc363b38208b909cf5fc3b1339030452fe50366659c5bdf41a5be7cc26cf1ba3f52d468359741ca8",,"2024-06-29T13:22:00.000","30","STOP SIGN/FLASHER","FUNCTIONING PROPERLY","CLEAR","DAYLIGHT","REAR END","NOT DIVIDED",,"STRAIGHT AND LEVEL","DRY","NO DEFECTS","NOT ON SCENE (DESK REPORT)","NO INJURY / DRIVE AWAY",,,,"OVER $1,500","2024-06-29T14:30:00.000","UNABLE TO DETERMINE","NOT APPLICABLE","3000","N","RACINE AVE","1933",,,,,,,"2","NO INDICATION OF INJURY","0","0","0","0","0","2","0","13","7","6","41.936239008","-87.658987537","POINT (-87.658987537149 41.936239007605)"
"cf33d76d10769798e8f7c07cb4c9376f29beffaeb608e426a0ef4ee167ca41937c1bfd407a8319bf747afb7f452388c7f03f235b9137a28ee129ee96fddc7650",,"2024-06-29T13:18:00.000","30","UNKNOWN","UNKNOWN","CLEAR","DAYLIGHT","SIDESWIPE SAME DIRECTION","NOT DIVIDED",,"STRAIGHT AND LEVEL","DRY","UNKNOWN","NOT ON SCENE (DESK REPORT)","NO INJURY / DRIVE AWAY",,,,"OVER $1,500","2024-06-29T14:45:00.000","NOT APPLICABLE","NOT APPLICABLE","108","E","SUPERIOR ST","1833",,,,,,,"2","NO INDICATION OF INJURY","0","0","0","0","0","2","0","13","7","6","41.895839638","-87.624988141","POINT (-87.624988141316 41.895839638207)"
"da2965e6d08d7f3a521f563d3772c4cf985e0ce56954eafc864931c1ecb4724d75e9d89ae6678e3a8284cc6668e67f0997d955021f2048fb2ec0842d44200ca5",,"2024-06-29T13:15:00.000","30","NO CONTROLS","NO CONTROLS","CLEAR","DAYLIGHT","REAR END","NOT DIVIDED",,"STRAIGHT AND LEVEL","DRY","UNKNOWN","NOT ON SCENE (DESK REPORT)","NO INJURY / DRIVE AWAY",,,"Y","OVER $1,500","2024-06-29T13:40:00.000","FOLLOWING TOO CLOSELY","DRIVING SKILLS/KNOWLEDGE/EXPERIENCE","9137","S","LAKE SHORE DR","424",,,,,,,"2","NO INDICATION OF INJURY","0","0","0","0","0","2","0","13","7","6","41.729479943","-87.541505679","POINT (-87.541505679273 41.729479942822)"