"crash_record_id","crash_date_est_i","crash_date","posted_speed_limit","traffic_control_device","device_condition","weather_condition","lighting_condition","first_crash_type","trafficway_type","lane_cnt","alignment","roadway_surface_cond","road_defect","report_type","crash_type","intersection_related_i","private_property_i","hit_and_run_i","damage","date_police_notified","prim_contributory_cause","sec_contributory_cause","street_no","street_direction","street_name","beat_of_occurrence","photos_taken_i","statements_taken_i","dooring_i","work_zone_i","work_zone_type","workers_present_i","num_units","most_severe_injury","injuries_total","injuries_fatal","injuries_incapacitating","injuries_non_incapacitating","injuries_reported_not_evident","injuries_no_indication","injuries_unknown","crash_hour","crash_day_of_week","crash_month","latitude","longitude","location"
"fd022d3982703bff3e7668f768d9a0d82ea2e000e64cb756c08c749402c380d6d54b15f4b6bbe28a1f662d6d6f3fe44d1e24b6315bc1bd6591d6dfc80061f59f",,"2024-06-29T13:10:00.000","30","TRAFFIC SIGNAL","FUNCTIONING PROPERLY","CLEAR","DAYLIGHT","REAR END","DIVIDED - W/MEDIAN (NOT RAISED)",,"STRAIGHT AND LEVEL","DRY","UNKNOWN","NOT ON SCENE (DESK REPORT)","NO INJURY / DRIVE AWAY",,,,"OVER $1,500","2024-06-29T15:50:00.000","UNABLE TO DETERMINE","UNABLE TO DETERMINE","4300","S","ASHLAND AVE","924",,,,,,,"2","NO INDICATION OF INJURY","0","0","0","0","0","3","0","13","7","6","41.815778427","-87.66529289","POINT (-87.665292890367 41.815778426908)"
"2f9527d4142dad108cd31b40c0c888aa6f4fcdf165244a75b7573b31fe19a8bbd3f58679b430d270246bbafce24348814171f12599f131f2f43331b26a975f59",,"2024-06-29T13:02:00.000","30","NO CONTROLS","NO CONTROLS","CLEAR","DAYLIGHT","PARKED MOTOR VEHICLE","NOT DIVIDED",,"STRAIGHT AND LEVEL","DRY","NO DEFECTS","NOT ON SCENE (DESK REPORT)","NO INJURY / DRIVE AWAY",,,,"OVER $1,500","2024-06-29T14:15:00.000","DISTRACTION - FROM INSIDE VEHICLE","UNABLE TO DETERMINE","7011","W","IRVING PARK RD","1632",,,,,,,"2","NO INDICATION OF INJURY","0","0","0","0","0","2","0","13","7","6","41.952639371","-87.801666292","POINT (-87.801666292395 41.952639371144)"
"869db640d1623a6e1b0b28d13015db263fb34499724e08a93e0909211bf67a87ee8494d7acd60637c50253da32ae8152f295c0f0167ee702afc0235614098a0e",,"2024-06-29T13:02:00.000","30","TRAFFIC SIGNAL","FUNCTIONING PROPERLY","CLEAR","DAYLIGHT","PARKED MOTOR VEHICLE","DIVIDED - W/MEDIAN (NOT RAISED)",,"STRAIGHT AND LEVEL","DRY","NO DEFECTS","NOT ON SCENE (DESK REPORT)","NO INJURY / DRIVE AWAY",,,,"OVER $1,500","2024-06-29T13:32:00.000","UNABLE TO DETERMINE","NOT APPLICABLE","5628","N","WESTERN AVE","2011",,,,,,,"2","NO INDICATION OF INJURY","0","0","0","0","0","2","0","13","7","6","41.984050178","-87.689609337","POINT (-87.689609337013 41.984050177762)"
"1055ef1a3e946c2a8a053fb7c4e34a2bf17081134b8677dd5a5f3eae58c89cf6220835ca127ecb3427f0b3e35199356745923af8b28d7f1a6bc6ee53f0fc4601",,"2024-06-29T13:00:00.000","30","TRAFFIC SIGNAL","FUNCTIONING PROPERLY","CLEAR","DAYLIGHT","SIDESWIPE SAME DIRECTION","DIVIDED - W/MEDIAN (NOT RAISED)",,"STRAIGHT AND LEVEL","DRY","NO DEFECTS","NOT ON SCENE (DESK REPORT)","NO INJURY / DRIVE AWAY","Y",,,"OVER $1,500","2024-06-29T13:40:00.000","FAILING TO YIELD RIGHT-OF-WAY","NOT APPLICABLE","2600","N","PULASKI RD","2524",,,,,,,"2","NO INDICATION OF INJURY","0","0","0","0","0","2","0","13","7","6","41.928221907","-87.727024943","POINT (-87.727024942983 41.928221906766)"
"6631185de681a3cb891849a2a10e52d2b48f9e9e23f84cf957ec157d1fd66c2c355cad370851a34496afffc519524b18fe6eaf9053c259cb307029f2146b8fc5",,"2024-06-29T13:00:00.000","30","NO CONTROLS","NO CONTROLS","CLEAR","DAYLIGHT","PARKED MOTOR VEHICLE","NOT DIVIDED",,"STRAIGHT AND LEVEL","DRY","UNKNOWN","NOT ON SCENE (DESK REPORT)","NO INJURY / DRIVE AWAY",,,,"OVER $1,500","2024-06-29T13:30:00.000","UNABLE TO DETERMINE","NOT APPLICABLE","5300","S","HARPER AVE","234",,,,,,,"2","NO INDICATION OF INJURY","0","0","0","0","0","3","0","13","7","6","41.799468663","-87.589236193","POINT (-87.589236192688 41.799468663076)"
"8b141001f1f471eecf746280141923dad1e78f51a2f2f2b404fae708e41f6ca568753fb89eeafdd17b1a0111168f8968bbcf7c51ce72afd8beb6849b11ca1b4f",,"2024-06-29T12:54:00.000","30","TRAFFIC SIGNAL","FUNCTIONING PROPERLY","CLEAR","DAYLIGHT","PEDALCYCLIST","ONE-WAY",,"STRAIGHT AND LEVEL","DRY","NO DEFECTS","ON SCENE","INJURY AND / OR TOW DUE TO CRASH",,,"Y","$501 - $1,500","2024-06-29T13:03:00.000","DISREGARDING TRAFFIC SIGNALS","UNABLE TO DETERMINE","155","N","WACKER DR","122",,,,,,,"2","NONINCAPACITATING INJURY","1","0","0","1","0","1","0","12","7","6","41.884615617","-87.636682358","POINT (-87.6366823578 41.884615617051)"
"45b49741cf04ca3ee7df24b3d04cb0ceff52998c7bad24b90c39827d2edb4e762607d333907f20ce3585b7d4dd0a995d33deb95d96cdd5bc354da25aa145a256",,"2024-06-29T12:50:00.000","15","NO CONTROLS","NO CONTROLS","CLEAR","DARKNESS, LIGHTED ROAD","FIXED OBJECT","PARKING LOT",,"STRAIGHT AND LEVEL","DRY","NO DEFECTS","ON SCENE","NO INJURY / DRIVE AWAY",,"Y",,"OVER $1,500","2024-06-29T12:55:00.000","UNABLE TO DETERMINE","NOT APPLICABLE","1935","S","WABASH AVE","131",,,,,,,"1","NO INDICATION OF INJURY","0","0","0","0","0","1","0","12","7","6","41.855630065","-87.625415361","POINT (-87.625415361031 41.855630065016)"
"7699cbb5eaff73e8d5764df76c4d683f3a362f864edff21565fdda9c70610572b8b87bc74ce70c82180adb8dd95bc42fa4fadb2afc2bb9d0480848abe95f936e",,"2024-06-29T12:40:00.000","20","NO CONTROLS","NO CONTROLS","CLEAR","DAYLIGHT","PARKED MOTOR VEHICLE","OTHER",,"STRAIGHT AND LEVEL","UNKNOWN","UNKNOWN","NOT ON SCENE (DESK REPORT)","NO INJURY / DRIVE AWAY",,,,"OVER $1,500","2024-06-29T13:45:00.000","UNABLE TO DETERMINE","NOT APPLICABLE","7928","S","MORGAN ST","612",,,,,,,"2","NO INDICATION OF INJURY","0","0","0","0","0","1","0","12","7","6","41.749684563","-87.649009541","POINT (-87.649009541204 41.749684563102)"
"be835131672811f9f7b5e664f410b2c5e08cd35e504dc9a1f1d198fd1266887caaa11cb68d19f21ec99a484f1a87157dd6ff1a86f450eaad7c3dae3aa66d3a85",,"2024-06-29T12:36:00.000","35","TRAFFIC SIGNAL","UNKNOWN","CLEAR","DAYLIGHT","PARKED MOTOR VEHICLE","FOUR WAY",,"STRAIGHT AND LEVEL","DRY","UNKNOWN","ON SCENE","NO INJURY / DRIVE AWAY","Y",,,"$501 - $1,500","2024-06-29T12:53:00.000","FAILING TO YIELD RIGHT-OF-WAY","IMPROPER LANE USAGE","38","E","ROOSEVELT RD","123",,,,,,,"2","NO INDICATION OF INJURY","0","0","0","0","0","2","0","12","7","6","41.867541284","-87.625873315","POINT (-87.62587331546 41.867541284114)"
"990813418e465916de018a5bcf657f8ca3182819d3a67be8e5a08f470ce883fd85fd86da81330f595f606e3964e212b78b969aa069e7cf699006eb6c69e311cf",,"2024-06-29T12:35:00.000","25","NO CONTROLS","NO CONTROLS","CLEAR","DAYLIGHT","PARKED MOTOR VEHICLE","NOT DIVIDED",,"STRAIGHT AND LEVEL","DRY","UNKNOWN","NOT ON SCENE (DESK REPORT)","NO INJURY / DRIVE AWAY",,,,"OVER $1,500","2024-06-29T15:45:00.000","UNABLE TO DETERMINE","NOT APPLICABLE","645","W","28TH ST","914",,,,,,,"2","NO INDICATION OF INJURY","0","0","0","0","0","1","0","12","7","6","41.843437704","-87.643332447","POINT (-87.643332446915 41.843437704009)"
"a5e5569766d1d2cc7ced10a6cacb70ba2ce7c916ffd77963dc4fc3bd90a8407328fc4ee9e01909e88234eee21734adf68f537628f37197fa5c1c41840a1f9196",,"2024-06-29T12:33:00.000","30","TRAFFIC SIGNAL","FUNCTIONING PROPERLY","CLEAR","DAYLIGHT","TURNING","FOUR WAY",,"STRAIGHT AND LEVEL","DRY","NO DEFECTS","ON SCENE","INJURY AND / OR TOW DUE TO CRASH","Y",,,"OVER $1,500","2024-06-29T12:34:00.000","FAILING TO YIELD RIGHT-OF-WAY","NOT APPLICABLE","5226","S","LARAMIE AVE","814",,,,,,,"2","NO INDICATION OF INJURY","0","0","0","0","0","3","0","12","7","6","41.797512617","-87.752807373","POINT (-87.752807373285 41.797512616927)"
"bf09ff0dfbed3c5ab2fa1ba21ae0f06f26492369d619467eb92660b26d616629c2aa58a6157acd977c6856085a3a8c5dd2bc7814f375b713e3169dd294d5fbf0",,"2024-06-29T12:30:00.000","30","UNKNOWN","UNKNOWN","UNKNOWN","UNKNOWN","REAR END","DIVIDED - W/MEDIAN (NOT RAISED)",,"STRAIGHT AND LEVEL","UNKNOWN","UNKNOWN","NOT ON SCENE (DESK REPORT)","NO INJURY / DRIVE AWAY",,,,"OVER $1,500","2024-06-29T13:20:00.000","FOLLOWING TOO CLOSELY","UNABLE TO DETERMINE","2127","W","HOWARD ST","2424",,,,,,,"2","NO INDICATION OF INJURY","0","0","0","0","0","2","0","12","7","6","42.019370712","-87.684216031","POINT (-87.684216030821 42.019370711966)"
"cca37c6e1fb79488b27ab4a658a8c9ee6b74a7563275ae271c9ce40d527a0a5caf9f8026c649309029d194a52f9141d63d6615fbb0c2a35fcf4c3ea9bc4ffbc7",,"2024-06-29T12:30:00.000","20","NO CONTROLS","NO CONTROLS","CLEAR","DAYLIGHT","TURNING","PARKING LOT",,"STRAIGHT AND LEVEL","DRY","NO DEFECTS","ON SCENE","INJURY AND / OR TOW DUE TO CRASH",,"Y",,"OVER $1,500","2024-06-29T12:33:00.000","FAILING TO YIELD RIGHT-OF-WAY","UNABLE TO DETERMINE","10200","W","BALMORAL AVE","1654",,,,,,,"2","REPORTED, NOT EVIDENT","1","0","0","0","1","1","0","12","7","6",,,
"2fe73e4b2a994b2a54fc0c12de2448c916da8cf41b8d3c75339808a58ac397b58323b8d990ed5cdf9800b142792d4d97c94ca222b68faceb78f2236feae13b73",,"2024-06-29T12:08:00.000","35","TRAFFIC SIGNAL","FUNCTIONING PROPERLY","CLEAR","DAYLIGHT","PARKED MOTOR VEHICLE","FOUR WAY",,"STRAIGHT AND LEVEL","DRY","NO DEFECTS","ON SCENE","NO INJURY / DRIVE AWAY",,,,"$500 OR LESS","2024-06-29T12:08:00.000","DRIVING SKILLS/KNOWLEDGE/EXPERIENCE","DRIVING SKILLS/KNOWLEDGE/EXPERIENCE","3206","N","BROADWAY","1925",,,,,,,"2","NO INDICATION OF INJURY","0","0","0","0","0","1","0","12","7","6","41.940280831","-87.644554112","POINT (-87.644554111916 41.940280830604)"
"342c63e2aa6a6eabb51bc27b80a351b89f1b3a1f7ca78ee7ec2e9e25f9046f9e3ba99b7a02cef4b00be43fe2db788c81f33a87f595cf9653779d8c9dad889d7a",,"2024-06-29T12:05:00.000","30","NO CONTROLS","NO CONTROLS","CLEAR","DAYLIGHT","TURNING","NOT DIVIDED",,"STRAIGHT AND LEVEL","DRY","NO DEFECTS","ON SCENE","NO INJURY / DRIVE AWAY",,,,"OVER $1,500","2024-06-29T12:05:00.000","IMPROPER TURNING/NO SIGNAL","UNABLE TO DETERMINE","2955","N","CICERO AVE","2521",,,,,,,"2","NO INDICATION OF INJURY","0","0","0","0","0","2","0","12","7","6","41.935012059","-87.746586783","POINT (-87.746586782932 41.935012059427)"
"c7acd4264c63dc627cf3120a0b238346a0807e0ee6b79abe7fa16072c304f6199983a9ce4b7003821e06b2524bfd6483788bd081cf5bc473375b3b986afcf8a4",,"2024-06-29T12:05:00.000","35","TRAFFIC SIGNAL","FUNCTIONING PROPERLY","CLEAR","DAYLIGHT","SIDESWIPE SAME DIRECTION","CENTER TURN LANE",,"STRAIGHT AND LEVEL","DRY","NO DEFECTS","ON SCENE","NO INJURY / DRIVE AWAY",,,,"$500 OR LESS","2024-06-29T12:09:00.000","UNABLE TO DETERMINE","UNABLE TO DETERMINE","6242","S","CICERO AVE","813",,,,,,,"2","NO INDICATION OF INJURY","0","0","0","0","0","2","0","12","7","6","41.778971229","-87.742458173","POINT (-87.742458172873 41.778971229058)"
"217c2a5f31be301e5c51b66e72dbacc4a5c74cf61b4844b6f921f6dbf17a5c116ded040f10a8ffe062d5715c67f7ec9d55f66f3cd71fa816b75d642db3fdff5d",,"2024-06-29T12:00:00.000","30","TRAFFIC SIGNAL","FUNCTIONING PROPERLY","CLEAR","DAYLIGHT","REAR END","NOT DIVIDED",,"STRAIGHT AND LEVEL","DRY","NO DEFECTS","NOT ON SCENE (DESK REPORT)","NO INJURY / DRIVE AWAY",,,"Y","OVER $1,500","2024-06-29T13:39:00.000","NOT APPLICABLE","NOT APPLICABLE","2","W","83RD ST","631",,,,,,,"2","NO INDICATION OF INJURY","0","0","0","0","0","2","0","12","7","6","41.743764724","-87.624356617","POINT (-87.624356617325 41.743764724359)"
"4083f07d7b08c17e9d129a680073b5a5d35fd6c127bc1a4c20abf206b12d22689bd45588c34dc38502f3fba790013778634ae544f904f0884a09e72f37a22cf3",,"2024-06-29T12:00:00.000","30","NO CONTROLS","NO CONTROLS","CLEAR","DAYLIGHT","PARKED MOTOR VEHICLE","DIVIDED - W/MEDIAN (NOT RAISED)",,"STRAIGHT AND LEVEL","DRY","NO DEFECTS","NOT ON SCENE (DESK REPORT)","NO INJURY / DRIVE AWAY",,,"Y","OVER $1,500","2024-06-29T15:50:00.000","UNABLE TO DETERMINE","NOT APPLICABLE","1500","W","16TH ST","1233",,,,,,,"2","NO INDICATION OF INJURY","0","0","0","0","0","1","0","12","7","6","41.859754518","-87.663930497","POINT (-87.663930497287 41.859754517551)"
"8355f70ed0b02c3496998596ff49a6528cc50a585251325f8d73864fc5b36c84643a51fef7948eb19c39d23e309d315036628f6d1fbd00c4240558f4d0d133ab","Y","2024-06-29T12:00:00.000","30","NO CONTROLS","NO CONTROLS","CLEAR","DAYLIGHT","PARKED MOTOR VEHICLE","NOT DIVIDED",,"STRAIGHT AND LEVEL","DRY","NO DEFECTS","NOT ON SCENE (DESK REPORT)","NO INJURY / DRIVE AWAY",,,,"OVER $1,500","2024-06-29T13:00:00.000","UNABLE TO DETERMINE","NOT APPLICABLE","2701","N","WESTERN AVE","1432",,,,,,,"2","NO INDICATION OF INJURY","0","0","0","0","0","1","0","12","7","6","41.930446087","-87.687697184","POINT (-87.687697184257 41.930446086925)"
"ff016b8d90c73cc91f84c5bfc9e189d3983758fc97866532395f0a9ad97634cd3ef342e04a73baf168cbef4a414b0e8b97c6274b7c83687dbecc25c7dc53bc4e",,"2024-06-29T12:00:00.000","30","NO CONTROLS","NO CONTROLS","CLEAR","DAYLIGHT","PARKED MOTOR VEHICLE","NOT DIVIDED",,"STRAIGHT AND LEVEL","DRY","NO DEFECTS","NOT ON SCENE (DESK REPORT)","NO INJURY / DRIVE AWAY",,,"Y","OVER $1,500","2024-06-29T19:10:00.000","UNABLE TO DETERMINE","NOT APPLICABLE","2399","W","25TH ST","1034",,,,,,,"2","NO INDICATION OF INJURY","0","0","0","0","0","1","0","12","7","6","41.846475908","-87.685437139","POINT (-87.685437138891 41.846475908329)"
"6153b2a35429748df64ced0f62768f1d53e574f8728c9ffe84034418ea5c435d0593a68f2d803d445b1b8b01b8410537081157868206990a939cdba0c904236f",,"2024-06-29T11:54:00.000","15","NO CONTROLS","NO CONTROLS","CLEAR","DAYLIGHT","REAR TO REAR","PARKING LOT",,"STRAIGHT AND LEVEL","DRY","NO DEFECTS","NOT ON SCENE (DESK REPORT)","NO INJURY / DRIVE AWAY",,,,"$501 - $1,500","2024-06-29T12:10:00.000","FAILING TO YIELD RIGHT-OF-WAY","UNABLE TO DETERMINE","10900","S","DOTY AVE W","513",,,,,,,"2","NO INDICATION OF INJURY","0","0","0","0","0","2","0","11","7","6","41.696313684","-87.596632244","POINT (-87.596632243933 41.696313683973)"
"542f15928055b7fe6cc5f6d10e03367212cf49754e9cff2d900203f3c9ca4ea1e3e1873a5a70b394f55c21d8d9a9bd11d23a7de6b0ea29b520307f6c6c6a8791",,"2024-06-29T11:40:00.000","30","TRAFFIC SIGNAL","FUNCTIONING PROPERLY","CLOUDY/OVERCAST","DAYLIGHT","TURNING","NOT DIVIDED",,"STRAIGHT AND LEVEL","DRY","NO DEFECTS","NOT ON SCENE (DESK REPORT)","NO INJURY / DRIVE AWAY",,,"Y","OVER $1,500","2024-06-29T11:53:00.000","FOLLOWING TOO CLOSELY","NOT APPLICABLE","6300","S","KEDZIE AVE","823",,,,,,,"2","NO INDICATION OF INJURY","0","0","0","0","0","4","0","11","7","6","41.77894575","-87.703283119","POINT (-87.703283119003 41.77894575018)"
"9055caea7ba49f7f764302ed410cfa4d19f24396e3fdaeea6e246ee9cb94270b4dba9f7c3e5118442e7f548a3459d9150cbac23556cebe2799d2ef39d256e738",,"2024-06-29T11:40:00.000","30","NO CONTROLS","NO CONTROLS","CLEAR","DAYLIGHT","REAR END","DIVIDED - W/MEDIAN (NOT RAISED)",,"STRAIGHT AND LEVEL","DRY","NO DEFECTS","ON SCENE","NO INJURY / DRIVE AWAY",,,,"$501 - $1,500","2024-06-29T11:41:00.000","FOLLOWING TOO CLOSELY","DRIVING SKILLS/KNOWLEDGE/EXPERIENCE","4501","W","DEVON AVE","1711",,,,,,,"2","NO INDICATION OF INJURY","0","0","0","0","0","2","0","11","7","6","41.997142886","-87.741121863","POINT (-87.741121863437 41.997142885977)"
"974d1b168ba5d7158460afa6a88a5ed4804c47184ed6401750518d248e0abb660a8b7d0f7f600e41384130826a9f65d014947b30da17253fc93fd587ec76b32c",,"2024-06-29T11:30:00.000","30","NO CONTROLS","NO CONTROLS","CLEAR","DAYLIGHT","PARKED MOTOR VEHICLE","NOT DIVIDED",,"STRAIGHT AND LEVEL","DRY","NO DEFECTS","ON SCENE","NO INJURY / DRIVE AWAY",,,,"$501 - $1,500","2024-06-29T11:43:00.000","UNABLE TO DETERMINE","UNABLE TO DETERMINE","2437","W","WABANSIA AVE","1434",,,,,,,"2","NO INDICATION OF INJURY","0","0","0","0","0","1","0","11","7","6","41.912011024","-87.688778783","POINT (-87.688778783386 41.912011024375)"
"eef8e8729ea259e843fa7f27c58c1a2f1726b5759b594514acce4b4e80f1f8fc00fdb9fabd89d70dec0cc633043745d923d3e332e08fa15e847367f7ff2f10b2",,"2024-06-29T11:30:00.000","30","NO CONTROLS","NO CONTROLS","CLEAR","DAYLIGHT","PARKED MOTOR VEHICLE","ONE-WAY",,"STRAIGHT AND LEVEL","DRY","NO DEFECTS","NOT ON SCENE (DESK REPORT)","NO INJURY / DRIVE AWAY",,,,"OVER $1,500","2024-06-29T15:45:00.000","UNABLE TO DETERMINE","NOT APPLICABLE","938","N","WOLCOTT AVE","1212",,,,,,,"2","NO INDICATION OF INJURY","0","0","0","0","0","1","0","11","7","6","41.898931992","-87.674841255","POINT (-87.674841254828 41.898931991546)"
"fec265a8f02e0a362f3ede5a444ad5db1729f23c632cf55a56a8a6d0f80e1a748ec42fea7a99efc2fb68223a58df02d7a187bdaf5c6b1d20f3bdda3cddcfad36",,"2024-06-29T11:30:00.000","15","NO CONTROLS","NO CONTROLS","CLEAR","DAYLIGHT","HEAD ON","ALLEY",,"STRAIGHT AND LEVEL","DRY","NO DEFECTS","NOT ON SCENE (DESK REPORT)","INJURY AND / OR TOW DUE TO CRASH",,,"Y","OVER $1,500","2024-06-29T13:00:00.000","FAILING TO REDUCE SPEED TO AVOID CRASH","UNABLE TO DETERMINE","5730","W","BELMONT AVE","1633",,,,,,,"2","NO INDICATION OF INJURY","0","0","0","0","0","2","0","11","7","6","41.938635608","-87.77020598","POINT (-87.770205980361 41.93863560847)"
"7b9096ad4ba8824fbb4990cc2f82d4b5144072c95e3e5f4140a17072779b0d2949c1b8b1149ed5a8db46e473e14baeec0c866c712c2aefc363458f9eecc44a0d",,"2024-06-29T11:22:00.000","35","NO CONTROLS","NO CONTROLS","CLEAR","DAYLIGHT","FIXED OBJECT","OTHER",,"STRAIGHT AND LEVEL","DRY","NO DEFECTS","ON SCENE","NO INJURY / DRIVE AWAY",,"Y",,"$500 OR LESS","2024-06-29T11:30:00.000","FOLLOWING TOO CLOSELY","FOLLOWING TOO CLOSELY","7001","S","STONY ISLAND AVE","332",,,,,,,"1","NO INDICATION OF INJURY","0","0","0","0","0","1","0","11","7","6","41.767797623","-87.585819918","POINT (-87.585819918232 41.767797623038)"
"fa482d0bd351c2750af3509fc429b51aa714cb7c3f6869cd137a218c6121edb62e0af95430ea8c35aa3d6a844e6e540bec736799e52fd54dae290c3d1fbe6e90",,"2024-06-29T11:20:00.000","30","NO CONTROLS","NO CONTROLS","CLEAR","DAYLIGHT","SIDESWIPE SAME DIRECTION","NOT DIVIDED",,"STRAIGHT AND LEVEL","DRY","NO DEFECTS","ON SCENE","INJURY AND / OR TOW DUE TO CRASH",,,,"OVER $1,500","2024-06-29T11:30:00.000","IMPROPER OVERTAKING/PASSING","NOT APPLICABLE","2250","N","GENEVA TER","1812",,,,,,,"2","NONINCAPACITATING INJURY","1","0","0","1","0","1","0","11","7","6","41.923422201","-87.643983962","POINT (-87.643983961659 41.923422200857)"
"53a13e703de5c1e17dc5c9d76c116e115d0bd0ca6db2178ff597ad41225d508663008675fa255a2c13e78e9e2ad3031663117e1de7283be98c923e9f3eb45f64",,"2024-06-29T11:15:00.000","15","NO CONTROLS","NO CONTROLS","CLEAR","DAYLIGHT","REAR TO SIDE","PARKING LOT",,"STRAIGHT AND LEVEL","DRY","NO DEFECTS","NOT ON SCENE (DESK REPORT)","NO INJURY / DRIVE AWAY",,"Y",,"OVER $1,500","2024-06-29T11:40:00.000","UNABLE TO DETERMINE","UNABLE TO DETERMINE","7068","S","SOUTH CHICAGO AVE","322",,,,,,,"2","NO INDICATION OF INJURY","0","0","0","0","0","2","0","11","7","6","41.766501374","-87.606670989","POINT (-87.606670989463 41.766501374296)"
"6372748e8d4f41e180b86f675a96621fbab7a1397a5c191cee3040d97ce8539848b9493e67f6c7346545d52d81b5a30bc6eba71c8915670198f2bbfd0df69121",,"2024-06-29T10:51:00.000","30","NO CONTROLS","NO CONTROLS","CLEAR","DAYLIGHT","REAR END","NOT DIVIDED",,"STRAIGHT AND LEVEL","DRY","OTHER","ON SCENE","NO INJURY / DRIVE AWAY",,,"Y","OVER $1,500","2024-06-29T10:54:00.000","FAILING TO REDUCE SPEED TO AVOID CRASH","DRIVING SKILLS/KNOWLEDGE/EXPERIENCE","600","N","KEDZIE AVE","1121",,,,,,,"2","NO INDICATION OF INJURY","0","0","0","0","0","4","0","10","7","6","41.891985011","-87.706595489","POINT (-87.706595488526 41.891985011206)"
"b5f51f1693e032f541596a1abe28a347d7ea626578a14efb38e8b025d2c6bc6e2c4b34f53e213a994dc6c0289a44cc387da1cf65f1e73bed7af4dddbc1772b0d",,"2024-06-29T10:50:00.000","30","TRAFFIC SIGNAL","FUNCTIONING PROPERLY","CLEAR","DAYLIGHT","TURNING","T-INTERSECTION",,"STRAIGHT AND LEVEL","DRY","UNKNOWN","ON SCENE","INJURY AND / OR TOW DUE TO CRASH","Y",,,"OVER $1,500","2024-06-29T10:53:00.000","IMPROPER LANE USAGE","IMPROPER TURNING/NO SIGNAL","300","W","MADISON ST","122",,,,,,,"2","REPORTED, NOT EVIDENT","1","0","0","0","1","4","0","10","7","6","41.882042644","-87.635386679","POINT (-87.635386678974 41.882042644219)"
"82c0b77a787704b478915f8d10963074f02018ac6d50387a013c5a0f867e7ab3fd09e7bf26b371ad2d3cf3388a96d40b47acf7d496715bd420897d37c9c42ccc","Y","2024-06-29T10:45:00.000","30","NO CONTROLS","NO CONTROLS","CLEAR","DAYLIGHT","REAR TO FRONT","NOT DIVIDED",,"STRAIGHT AND LEVEL","DRY","NO DEFECTS","NOT ON SCENE (DESK REPORT)","NO INJURY / DRIVE AWAY",,,,"OVER $1,500","2024-06-29T11:09:00.000","UNABLE TO DETERMINE","NOT APPLICABLE","1150","W","15TH ST","1232",,,,,,,"2","NO INDICATION OF INJURY","0","0","0","0","0","3","0","10","7","6","41.861723552","-87.65611608","POINT (-87.656116080096 41.861723551738)"
"ca2b2619cecd7f17cfaff8d7a76cef382666598e3e72dcf1eb9bf01ebb921b1661516f2d6a13adfeed8a3eb336b3030d170048cd98a599dabafd347fce67ca31",,"2024-06-29T10:17:00.000","30","TRAFFIC SIGNAL","FUNCTIONING PROPERLY","CLEAR","DAYLIGHT","TURNING","DIVIDED - W/MEDIAN (NOT RAISED)",,"STRAIGHT AND LEVEL","DRY","NO DEFECTS","NOT ON SCENE (DESK REPORT)","NO INJURY / DRIVE AWAY",,,,"$500 OR LESS","2024-06-29T11:00:00.000","UNABLE TO DETERMINE","UNABLE TO DETERMINE","11500","S","COTTAGE GROVE AVE","532",,,,,,,"2","NO INDICATION OF INJURY","0","0","0","0","0","2","0","10","7","6","41.68539921","-87.611247473","POINT (-87.611247473326 41.685399210486)"
"ef1453d42ebae899fee2339b728196d1fa20c88c90c07b891215ba810f4ac7968f257a41fffd1dd8c4eb9d45fd44d8aa434c3379f0aca38b24f34e65cab725f4",,"2024-06-29T10:15:00.000","30","NO CONTROLS","NO CONTROLS","OTHER","DAYLIGHT","REAR END","NOT REPORTED",,"STRAIGHT AND LEVEL","WET","NO DEFECTS","ON SCENE","INJURY AND / OR TOW DUE TO CRASH","Y",,,"$501 - $1,500","2024-06-29T10:16:00.000","FOLLOWING TOO CLOSELY","EQUIPMENT - VEHICLE CONDITION","1759","N","KEDZIE AVE","1421",,,,,,,"2","REPORTED, NOT EVIDENT","2","0","0","0","2","1","0","10","7","6","41.913630189","-87.706704575","POINT (-87.70670457516 41.913630188846)"
"8bf6a2cb848b43220c10d4be13d3348d94dab7908a6a41eadd20b51c50a8a08dcfbe1506b1e5e44b5399a2a6e776e5b0c273af65c594098df86c18d9e7f2ad41",,"2024-06-29T10:00:00.000","30","NO CONTROLS","NO CONTROLS","CLEAR","DAYLIGHT","TURNING","NOT DIVIDED",,"STRAIGHT AND LEVEL","UNKNOWN","UNKNOWN","NOT ON SCENE (DESK REPORT)","NO INJURY / DRIVE AWAY",,,,"OVER $1,500","2024-06-29T10:45:00.000","UNABLE TO DETERMINE","NOT APPLICABLE","2358","N","CLYBOURN AVE","1811",,,,,,,"2","NO INDICATION OF INJURY","0","0","0","0","0","2","0","10","7","6","41.924774594","-87.669015635","POINT (-87.669015635239 41.924774593572)"
"f00b491fa7a9ca8959c6458d784e19093f935d6d80c0be33a56f7b9a483f4cc865f75712bafd76ad9d4f571189f012d08e78e0dbb469ddbbbc1774150c17af37",,"2024-06-29T10:00:00.000","30","NO CONTROLS","NO CONTROLS","CLEAR","DAYLIGHT","PARKED MOTOR VEHICLE","NOT DIVIDED",,"STRAIGHT AND LEVEL","DRY","NO DEFECTS","ON SCENE","NO INJURY / DRIVE AWAY",,,"Y","OVER $1,500","2024-06-29T13:00:00.000","IMPROPER BACKING","FAILING TO REDUCE SPEED TO AVOID CRASH","6531","S","LOWE AVE","723",,,,,,,"2","NO INDICATION OF INJURY","0","0","0","0","0","1","0","10","7","6","41.77525733","-87.640603392","POINT (-87.640603392151 41.775257330488)"