"crash_record_id","crash_date_est_i","crash_date","posted_speed_limit","traffic_control_device","device_condition","weather_condition","lighting_condition","first_crash_type","trafficway_type","lane_cnt","alignment","roadway_surface_cond","road_defect","report_type","crash_type","intersection_related_i","private_property_i","hit_and_run_i","damage","date_police_notified","prim_contributory_cause","sec_contributory_cause","street_no","street_direction","street_name","beat_of_occurrence","photos_taken_i","statements_taken_i","dooring_i","work_zone_i","work_zone_type","workers_present_i","num_units","most_severe_injury","injuries_total","injuries_fatal","injuries_incapacitating","injuries_non_incapacitating","injuries_reported_not_evident","injuries_no_indication","injuries_unknown","crash_hour","crash_day_of_week","crash_month","latitude","longitude","location"
"9588a5468dfb7f4b516c7de926fc9672acef6674167be3033efc2a3fa8d37ebb8661ab2819c3e4b7316de56f83cab9ecf49ee3b62e7ec9e6e7297d249749fdd8",,"2024-06-29T09:50:00.000","30","NO CONTROLS","NO CONTROLS","CLEAR","DAYLIGHT","REAR END","PARKING LOT",,"STRAIGHT AND LEVEL","DRY","NO DEFECTS","ON SCENE","NO INJURY / DRIVE AWAY",,,,"OVER $1,500","2024-06-29T10:00:00.000","IMPROPER BACKING","IMPROPER BACKING","3900","W","MADISON ST","1122",,,,,,,"2","NO INDICATION OF INJURY","0","0","0","0","0","2","0","9","7","6","41.880865156","-87.723375968","POINT (-87.723375967751 41.880865155904)"
"bfe23850ab33e371916b26586f32b77b1117c1aaf63177bb8b95ce3e294ae20e48b36b5b13987c8101d9ab3ed39aa4dbe55f8f1d16be0661702341cd17b1f92a",,"2024-06-29T09:39:00.000","30","NO CONTROLS","NO CONTROLS","CLEAR","DAYLIGHT","PARKED MOTOR VEHICLE","NOT DIVIDED",,"STRAIGHT AND LEVEL","DRY","NO DEFECTS","NOT ON SCENE (DESK REPORT)","NO INJURY / DRIVE AWAY",,,"Y","OVER $1,500","2024-06-29T10:30:00.000","UNABLE TO DETERMINE","NOT APPLICABLE","4461","W","LAWRENCE AVE","1722",,,,,,,"2","NO INDICATION OF INJURY","0","0","0","0","0","1","0","9","7","6","41.967997011","-87.740311203","POINT (-87.740311203396 41.967997011117)"
"229a8cca76fba884063e2e1a89a7277b690db70747a3ce5d5e29411769282c7dc1f9e7cd6280d8cfce02c083450c55b4a7d3206f950e9cbc67e2f8f23edf1054",,"2024-06-29T09:30:00.000","30","TRAFFIC SIGNAL","FUNCTIONING PROPERLY","CLOUDY/OVERCAST","DAYLIGHT","PEDALCYCLIST","FOUR WAY",,"STRAIGHT AND LEVEL","DRY","NO DEFECTS","ON SCENE","NO INJURY / DRIVE AWAY",,,"Y","OVER $1,500","2024-06-29T09:30:00.000","DISREGARDING TRAFFIC SIGNALS","DRIVING SKILLS/KNOWLEDGE/EXPERIENCE","3110","W","ARMITAGE AVE","1414",,,,,,,"2","NO INDICATION OF INJURY","0","0","0","0","0","3","0","9","7","6","41.917518483","-87.705767776","POINT (-87.70576777646 41.917518483081)"
"e3fa947505724f3cb176a87438aad7fc3f22e79d4a94f00ec46f68e78a6aaff44a6d3712632f938354b2f0aef4245f6c44800e67120c3fbb5b51dd23c8a8e3d8",,"2024-06-29T09:20:00.000","30","STOP SIGN/FLASHER","FUNCTIONING PROPERLY","CLEAR","DAYLIGHT","TURNING","NOT DIVIDED",,"STRAIGHT AND LEVEL","DRY","NO DEFECTS","ON SCENE","NO INJURY / DRIVE AWAY","Y",,,"OVER $1,500","2024-06-29T09:20:00.000","FAILING TO YIELD RIGHT-OF-WAY","NOT APPLICABLE","5155","W","BERENICE AVE","1634",,,,,,,"2","NO INDICATION OF INJURY","0","0","0","0","0","3","0","9","7","6","41.950444705","-87.756791316","POINT (-87.756791315724 41.950444704836)"
"412c95040a8a0c30b710cde6a7dc8612a229fa4a2a10cd29cca8e01804e37d5796122a2b64a97ecc1d9a580fffd02eb57e332d17d2f2dbc5b7135eb3472b17fd",,"2024-06-29T09:12:00.000","30","UNKNOWN","UNKNOWN","UNKNOWN","UNKNOWN","SIDESWIPE SAME DIRECTION","NOT DIVIDED",,"STRAIGHT AND LEVEL","UNKNOWN","UNKNOWN","NOT ON SCENE (DESK REPORT)","NO INJURY / DRIVE AWAY",,,"Y","$501 - $1,500","2024-06-29T11:40:00.000","UNABLE TO DETERMINE","UNABLE TO DETERMINE","4900","S","KEDZIE AVE","821",,,,,,,"2","NO INDICATION OF INJURY","0","0","0","0","0","2","0","9","7","6","41.804325922","-87.704012636","POINT (-87.704012636283 41.804325921559)"
"99dc22d0181ce7f9001651be8ecf218033ff97aff913dd595f5a9f866b340c4a4ca6a43b2eb5d06dfcb429586fca33a50e52e0ee3a2dd33f1aa3d15fb423b249",,"2024-06-29T09:10:00.000","30","STOP SIGN/FLASHER","FUNCTIONING PROPERLY","SLEET/HAIL","DAYLIGHT","SIDESWIPE SAME DIRECTION","NOT DIVIDED",,"STRAIGHT AND LEVEL","WET","NO DEFECTS","ON SCENE","INJURY AND / OR TOW DUE TO CRASH",,,"Y","OVER $1,500","2024-06-29T09:28:00.000","FOLLOWING TOO CLOSELY","NOT APPLICABLE","4701","W","MADISON ST","1113",,,,,,,"2","REPORTED, NOT EVIDENT","1","0","0","0","1","1","0","9","7","6","41.880414548","-87.742950126","POINT (-87.742950126018 41.880414547613)"
"49a0540856129ee5e39249420947f898091585dc7771db8d96ae5e89eb652f0594a8dbec91e906ca6887b015a24fc215a5f0069120f71d4176bc6a31fb3cd665",,"2024-06-29T09:00:00.000","10","NO CONTROLS","NO CONTROLS","CLEAR","DAYLIGHT","REAR TO SIDE","PARKING LOT",,"STRAIGHT AND LEVEL","DRY","UNKNOWN","NOT ON SCENE (DESK REPORT)","NO INJURY / DRIVE AWAY",,,,"OVER $1,500","2024-06-29T13:15:00.000","FAILING TO YIELD RIGHT-OF-WAY","NOT APPLICABLE","5401","S","WENTWORTH AVE","225",,,,,,,"2","NO INDICATION OF INJURY","0","0","0","0","0","2","0","9","7","6","41.796234875","-87.630404924","POINT (-87.630404924387 41.796234875219)"
"96585e2a287358907b9006a645807ce2f23ba1b070784d0dabe774144bce29d7ad104f1193c88f7b4d828a98bde5cc7c8ce08d1dcbf6a4186d9da1c68d827ffb",,"2024-06-29T09:00:00.000","30","NO CONTROLS","FUNCTIONING PROPERLY","CLEAR","DAYLIGHT","PARKED MOTOR VEHICLE","ONE-WAY",,"STRAIGHT AND LEVEL","DRY","NO DEFECTS","NOT ON SCENE (DESK REPORT)","NO INJURY / DRIVE AWAY","N",,"Y","OVER $1,500","2024-06-29T10:30:00.000","UNABLE TO DETERMINE","UNABLE TO DETERMINE","2233","N","KEDZIE BLVD","1414","Y",,,,,,"2","NO INDICATION OF INJURY","0","0","0","0","0","1","0","9","7","6","41.922126146","-87.706988486","POINT (-87.706988485999 41.922126145916)"
"fecea45bcc3f7c8b642e1dfb0177d630818b1e0967e0ad19c910133fad78c6e0103189cf9efbc8b2809018fe44a5a065df22dc72db4ca1200c7c33875e1ce393","Y","2024-06-29T09:00:00.000","30","NO CONTROLS","NO CONTROLS","UNKNOWN","UNKNOWN","PARKED MOTOR VEHICLE","NOT DIVIDED",,"STRAIGHT AND LEVEL","UNKNOWN","NO DEFECTS","ON SCENE","NO INJURY / DRIVE AWAY",,,"Y","OVER $1,500","2024-06-29T09:30:00.000","UNABLE TO DETERMINE","NOT APPLICABLE","615","E","68TH ST","321",,,,,,,"2","NO INDICATION OF INJURY","0","0","0","0","0","1","0","9","7","6","41.77114266","-87.609920653","POINT (-87.609920653469 41.771142659767)"
"86740c611dde91c1a7038132af9909c99bb9f9ddeceb5cde29c9706682f35c3e45b062bd2f57598361d7ee111a0bd56dc78eb98e4d4135f30494672c0107474e",,"2024-06-29T08:38:00.000","30","TRAFFIC SIGNAL","UNKNOWN","CLEAR","DAYLIGHT","PARKED MOTOR VEHICLE","DIVIDED - W/MEDIAN (NOT RAISED)",,"STRAIGHT AND LEVEL","DRY","NO DEFECTS","ON SCENE","NO INJURY / DRIVE AWAY",,,,"OVER $1,500","2024-06-29T08:40:00.000","PHYSICAL CONDITION OF DRIVER","NOT APPLICABLE","1357","N","LARAMIE AVE","2533",,,,,,,"2","NO INDICATION OF INJURY","0","0","0","0","0","3","0","8","7","6","41.905729988","-87.755709029","POINT (-87.755709029134 41.905729987646)"
"39cedfe25b2c101b44c7738f01b6b655c531bd86b198d0077a55b7e60d427c835e8b04c0b66a11fdf70b2c62fde228e7d36c6dbf3820fd63ef45aab6f82e8a29",,"2024-06-29T08:25:00.000","30","TRAFFIC SIGNAL","FUNCTIONING PROPERLY","CLEAR","DAYLIGHT","REAR END","DIVIDED - W/MEDIAN (NOT RAISED)",,"STRAIGHT AND LEVEL","DRY","NO DEFECTS","ON SCENE","NO INJURY / DRIVE AWAY",,,,"OVER $1,500","2024-06-29T08:28:00.000","FAILING TO REDUCE SPEED TO AVOID CRASH","FOLLOWING TOO CLOSELY","1462","W","LAWRENCE AVE","2033",,,,,,,"2","NO INDICATION OF INJURY","0","0","0","0","0","2","0","8","7","6","41.969020234","-87.666996566","POINT (-87.666996565963 41.969020234251)"
"89adb4926aff06ad14b607f249842658b0d4be4a73e250cf268b3d2e117bebaf0d3f00336f6f305bc62b0d62e394df4b14dbfa1787abf1beb2ee0829ac54c4f6",,"2024-06-29T08:25:00.000","30","NO CONTROLS","NO CONTROLS","CLEAR","DAYLIGHT","PARKED MOTOR VEHICLE","NOT DIVIDED",,"STRAIGHT AND LEVEL","DRY","NO DEFECTS","ON SCENE","NO INJURY / DRIVE AWAY",,,"N","OVER $1,500","2024-06-29T08:28:00.000","NOT APPLICABLE","NOT APPLICABLE","2732","W","DEVON AVE","2412",,,,,,,"2","NO INDICATION OF INJURY","0","0","0","0","0","1","0","8","7","6","41.997689","-87.698494489","POINT (-87.698494488882 41.997688999575)"
"96f236543408b2f236a76cb0e4d1ba6188490a3d3af1d4cb5454eaacef6e87de0d5af903a1cf85c5cd9000c4fc394f501cc0cbdca29e35d5582753d14f4b6c39",,"2024-06-29T08:20:00.000","30","NO CONTROLS","NO CONTROLS","CLOUDY/OVERCAST","DAYLIGHT","REAR TO FRONT","NOT DIVIDED",,"STRAIGHT AND LEVEL","DRY","NO DEFECTS","ON SCENE","NO INJURY / DRIVE AWAY",,,,"$501 - $1,500","2024-06-29T08:30:00.000","IMPROPER BACKING","NOT APPLICABLE","1136","E","83RD ST","411",,,,,,,"2","NO INDICATION OF INJURY","0","0","0","0","0","2","0","8","7","6","41.744183931","-87.596256354","POINT (-87.596256354418 41.744183930777)"
"db1bf1a6d0a5211416ebf9cdf5ebc947783de49044a032c7e7530ac8a880a5866721f0a695852ce4f23500bea3f4ddd6a4c7ea48ab674144e6151863afbee987",,"2024-06-29T08:20:00.000","25","NO CONTROLS","NO CONTROLS","CLEAR","DAYLIGHT","TURNING","DIVIDED - W/MEDIAN (NOT RAISED)",,"STRAIGHT AND LEVEL","DRY","NO DEFECTS","NOT ON SCENE (DESK REPORT)","INJURY AND / OR TOW DUE TO CRASH",,,,"OVER $1,500","2024-06-29T20:00:00.000","UNABLE TO DETERMINE","NOT APPLICABLE","9419","S","ASHLAND AVE","2221",,,,,,,"2","REPORTED, NOT EVIDENT","1","0","0","0","1","1","0","8","7","6","41.722436911","-87.662557266","POINT (-87.662557265733 41.722436910696)"
"433dc7d3da6b01860d90f58ebab5163f46d70194d4b312895d09a3ba6c614514f4d0c23530d6439a642a8211f4d23a96d76d5d49a5b2c1f182d729de1701a108",,"2024-06-29T08:12:00.000","30","TRAFFIC SIGNAL","FUNCTIONING PROPERLY","CLEAR","DAYLIGHT","TURNING","NOT DIVIDED",,"STRAIGHT AND LEVEL","WET","NO DEFECTS","ON SCENE","NO INJURY / DRIVE AWAY","N",,,"OVER $1,500","2024-06-29T08:14:00.000","IMPROPER TURNING/NO SIGNAL","NOT APPLICABLE","3201","W","31ST ST","1032",,,,,,,"2","NO INDICATION OF INJURY","0","0","0","0","0","3","0","8","7","6","41.837120093","-87.704940511","POINT (-87.704940510714 41.837120093358)"
"e00079255bf1dbdc6461675ad7887ba8d263f86769ca6b8952cd6e2c42077a5deeba140459c31ca1018c3fd196f6457e992d75fa651440efb88a971ee518d315",,"2024-06-29T08:00:00.000","20","NO CONTROLS","NO CONTROLS","CLEAR","DAYLIGHT","FIXED OBJECT","DIVIDED - W/MEDIAN BARRIER",,"CURVE, LEVEL","WET","NO DEFECTS","ON SCENE","INJURY AND / OR TOW DUE TO CRASH",,,,"OVER $1,500","2024-06-29T08:03:00.000","FAILING TO REDUCE SPEED TO AVOID CRASH","UNABLE TO DETERMINE","1000","N","LAKE SHORE DR SB","1824",,,,,,,"1","NONINCAPACITATING INJURY","1","0","0","1","0","0","0","8","7","6","41.900958919","-87.619928174","POINT (-87.619928173678 41.900958919109)"
"89e69bb5a1597e5abfdde7345010be331d64315df6d6111f40d6760c3c4815743aa62568ccc3127bec1cdb33d0f4edc80d04de3797003c291346f0c44bb1df21",,"2024-06-29T07:55:00.000","25","NO CONTROLS","NO CONTROLS","CLEAR","DAYLIGHT","ANGLE","NOT DIVIDED",,"STRAIGHT AND LEVEL","DRY","NO DEFECTS","ON SCENE","NO INJURY / DRIVE AWAY",,,,"OVER $1,500","2024-06-29T07:58:00.000","FAILING TO YIELD RIGHT-OF-WAY","UNABLE TO DETERMINE","5843","S","ST LOUIS AVE","822",,,,,,,"2","NO INDICATION OF INJURY","0","0","0","0","0","7","0","7","7","6","41.786619733","-87.71056842","POINT (-87.710568419513 41.786619733349)"
"4dc42f401b42af2580b1b5c76850059a643271e28af4021db47fdaa2bdb42c20fd4872b3f2e8340cdf2993feae7c58fc4e39723672dfd23223eab97e22c9b07d",,"2024-06-29T07:49:00.000","30","TRAFFIC SIGNAL","FUNCTIONING PROPERLY","CLEAR","DAYLIGHT","REAR END","NOT DIVIDED",,"STRAIGHT AND LEVEL","DRY","NO DEFECTS","ON SCENE","NO INJURY / DRIVE AWAY",,,"Y","OVER $1,500","2024-06-29T07:53:00.000","UNABLE TO DETERMINE","UNABLE TO DETERMINE","100","E","51ST ST","224",,,,,,,"2","NO INDICATION OF INJURY","0","0","0","0","0","2","0","7","7","6","41.802111715","-87.622570837","POINT (-87.622570836888 41.802111715045)"
"cd91718f9268089d0eb3c8fed100b4d2b25e65633f6c180ab261969049375de8ff5b4801b0837cb202c39e0058aeab2ff217ab65529cdd83967578ddfb1261d4",,"2024-06-29T07:30:00.000","30","NO CONTROLS","FUNCTIONING PROPERLY","CLEAR","DAYLIGHT","SIDESWIPE SAME DIRECTION","DIVIDED - W/MEDIAN BARRIER",,"STRAIGHT AND LEVEL","DRY","NO DEFECTS","ON SCENE","NO INJURY / DRIVE AWAY",,,"Y","OVER $1,500","2024-06-29T10:16:00.000","UNABLE TO DETERMINE","NOT APPLICABLE","646","E","81ST ST","631",,,,,,,"3","NO INDICATION OF INJURY","0","0","0","0","0","3","0","7","7","6","41.747688357","-87.608125967","POINT (-87.608125966596 41.747688356793)"
"19f5fce9e2311751ac57486bbd66a509471c8edefaefd8ca17f1f4ae007d03363169a967be71c20a047ade74836fb5b966dab954fd38be4a7d38fcd2711e9a0b","Y","2024-06-29T07:28:00.000","35","NO CONTROLS","NO CONTROLS","UNKNOWN","UNKNOWN","PARKED MOTOR VEHICLE","NOT DIVIDED",,"STRAIGHT AND LEVEL","UNKNOWN","UNKNOWN","ON SCENE","NO INJURY / DRIVE AWAY",,,"Y","OVER $1,500","2024-06-29T07:30:00.000","UNABLE TO DETERMINE","UNABLE TO DETERMINE","7035","W","BELMONT AVE","2511",,,,,,,"2","NO INDICATION OF INJURY","0","0","0","0","0","1","0","7","7","6","41.937947664","-87.802530208","POINT (-87.802530208167 41.937947664149)"
"28e5149e2dd7fe7900d3ef637ac6f3d09128f9a02cca972a808d78b6013e9e1a3d081b5793b0f2026430dc39ff25eccfe649e87509a4cb899bb572b27ea636da",,"2024-06-29T07:00:00.000","20","NO CONTROLS","NO CONTROLS","CLEAR","DAYLIGHT","REAR END","DIVIDED - W/MEDIAN BARRIER",,"CURVE, LEVEL","WET","NO DEFECTS","ON SCENE","INJURY AND / OR TOW DUE TO CRASH",,,,"OVER $1,500","2024-06-29T07:15:00.000","FAILING TO REDUCE SPEED TO AVOID CRASH","UNABLE TO DETERMINE","1000","N","LAKE SHORE DR NB","1824",,,,,,,"2","NONINCAPACITATING INJURY","1","0","0","1","0","1","0","7","7","6","41.900958919","-87.619928174","POINT (-87.619928173678 41.900958919109)"
"bf8bf8bed035913007fda354450a1ef5903ef012162c672574871ebcbc092bb3a0d9c04fe4058b004c5a63de5dca9cabceec9e624b1980ab8b65c5f8e8c566cf",,"2024-06-29T06:59:00.000","25","NO CONTROLS","NO CONTROLS","CLEAR","DAYLIGHT","REAR END","DIVIDED - W/MEDIAN BARRIER",,"CURVE, LEVEL","WET","NO DEFECTS","ON SCENE","INJURY AND / OR TOW DUE TO CRASH",,,,"$501 - $1,500","2024-06-29T07:45:00.000","FOLLOWING TOO CLOSELY","NOT APPLICABLE","1000","N","LAKE SHORE DR NB","1824",,,,,,,"2","NO INDICATION OF INJURY","0","0","0","0","0","2","0","6","7","6","41.900958919","-87.619928174","POINT (-87.619928173678 41.900958919109)"
"76428be6d7d077b1e7a6ab548c5340770742314d8f04bdf2b8e7194afe666f4127ec813a56323af7f655602bdcc55257519f88feedde3c6a4319698250309720",,"2024-06-29T06:57:00.000","40","NO CONTROLS","NO CONTROLS","CLEAR","DAYLIGHT","FIXED OBJECT","DIVIDED - W/MEDIAN BARRIER",,"CURVE, LEVEL","WET","NO DEFECTS","ON SCENE","INJURY AND / OR TOW DUE TO CRASH",,,,"OVER $1,500","2024-06-29T06:57:00.000","UNABLE TO DETERMINE","UNABLE TO DETERMINE","1000","N","LAKE SHORE DR NB","1824",,,,,,,"1","NONINCAPACITATING INJURY","1","0","0","1","0","0","0","6","7","6","41.900958919","-87.619928174","POINT (-87.619928173678 41.900958919109)"
"80631394d46d671e4c5db6b5acec09c274655ec835a5c0fa81994f0a49ad5a2a15776f050b0244df7e8883bff347fcb61bff2b9fd735e298b11ad8922763cb0b",,"2024-06-29T06:40:00.000","30","NO CONTROLS","NO CONTROLS","CLEAR","DAYLIGHT","REAR END","ONE-WAY",,"STRAIGHT AND LEVEL","DRY","NO DEFECTS","ON SCENE","NO INJURY / DRIVE AWAY",,,,"OVER $1,500","2024-06-29T06:50:00.000","FOLLOWING TOO CLOSELY","UNABLE TO DETERMINE","2","W","OHARE ST","1654",,,,,,,"2","NO INDICATION OF INJURY","0","0","0","0","0","2","0","6","7","6",,,
"7b01ad350570725d3d264991c9b3753d924e32936d567d21a77d7ff3220bd1ea2acebfec51e9d060b642c65c8f9bee4e41b2c7854c7b98656f15aa7802f3bb8b",,"2024-06-29T06:04:00.000","30","STOP SIGN/FLASHER","FUNCTIONING PROPERLY","CLOUDY/OVERCAST","DAYLIGHT","REAR END","DIVIDED - W/MEDIAN (NOT RAISED)",,"STRAIGHT AND LEVEL","DRY","NO DEFECTS","NOT ON SCENE (DESK REPORT)","NO INJURY / DRIVE AWAY",,,"Y","$501 - $1,500","2024-06-29T06:30:00.000","UNABLE TO DETERMINE","UNABLE TO DETERMINE","1400","S","HALSTED ST","1232",,,,,,,"2","NO INDICATION OF INJURY","0","0","0","0","0","2","0","6","7","6","41.863525141","-87.646956675","POINT (-87.646956674734 41.863525140538)"
"ef1651cb29d015d215356be1aaab3813e1ca7d6d9d0ac86df5f4513221cfc6998197b7a8b584630393c4104a060677ac680e41a1c750d140aa64ce6a60d0725a",,"2024-06-29T06:00:00.000","25","NO CONTROLS","NO CONTROLS","CLEAR","DAYLIGHT","PARKED MOTOR VEHICLE","ONE-WAY",,"STRAIGHT AND LEVEL","DRY","NO DEFECTS","ON SCENE","INJURY AND / OR TOW DUE TO CRASH",,,,"OVER $1,500","2024-06-29T06:38:00.000","PHYSICAL CONDITION OF DRIVER","NOT APPLICABLE","8339","S","ESSEX AVE","423",,,,,,,"3","NO INDICATION OF INJURY","0","0","0","0","0","1","0","6","7","6","41.743332172","-87.563528608","POINT (-87.56352860751 41.743332172061)"
"1e767bd737e5eb311507b0872f96b82e21ba796d3e90cdb8fd65bffdcfa57bdc7fdb1f7d205366ae949510bea9783d126cd2b1a765835ad9b81312c8ee0949cf",,"2024-06-29T05:36:00.000","30","NO CONTROLS","NO CONTROLS","CLOUDY/OVERCAST","DAYLIGHT","PARKED MOTOR VEHICLE","NOT DIVIDED",,"STRAIGHT AND LEVEL","WET","NO DEFECTS","ON SCENE","INJURY AND / OR TOW DUE TO CRASH",,,,"OVER $1,500","2024-06-29T05:36:00.000","UNABLE TO DETERMINE","UNABLE TO DETERMINE","6142","S","DR MARTIN LUTHER KING JR DR","311",,"Y",,,,,"3","REPORTED, NOT EVIDENT","1","0","0","0","1","2","0","5","7","6","41.782722452","-87.615833658","POINT (-87.615833658378 41.782722451801)"
"bf3526438ce2d9a5936993a640427313ee6a4b68c4f888e40617a03868cc6257d9b8f9dbbbbe28e9bd62f75bf9d1518c5566ab81c6a39b6b45a671ab0c3d5652",,"2024-06-29T04:50:00.000","30","TRAFFIC SIGNAL","FUNCTIONING PROPERLY","CLEAR","DUSK","REAR END","NOT DIVIDED",,"STRAIGHT AND LEVEL","DRY","NO DEFECTS",,"INJURY AND / OR TOW DUE TO CRASH",,,"Y","OVER $1,500","2024-06-29T04:51:00.000","UNABLE TO DETERMINE","UNABLE TO DETERMINE","4500","W","CHICAGO AVE","1111",,,,,,,"2","NONINCAPACITATING INJURY","2","0","0","2","0","1","0","4","7","6","41.895248307","-87.738516456","POINT (-87.738516456106 41.895248307451)"
"02533113c6f758f0b9d57eb0b41c095b099ad622a0b7017df39d867adc8205f56b8de26009bcdafaab43eef16cdde97785ec449219f3184ecfea076e45632d75",,"2024-06-29T03:50:00.000","15","NO CONTROLS","NO CONTROLS","CLEAR","DARKNESS, LIGHTED ROAD","FIXED OBJECT","ONE-WAY",,"CURVE ON GRADE","WET","NO DEFECTS","ON SCENE","NO INJURY / DRIVE AWAY",,,,"$500 OR LESS","2024-06-29T03:52:00.000","UNABLE TO DETERMINE","UNABLE TO DETERMINE","10000","W","OHARE ST","1651",,,,,,,"1","NO INDICATION OF INJURY","0","0","0","0","0","1","0","3","7","6","41.976201139","-87.905309125","POINT (-87.905309125103 41.976201139024)"
"807e6feca6bf09d3ba826c9ce291aa25c22f49c44bff6f5036a57aa5a742ace0c9238b631dcca84d7a0cb69534fa5faa4f3222fa0ec192583aaa7609a8249e4d",,"2024-06-29T03:42:00.000","30","NO CONTROLS","NO CONTROLS","RAIN","DARKNESS, LIGHTED ROAD","PARKED MOTOR VEHICLE","DIVIDED - W/MEDIAN (NOT RAISED)",,"STRAIGHT AND LEVEL","WET","UNKNOWN","ON SCENE","INJURY AND / OR TOW DUE TO CRASH",,,,"OVER $1,500","2024-06-29T03:46:00.000","PHYSICAL CONDITION OF DRIVER","NOT APPLICABLE","2908","N","KIMBALL AVE","1412",,,,,,,"3","INCAPACITATING INJURY","1","0","1","0","0","0","0","3","7","6","41.934585682","-87.712503615","POINT (-87.712503615232 41.934585681691)"
"ba8b26a6b8296674d07353d1a19e9828becf8c6b6d5e1b6247d3740f3bdeea4fe3ebd056c764f53c307bbc45e5fc2b19e098ebb77ffadfad3d5d115e31c7c490",,"2024-06-29T03:40:00.000","40","NO CONTROLS","NO CONTROLS","RAIN","DARKNESS, LIGHTED ROAD","REAR END","NOT DIVIDED",,"STRAIGHT AND LEVEL","WET","NO DEFECTS","ON SCENE","INJURY AND / OR TOW DUE TO CRASH",,,,"OVER $1,500","2024-06-29T03:40:00.000","WEATHER","FAILING TO REDUCE SPEED TO AVOID CRASH","1000","N","LAKE SHORE DR SB","1824",,"Y",,,,,"2","NO INDICATION OF INJURY","0","0","0","0","0","3","0","3","7","6","41.900958919","-87.619928174","POINT (-87.619928173678 41.900958919109)"
"8fa1fe0191e3b3c389b65425f6cd86f0467b254484814acef3b182d118571be5c3188754100ed709647d7b3257761e869c97235ceea2a89903cebd6efd78d9cd",,"2024-06-29T03:30:00.000","30","NO CONTROLS","NO CONTROLS","UNKNOWN","DARKNESS, LIGHTED ROAD","PEDESTRIAN","NOT DIVIDED",,"STRAIGHT AND LEVEL","UNKNOWN","UNKNOWN","ON SCENE","INJURY AND / OR TOW DUE TO CRASH",,,"Y","$500 OR LESS","2024-06-29T03:36:00.000","UNABLE TO DETERMINE","NOT APPLICABLE","6800","S","PAXTON AVE","331",,,,,,,"2","REPORTED, NOT EVIDENT","1","0","0","0","1","1","0","3","7","6","41.771585736","-87.571704121","POINT (-87.571704120658 41.771585735914)"
"547e31614b9558d3ee5f95b1e6fd21caf5b89d2c3d55dbde2e0e2cfdb9667f6e47a594efd564bae6381accc9ec8c1fd408f8cb192f58de66fbc5d13fd770b0bd","N","2024-06-29T03:15:00.000","35","TRAFFIC SIGNAL","FUNCTIONING PROPERLY","RAIN","DARKNESS, LIGHTED ROAD","REAR END","DIVIDED - W/MEDIAN BARRIER",,"STRAIGHT AND LEVEL","WET","NO DEFECTS","ON SCENE","INJURY AND / OR TOW DUE TO CRASH",,,,"OVER $1,500","2024-06-29T03:17:00.000","WEATHER","WEATHER","10000","W","OHARE ST","1651",,,,,,,"3","NO INDICATION OF INJURY","0","0","0","0","0","7","0","3","7","6","41.976201139","-87.905309125","POINT (-87.905309125103 41.976201139024)"
"004373c5dddd5933c0ec954503c1313892450ecdfcf6a59011ac87d1698a1f0600eb7c093a1451e6fc35d79c5c96f6d36fe0523b2d60597ffec173bf9fbcc403",,"2024-06-29T03:10:00.000","30","TRAFFIC SIGNAL","FUNCTIONING PROPERLY","RAIN","DARKNESS, LIGHTED ROAD","FIXED OBJECT","NOT DIVIDED",,"STRAIGHT AND LEVEL","WET","UNKNOWN",,"INJURY AND / OR TOW DUE TO CRASH",,"Y","Y","OVER $1,500","2024-06-29T03:20:00.000","FAILING TO REDUCE SPEED TO AVOID CRASH","NOT APPLICABLE","3158","W","MONTROSE AVE","1724",,,,,,,"1","NO INDICATION OF INJURY","0","0","0","0","0","1","0","3","7","6","41.961296921","-87.708188233","POINT (-87.708188233219 41.961296920865)"
"7bbbbc3c75d6f1f0efdc614440d0660eace9f7d44328256c9a167a6bcddfbd60ff9985451bfe73307292532cb0078502b08cdb796026e827b942e9694f8517c8",,"2024-06-29T03:08:00.000","30","NO CONTROLS","NO CONTROLS","RAIN","DARKNESS, LIGHTED ROAD","PEDESTRIAN","FOUR WAY",,"STRAIGHT AND LEVEL","WET","UNKNOWN","ON SCENE","INJURY AND / OR TOW DUE TO CRASH",,,"Y","OVER $1,500","2024-06-29T03:08:00.000","UNABLE TO DETERMINE","UNABLE TO DETERMINE","6159","S","ASHLAND AVE","713",,,,,,,"2","INCAPACITATING INJURY","1","0","1","0","0","1","0","3","7","6","41.781386858","-87.664117645","POINT (-87.664117645307 41.781386857531)"
"878ac033eea3a5fc020ddea5b6eaefdb0195e1b49de5f8532e986730751fc036d16b0cabd766296e42c42ae1affef74511854981ccce77a7b6656a3e7f1786ac",,"2024-06-29T03:04:00.000","35","TRAFFIC SIGNAL","FUNCTIONING PROPERLY","RAIN","DARKNESS, LIGHTED ROAD","ANGLE","ONE-WAY",,"STRAIGHT AND LEVEL","WET","NO DEFECTS","ON SCENE","INJURY AND / OR TOW DUE TO CRASH","Y",,"Y","OVER $1,500","2024-06-29T04:30:00.000","DISREGARDING TRAFFIC SIGNALS","DISREGARDING TRAFFIC SIGNALS","800","W","GARFIELD BLVD","934",,,,,,,"2","NONINCAPACITATING INJURY","2","0","0","2","0","1","0","3","7","6","41.794410114","-87.645284675","POINT (-87.645284674705 41.794410114413)"