"crash_record_id","crash_date_est_i","crash_date","posted_speed_limit","traffic_control_device","device_condition","weather_condition","lighting_condition","first_crash_type","trafficway_type","lane_cnt","alignment","roadway_surface_cond","road_defect","report_type","crash_type","intersection_related_i","private_property_i","hit_and_run_i","damage","date_police_notified","prim_contributory_cause","sec_contributory_cause","street_no","street_direction","street_name","beat_of_occurrence","photos_taken_i","statements_taken_i","dooring_i","work_zone_i","work_zone_type","workers_present_i","num_units","most_severe_injury","injuries_total","injuries_fatal","injuries_incapacitating","injuries_non_incapacitating","injuries_reported_not_evident","injuries_no_indication","injuries_unknown","crash_hour","crash_day_of_week","crash_month","latitude","longitude","location"
"097f93fef5597123a72c202454eb4d60964b4769d9516f0ce5ea776571c11d43e96ef0b3d8642eb8b709e4085ce46b144c9140fd6724e00107dd1d4d3be76f94",,"2024-06-29T02:59:00.000","30","NO CONTROLS","NO CONTROLS","RAIN","DARKNESS, LIGHTED ROAD","PARKED MOTOR VEHICLE","ONE-WAY",,"STRAIGHT AND LEVEL","WET","NO DEFECTS","ON SCENE","INJURY AND / OR TOW DUE TO CRASH",,,"Y","OVER $1,500","2024-06-29T03:08:00.000","NOT APPLICABLE","NOT APPLICABLE","4500","N","SPAULDING AVE","1724",,,,,,,"4","NO INDICATION OF INJURY","0","0","0","0","0","1","0","2","7","6","41.963067104","-87.71090043","POINT (-87.710900430299 41.963067104303)"
"5eac7f26713d00034b7be115f75b504df505259b33110ac7855927e34424e4bdfd0bdbca8ecf963e12cd2f5dcd648b4fd516668c9d3219107fe4a052b217adf0",,"2024-06-29T02:45:00.000","30","TRAFFIC SIGNAL","FUNCTIONING PROPERLY","CLEAR","DARKNESS, LIGHTED ROAD","REAR END","FOUR WAY",,"STRAIGHT AND LEVEL","WET","NO DEFECTS","NOT ON SCENE (DESK REPORT)","NO INJURY / DRIVE AWAY","Y",,"Y","$501 - $1,500","2024-06-29T03:10:00.000","IMPROPER OVERTAKING/PASSING","IMPROPER OVERTAKING/PASSING","1600","N","LA SALLE DR","1814",,,,,,,"2","NO INDICATION OF INJURY","0","0","0","0","0","2","0","2","7","6","41.911249656","-87.633300248","POINT (-87.633300248411 41.911249656053)"
"d7ba7bb0e9743a48855caaae43aa7b24075fac0569551fc5e008ae43bbeb8cf3916f26e1b2de4163594908a57e6871c03872973b36cf54d57c8fa58778cbdfc6",,"2024-06-29T02:45:00.000","40","OTHER WARNING SIGN","FUNCTIONING PROPERLY","RAIN","DARKNESS, LIGHTED ROAD","SIDESWIPE SAME DIRECTION","DIVIDED - W/MEDIAN BARRIER",,"STRAIGHT AND LEVEL","WET","NO DEFECTS","ON SCENE","NO INJURY / DRIVE AWAY",,,,"OVER $1,500","2024-06-29T02:47:00.000","FAILING TO REDUCE SPEED TO AVOID CRASH","WEATHER","1002","N","LAKE SHORE DR SB","1824",,,,,,,"2","NO INDICATION OF INJURY","0","0","0","0","0","2","0","2","7","6","41.901033245","-87.62009763","POINT (-87.620097629984 41.901033245161)"
"57117ee976dea338f1ace25ea8e754ddcfb93011257225f0b454c7f8aad0aac8f8db1eb174991666e8ceea9aad8d4dd9b2ed481df2d0f12a72ae05316df7de97",,"2024-06-29T02:15:00.000","25","STOP SIGN/FLASHER","FUNCTIONING PROPERLY","CLEAR","DARKNESS, LIGHTED ROAD","PARKED MOTOR VEHICLE","NOT DIVIDED",,"STRAIGHT AND LEVEL","WET","NO DEFECTS","ON SCENE","INJURY AND / OR TOW DUE TO CRASH",,,,"OVER $1,500","2024-06-29T03:00:00.000","UNABLE TO DETERMINE","UNABLE TO DETERMINE","7000","S","MARSHFIELD AVE","735",,,,,,,"2","NO INDICATION OF INJURY","0","0","0","0","0","1","0","2","7","6","41.766622841","-87.665225106","POINT (-87.66522510554 41.76662284078)"
"1407e85e7585e1973d1cdd718bcded93304eccb5ff6bea276683bb97655449ba1df14290682a80949affee8657bf17b1b3f30319721bd7e914679399fb12d5c1",,"2024-06-29T02:00:00.000","30","NO CONTROLS","NO CONTROLS","CLEAR","DARKNESS, LIGHTED ROAD","PARKED MOTOR VEHICLE","DIVIDED - W/MEDIAN (NOT RAISED)",,"STRAIGHT AND LEVEL","UNKNOWN","UNKNOWN","NOT ON SCENE (DESK REPORT)","INJURY AND / OR TOW DUE TO CRASH",,,"Y","OVER $1,500","2024-06-29T14:30:00.000","UNABLE TO DETERMINE","NOT APPLICABLE","4112","W","ADDISON ST","1732",,,,,,,"2","NO INDICATION OF INJURY","0","0","0","0","0","1","0","2","7","6","41.946454471","-87.729721076","POINT (-87.729721075566 41.946454470967)"
"ad8fe7a632dfa84f17dea0ae56ef968c59dabca988fca9ec7ad8559423e8fca3ba62f25a5eedecf0e7ba20e66eeabc44d4e4e4e5025a9cf62b6ada0244110745","Y","2024-06-29T02:00:00.000","30","NO CONTROLS","NO CONTROLS","CLEAR","DARKNESS, LIGHTED ROAD","PARKED MOTOR VEHICLE","ONE-WAY",,"STRAIGHT AND LEVEL","WET","NO DEFECTS","NOT ON SCENE (DESK REPORT)","NO INJURY / DRIVE AWAY",,,"Y","OVER $1,500","2024-06-29T14:20:00.000","UNABLE TO DETERMINE","NOT APPLICABLE","5616","S","MICHIGAN AVE","225",,,,,,,"2","NO INDICATION OF INJURY","0","0","0","0","0","1","0","2","7","6","41.792354775","-87.622549994","POINT (-87.622549994382 41.792354775266)"
"1149ea2a9ecead07398555677bfbee0f5bbc1cfa5480ffa8829fee784ddd8ffdd9cb56477ed41cff4e3bd0578268d074a1a19ccb940d32bffcc90a19ee95aa08",,"2024-06-29T01:51:00.000","30","NO CONTROLS","NO CONTROLS","RAIN","DAYLIGHT","FIXED OBJECT","NOT DIVIDED",,"STRAIGHT AND LEVEL","WET","UNKNOWN","ON SCENE","INJURY AND / OR TOW DUE TO CRASH",,,,"OVER $1,500","2024-06-29T01:52:00.000","NOT APPLICABLE","NOT APPLICABLE","1350","S","WESTERN AVE","1023",,,,,,,"1","INCAPACITATING INJURY","2","0","1","1","0","0","0","1","7","6","41.863274869","-87.686091231","POINT (-87.68609123088 41.863274868899)"
"a30ef274f87b6d28675d5890fee7b66204827e928964b8531875df635d499a899832526032db901fa68e0491a5c07e214fa571ca2dfa1cce67f186e35df0c71e",,"2024-06-29T01:44:00.000","30","NO CONTROLS","NO CONTROLS","CLEAR","DARKNESS, LIGHTED ROAD","TURNING","NOT DIVIDED",,"STRAIGHT AND LEVEL","DRY","NO DEFECTS","ON SCENE","INJURY AND / OR TOW DUE TO CRASH",,,,"$501 - $1,500","2024-06-29T01:51:00.000","UNABLE TO DETERMINE","NOT APPLICABLE","10300","S","HALSTED ST","2232","N",,,,,,"2","REPORTED, NOT EVIDENT","1","0","0","0","1","1","0","1","7","6","41.706823337","-87.642977469","POINT (-87.642977469284 41.706823336585)"
"238d2a8b3e74195b746df2252fe0b29fa819959d02d9cf4d278bc77958a6ced85f35096095d82e12474deaa5170a43c1c880f40d4c3d32efa22bcf0c9ed88057",,"2024-06-29T01:42:00.000","30","NO CONTROLS","NO CONTROLS","RAIN","DARKNESS, LIGHTED ROAD","PARKED MOTOR VEHICLE","NOT DIVIDED",,"STRAIGHT AND LEVEL","WET","NO DEFECTS","ON SCENE","INJURY AND / OR TOW DUE TO CRASH",,,"Y","OVER $1,500","2024-06-29T01:42:00.000","UNABLE TO DETERMINE","NOT APPLICABLE","5304","S","WESTERN AVE","923",,,,,,,"3","NO INDICATION OF INJURY","0","0","0","0","0","1","0","1","7","6","41.79728429","-87.684270306","POINT (-87.684270306345 41.797284289537)"
"c66f79269fedfe7fdbd42a0bc25480ed8d623016a51f3841722d9c8ebe142041f6078ff00b598ee95c206841f9deed435c3c3273dd3969d1cf3732712564dca7",,"2024-06-29T01:39:00.000","30","NO CONTROLS","NO CONTROLS","RAIN","DARKNESS, LIGHTED ROAD","SIDESWIPE SAME DIRECTION","NOT DIVIDED",,"STRAIGHT AND LEVEL","WET","NO DEFECTS","ON SCENE","INJURY AND / OR TOW DUE TO CRASH",,,,"OVER $1,500","2024-06-29T01:42:00.000","IMPROPER OVERTAKING/PASSING","NOT APPLICABLE","5304","S","WESTERN AVE","923",,,,,,,"3","NONINCAPACITATING INJURY","1","0","0","1","0","1","0","1","7","6","41.79728429","-87.684270306","POINT (-87.684270306345 41.797284289537)"
"ff8a8d1f5e227669d7b2de8c1e7a07a92ac510ba12a9fdff1b069ef73c76a99f32249802b98fb0cef2d1a8dbcc12375fbac9e4f42bdd10b33475a8c8a4706016",,"2024-06-29T01:30:00.000","30","NO CONTROLS","NO CONTROLS","CLEAR","DAYLIGHT","PARKED MOTOR VEHICLE","NOT DIVIDED",,"STRAIGHT AND LEVEL","DRY","NO DEFECTS","NOT ON SCENE (DESK REPORT)","NO INJURY / DRIVE AWAY",,,"Y","OVER $1,500","2024-06-29T02:45:00.000","UNABLE TO DETERMINE","UNABLE TO DETERMINE","5132","W","FULTON ST","1532",,,,,,,"2","NO INDICATION OF INJURY","0","0","0","0","0","1","0","1","7","6","41.885764654","-87.754181247","POINT (-87.754181247295 41.885764653703)"
"aedd6c6449380f8c5a4eca6f74d39f7e9f84a5e2886bf29e53844429d2f075393f5c028a37043ebb42abed4fee6aa9de8790ecab45e66b942b4c89a5584dc6a3",,"2024-06-29T01:12:00.000","30","TRAFFIC SIGNAL","FUNCTIONING PROPERLY","RAIN","DARKNESS, LIGHTED ROAD","ANGLE","FOUR WAY",,"STRAIGHT AND LEVEL","WET","UNKNOWN","ON SCENE","INJURY AND / OR TOW DUE TO CRASH","Y",,,"OVER $1,500","2024-06-29T01:12:00.000","DISREGARDING TRAFFIC SIGNALS","NOT APPLICABLE","3400","W","MONTROSE AVE","1723",,,,,,,"6","NONINCAPACITATING INJURY","2","0","0","2","0","0","0","1","7","6","41.961238465","-87.713199375","POINT (-87.713199374979 41.961238465013)"
"414028a3c3ccf0df5bf74535b1936c7e36ad78309adbc6fef083eef351f223f23e534eaf56350e0d9957682591e629cbf0e7bbc5cbeeaa5bf9d5b4b8418001c2",,"2024-06-29T01:00:00.000","30","NO CONTROLS","NO CONTROLS","RAIN","DARKNESS, LIGHTED ROAD","FIXED OBJECT","DIVIDED - W/MEDIAN (NOT RAISED)",,"STRAIGHT AND LEVEL","WET","NO DEFECTS","ON SCENE","INJURY AND / OR TOW DUE TO CRASH",,,,"OVER $1,500","2024-06-29T01:08:00.000","UNABLE TO DETERMINE","NOT APPLICABLE","4534","N","CUMBERLAND AVE","1614",,,,,,,"1","NO INDICATION OF INJURY","0","0","0","0","0","4","0","1","7","6","41.962349974","-87.836841033","POINT (-87.836841032735 41.962349973804)"
"975c698943c3eb38a783258d11671115c2b0c2731523c3eb989c3b976ea0523171add359d3f29347f748643c50e3456db43b1694988935dcce4c923d0f731327",,"2024-06-29T00:57:00.000","15","NO CONTROLS","NO CONTROLS","CLEAR","DARKNESS, LIGHTED ROAD","PARKED MOTOR VEHICLE","DIVIDED - W/MEDIAN (NOT RAISED)",,"STRAIGHT AND LEVEL","DRY","NO DEFECTS","ON SCENE","NO INJURY / DRIVE AWAY",,,"Y","OVER $1,500","2024-06-29T17:00:00.000","UNABLE TO DETERMINE","UNABLE TO DETERMINE","2807","S","WELLS ST","914",,,,,,,"2","NO INDICATION OF INJURY","0","0","0","0","0","1","0","0","7","6","41.842360163","-87.632843653","POINT (-87.632843652882 41.842360163312)"
"bc72cef63a9f9e1e93ea97e7f22a1ea758ca8f7887a369c2170f406c6ab395e5ce10a513f3ab6680fbb82df4605529bba802a59ede2cecfafb0776ec4e5d7869",,"2024-06-29T00:48:00.000","30","TRAFFIC SIGNAL","FUNCTIONING PROPERLY","RAIN","DARKNESS, LIGHTED ROAD","TURNING","NOT DIVIDED",,"STRAIGHT AND LEVEL","WET","NO DEFECTS","ON SCENE","NO INJURY / DRIVE AWAY",,,,"$501 - $1,500","2024-06-29T00:56:00.000","IMPROPER TURNING/NO SIGNAL","IMPROPER TURNING/NO SIGNAL","3","E","43RD ST","215",,,,,,,"2","NO INDICATION OF INJURY","0","0","0","0","0","2","0","0","7","6","41.816382187","-87.626096419","POINT (-87.626096418657 41.816382186585)"
"453e4ad73b1edf4c57a09abda1b17cdbd1cb9fdf9443db7575b9081c5f4da61f1d2cb1852181fa2d249ad3a0f61b1acce1e2df0ed0e27f5fd00252b341f4f867",,"2024-06-29T00:44:00.000","30","NO CONTROLS","NO CONTROLS","RAIN","DARKNESS","SIDESWIPE SAME DIRECTION","NOT DIVIDED",,"STRAIGHT AND LEVEL","WET","NO DEFECTS","NOT ON SCENE (DESK REPORT)","NO INJURY / DRIVE AWAY",,,"Y","OVER $1,500","2024-06-29T07:14:00.000","UNABLE TO DETERMINE","UNABLE TO DETERMINE","180","W","ADAMS ST","122",,,,,,,"2","NO INDICATION OF INJURY","0","0","0","0","0","2","0","0","7","6","41.879501548","-87.63318905","POINT (-87.633189050242 41.879501547632)"
"9a8adfe410ea8d012d7a3b2f28dbea362fabce0158654b09b4dd49dfc49f7846d86f02c03fc84cf837e1e6d41948ae6c17ede183d486b390d1c13a9cb78940e8",,"2024-06-29T00:30:00.000","30","NO CONTROLS","NO CONTROLS","RAIN","DARKNESS","FIXED OBJECT","DIVIDED - W/MEDIAN BARRIER",,"STRAIGHT AND LEVEL","WET","NO DEFECTS","ON SCENE","INJURY AND / OR TOW DUE TO CRASH",,,"Y","OVER $1,500","2024-06-29T00:32:00.000","UNABLE TO DETERMINE","UNABLE TO DETERMINE","4625","W","AUGUSTA BLVD","1111",,,,,,,"1","NO INDICATION OF INJURY","0","0","0","0","0","1","0","0","7","6","41.898649973","-87.742336115","POINT (-87.742336115098 41.898649973102)"
"cdd63746ed4fbdc702fdfb46dc0077b8a02df9f3c820fa9ffb3a8cea41113521bf7098142d2c35c7c22c1dc822db6196530b22a5bd5c617229eedca27bcee3c6",,"2024-06-29T00:30:00.000","30","TRAFFIC SIGNAL","FUNCTIONING PROPERLY","UNKNOWN","DARKNESS, LIGHTED ROAD","PARKED MOTOR VEHICLE","FOUR WAY",,"STRAIGHT AND LEVEL","WET","UNKNOWN","NOT ON SCENE (DESK REPORT)","NO INJURY / DRIVE AWAY",,,,"OVER $1,500","2024-06-29T10:47:00.000","IMPROPER OVERTAKING/PASSING","IMPROPER OVERTAKING/PASSING","415","N","LA SALLE DR","1831",,,,,,,"2","NO INDICATION OF INJURY","0","0","0","0","0","1","0","0","7","6","41.88974388","-87.63239653","POINT (-87.632396529615 41.889743879957)"
"38e11fd51956e6e1a72b8221ae14f63748e4d937f2da22d52390846d5e65322423eea2247a4206b1cd65fae29ff7010c069b5f10f26b73bb7eb57718792ef9f1",,"2024-06-29T00:24:00.000","30","NO CONTROLS","NO CONTROLS","RAIN","DARKNESS, LIGHTED ROAD","PARKED MOTOR VEHICLE","NOT DIVIDED",,"STRAIGHT AND LEVEL","WET","NO DEFECTS","ON SCENE","INJURY AND / OR TOW DUE TO CRASH",,,,"OVER $1,500","2024-06-29T00:25:00.000","WEATHER","TEXTING","324","S","CALIFORNIA AVE","1124",,,,,,,"2","NO INDICATION OF INJURY","0","0","0","0","0","1","0","0","7","6","41.87666738","-87.696318691","POINT (-87.696318690625 41.876667379684)"
"74979673dc4b7b7c47ed9ff218ff6e972f3db37c5b92d24fd8881acffb3d8566e117db7c953e0596e152fc4986d38da72d4db18c1258ab012bb391e205671ba8",,"2024-06-29T00:20:00.000","30","UNKNOWN","UNKNOWN","UNKNOWN","UNKNOWN","SIDESWIPE SAME DIRECTION","DIVIDED - W/MEDIAN BARRIER",,"CURVE, LEVEL","UNKNOWN","UNKNOWN","NOT ON SCENE (DESK REPORT)","NO INJURY / DRIVE AWAY",,,"Y","OVER $1,500","2024-06-29T10:30:00.000","UNABLE TO DETERMINE","NOT APPLICABLE","1700","N","LA SALLE DR","1814",,,,,,,"2","NO INDICATION OF INJURY","0","0","0","0","0","2","0","0","7","6","41.912874937","-87.633265639","POINT (-87.633265638884 41.912874937441)"
"813b3277f3a7d82aac753e5a75fe1cda50aab3131c0f5cb1019c0bf319795444c4b0af2de05c0e02e6473f39a1fac3116c26b81fb5ea3fa4e5980719a64ad4fd",,"2024-06-29T00:17:00.000","30","TRAFFIC SIGNAL","FUNCTIONING PROPERLY","RAIN","DARKNESS","SIDESWIPE OPPOSITE DIRECTION","DIVIDED - W/MEDIAN BARRIER",,"STRAIGHT AND LEVEL","WET","NO DEFECTS","NOT ON SCENE (DESK REPORT)","NO INJURY / DRIVE AWAY","Y",,,"$501 - $1,500","2024-06-29T01:00:00.000","IMPROPER BACKING","IMPROPER BACKING","3955","W","OHIO ST","1122","Y",,,,,,"2","NO INDICATION OF INJURY","0","0","0","0","0","4","0","0","7","6","41.891586581","-87.725726956","POINT (-87.725726955964 41.891586580714)"
"69677c283cb0d8c60e2bb85be1b186574e0974d526cc8003f5ecf8fa8ef5665f9dd607b11e9c2f1b5ff65402883ca1dba4259e553be6e2b392625db6d2ba47a9",,"2024-06-29T00:00:00.000","25","NO CONTROLS","NO CONTROLS","UNKNOWN","DARKNESS","PARKED MOTOR VEHICLE","DIVIDED - W/MEDIAN (NOT RAISED)",,"STRAIGHT AND LEVEL","UNKNOWN","NO DEFECTS","NOT ON SCENE (DESK REPORT)","NO INJURY / DRIVE AWAY",,,"Y","OVER $1,500","2024-06-29T18:10:00.000","UNABLE TO DETERMINE","NOT APPLICABLE","3548","W","LAWRENCE AVE","1712",,,,,,,"2","NO INDICATION OF INJURY","0","0","0","0","0","1","0","0","7","6","41.968465035","-87.717803899","POINT (-87.717803898764 41.968465035459)"
"e41113d1f288f67da8b0a57736001dd63d49959e23d6652268142384804bf690b7640f502d916c08273e19eff8aa40c8459185b2c53b8f2b6a0658acd7c36814","Y","2024-06-29T00:00:00.000","30","NO CONTROLS","NO CONTROLS","UNKNOWN","UNKNOWN","PARKED MOTOR VEHICLE","NOT DIVIDED",,"STRAIGHT AND LEVEL","UNKNOWN","NO DEFECTS","ON SCENE","NO INJURY / DRIVE AWAY",,,"Y","$501 - $1,500","2024-06-29T10:47:00.000","UNABLE TO DETERMINE","NOT APPLICABLE","4103","W","50TH ST","815",,,,,,,"3","NO INDICATION OF INJURY","0","0","0","0","0","1","0","0","7","6","41.802239512","-87.726023907","POINT (-87.726023907133 41.802239512496)"
"ee2af41be6e0f4112634ddc832e9f964a476eb46f0f20bf0454df82ff7e60ce96e31a74e711201e1a04d2e69173ac0fe23ab7971d286bbaf83cd75f282f2729a",,"2024-06-29T00:00:00.000","35","TRAFFIC SIGNAL","FUNCTIONING PROPERLY","RAIN","DARKNESS, LIGHTED ROAD","REAR END","FOUR WAY",,"STRAIGHT AND LEVEL","WET","NO DEFECTS","ON SCENE","INJURY AND / OR TOW DUE TO CRASH",,,,"OVER $1,500","2024-06-29T00:10:00.000","FAILING TO REDUCE SPEED TO AVOID CRASH","UNABLE TO DETERMINE","2413","W","59TH ST","824",,,,,,,"2","NO INDICATION OF INJURY","0","0","0","0","0","2","0","0","7","6","41.786443346","-87.684439974","POINT (-87.684439973537 41.786443346067)"
"d4e3695368a43d5833a4cd237f74f5e3e448c0dc5d3200ad2e81f47531a37a90e5686af6599cd8468e6e9b3f4d0eacc6ef48a41087f0847e895a9a200fb28a9c",,"2024-06-28T23:55:00.000","30","STOP SIGN/FLASHER","FUNCTIONING PROPERLY","RAIN","DARKNESS, LIGHTED ROAD","PEDESTRIAN","NOT DIVIDED",,"STRAIGHT AND LEVEL","WET","NO DEFECTS","ON SCENE","INJURY AND / OR TOW DUE TO CRASH","Y",,"Y","$500 OR LESS","2024-06-28T23:55:00.000","DISREGARDING STOP SIGN","FAILING TO YIELD RIGHT-OF-WAY","4500","S","CALIFORNIA AVE","922",,,,,,,"2","NONINCAPACITATING INJURY","1","0","0","1","0","1","0","23","6","6","41.811818878","-87.694458628","POINT (-87.694458628094 41.811818877708)"
"c0b87057c14ce82b84de07bc07ff18b1981c112b7782dc51580cf2eb8bfe47ca28783f6daf82570930ca5384bd97d7caa052c7d9102b9d41474575314321c76c",,"2024-06-28T23:52:00.000","30","YIELD","FUNCTIONING PROPERLY","RAIN","DARKNESS, LIGHTED ROAD","TURNING","NOT DIVIDED",,"STRAIGHT AND LEVEL","WET","NO DEFECTS","ON SCENE","INJURY AND / OR TOW DUE TO CRASH","Y",,,"OVER $1,500","2024-06-28T23:52:00.000","FAILING TO YIELD RIGHT-OF-WAY","FAILING TO YIELD RIGHT-OF-WAY","917","S","CICERO AVE","1131",,,,,,,"2","NO INDICATION OF INJURY","0","0","0","0","0","2","0","23","6","6","41.868940558","-87.744701332","POINT (-87.74470133185 41.868940557706)"
"17daef6cc4ab593798d014c2a65fad595fd6ffe8ae3ff54d1d964f03038da4221ba3b320d8f929086c10f65f618cf999a95de6cb8ebf079f99740b354ac76d49",,"2024-06-28T23:36:00.000","30","TRAFFIC SIGNAL","FUNCTIONING PROPERLY","RAIN","DARKNESS, LIGHTED ROAD","REAR END","DIVIDED - W/MEDIAN (NOT RAISED)",,"STRAIGHT AND LEVEL","WET","NO DEFECTS","ON SCENE","INJURY AND / OR TOW DUE TO CRASH","Y",,,"OVER $1,500","2024-06-28T23:41:00.000","UNDER THE INFLUENCE OF ALCOHOL/DRUGS (USE WHEN ARREST IS EFFECTED)","PHYSICAL CONDITION OF DRIVER","6799","N","WESTERN AVE","2412",,,,,,,"2","NO INDICATION OF INJURY","0","0","0","0","0","3","0","23","6","6","42.004943106","-87.689921439","POINT (-87.689921439051 42.004943106257)"
"3b45cab3f2a3e8bd549d73e6b7cc46a93860aa7ff9707a0b21caf80bddb8f3cae284bc09ac5c6e8fc523bdf4a4ed33d9d978941649f0dac7cc218dc4af8c1956",,"2024-06-28T23:30:00.000","30","NO CONTROLS","NO CONTROLS","CLEAR","DAYLIGHT","SIDESWIPE SAME DIRECTION","NOT DIVIDED",,"STRAIGHT AND LEVEL","DRY","NO DEFECTS","NOT ON SCENE (DESK REPORT)","NO INJURY / DRIVE AWAY",,,"Y","OVER $1,500","2024-06-29T14:25:00.000","NOT APPLICABLE","NOT APPLICABLE","5401","S","WESTERN AVE","923",,,,,,,"2","NO INDICATION OF INJURY","0","0","0","0","0","6","0","23","6","6","41.795174135","-87.68392611","POINT (-87.683926109649 41.795174134977)"
"95c41767294213ca3acbe4c4a273a7655e4c9ec03d643e630071feb502bbd30bfecf42ce617d092902cfab315176454ea3f75f8ebe38c7f6cdf270037be0ab12","Y","2024-06-28T23:30:00.000","30","NO CONTROLS","NO CONTROLS","UNKNOWN","UNKNOWN","PARKED MOTOR VEHICLE","ONE-WAY",,"STRAIGHT AND LEVEL","UNKNOWN","NO DEFECTS","NOT ON SCENE (DESK REPORT)","NO INJURY / DRIVE AWAY",,,"Y","$501 - $1,500","2024-06-29T17:45:00.000","UNABLE TO DETERMINE","NOT APPLICABLE","1850","S","MILLARD AVE","1014",,,,,,,"2","NO INDICATION OF INJURY","0","0","0","0","0","1","0","23","6","6","41.855657196","-87.716479524","POINT (-87.716479523698 41.855657196446)"
"b92f5a78fd7132f96168b0949e788f96cb0f238638ad347f9f0730bd1076f4d373e76b6006e80676ea28875ccc8a4c4123895002ac29ac8ec5bc15441baf03fd",,"2024-06-28T23:27:00.000","30","TRAFFIC SIGNAL","FUNCTIONING PROPERLY","RAIN","DARKNESS, LIGHTED ROAD","REAR END","DIVIDED - W/MEDIAN (NOT RAISED)",,"STRAIGHT AND LEVEL","WET","NO DEFECTS","NOT ON SCENE (DESK REPORT)","NO INJURY / DRIVE AWAY",,,,"$501 - $1,500","2024-06-28T23:43:00.000","OPERATING VEHICLE IN ERRATIC, RECKLESS, CARELESS, NEGLIGENT OR AGGRESSIVE MANNER","UNABLE TO DETERMINE","3344","W","47TH ST","821",,,,,,,"2","NO INDICATION OF INJURY","0","0","0","0","0","4","0","23","6","6","41.80817609","-87.708251604","POINT (-87.70825160442 41.80817609033)"
"904e6aa1d99d0dd4104a27de38c8c5f68f21e6c96cfe867347b8bda4c348d651b6e0ca944abc9ad93642544be70ed0630491d6c88cd884a215cc8433449670a0",,"2024-06-28T23:23:00.000","30","UNKNOWN","UNKNOWN","RAIN","DARKNESS, LIGHTED ROAD","REAR END","FOUR WAY",,"STRAIGHT AND LEVEL","WET","UNKNOWN","NOT ON SCENE (DESK REPORT)","NO INJURY / DRIVE AWAY",,,,"OVER $1,500","2024-06-28T23:33:00.000","UNABLE TO DETERMINE","UNABLE TO DETERMINE","7600","S","JEFFERY BLVD","414",,,,,,,"2","NO INDICATION OF INJURY","0","0","0","0","0","2","0","23","6","6","41.7569669","-87.576247624","POINT (-87.576247624193 41.756966899896)"
"3b792399792968c2d10ad5c5ca18cd6ddd94f00285184c6008fed8e7f6c8731d97635c6dde52210ffeb4b384359cbac551de57d6d136e570bfd1b9ce490c6b7d",,"2024-06-28T23:20:00.000","25","STOP SIGN/FLASHER","UNKNOWN","RAIN","DARKNESS, LIGHTED ROAD","ANGLE","FOUR WAY",,"STRAIGHT AND LEVEL","WET","UNKNOWN","ON SCENE","INJURY AND / OR TOW DUE TO CRASH","Y",,,"OVER $1,500","2024-06-28T23:27:00.000","UNABLE TO DETERMINE","NOT APPLICABLE","5099","N","SHERIDAN RD","2024",,,,,,,"2","REPORTED, NOT EVIDENT","1","0","0","0","1","1","0","23","6","6","41.975234669","-87.65483162","POINT (-87.654831620129 41.975234669109)"
"a2699ebb666f411a9bdf77bacbb66807226bd017b8d04597d351773dc8604fff36a134b0e342c3472a1bc7457ff4cbc24a446167d6b2668597e766204d69d615",,"2024-06-28T23:19:00.000","30","TRAFFIC SIGNAL","FUNCTIONING PROPERLY","RAIN","DAWN","PARKED MOTOR VEHICLE","FOUR WAY",,"STRAIGHT AND LEVEL","WET","NO DEFECTS","ON SCENE","NO INJURY / DRIVE AWAY","N",,"Y","$501 - $1,500","2024-06-28T23:19:00.000","UNABLE TO DETERMINE","NOT APPLICABLE","3156","W","CHICAGO AVE","1211",,,,,,,"2","NO INDICATION OF INJURY","0","0","0","0","0","1","0","23","6","6","41.895664553","-87.706411477","POINT (-87.706411477325 41.895664552516)"
"155d7aa875f36372f1c795d0ab709f528b5732269eafbc5c21a25e35a1de4c2d5387d6c06bb3e7645a629c44236a05564e5078e6c17ff2b54574576326c594e6",,"2024-06-28T23:15:00.000","30","TRAFFIC SIGNAL","FUNCTIONING PROPERLY","RAIN","DARKNESS, LIGHTED ROAD","TURNING","FOUR WAY",,"STRAIGHT AND LEVEL","WET","UNKNOWN","ON SCENE","INJURY AND / OR TOW DUE TO CRASH","Y",,,"OVER $1,500","2024-06-28T23:44:00.000","FAILING TO YIELD RIGHT-OF-WAY","FAILING TO YIELD RIGHT-OF-WAY","5999","N","CICERO AVE","1711",,,,,,,"2","NO INDICATION OF INJURY","0","0","0","0","0","2","0","23","6","6","41.989841558","-87.748178877","POINT (-87.748178877035 41.989841558424)"
"4f13f73ad10157486bcb82f0925e21b77963e61473ca6b677c759215145087ef1e326e96dd0b8766215b6b2d2b7119402850713c798e8ac912ca2decea5985d1",,"2024-06-28T23:15:00.000","30","TRAFFIC SIGNAL","UNKNOWN","RAIN","DARKNESS, LIGHTED ROAD","SIDESWIPE SAME DIRECTION","FOUR WAY",,"STRAIGHT AND LEVEL","WET","UNKNOWN",,"NO INJURY / DRIVE AWAY",,,"Y","OVER $1,500","2024-06-28T23:30:00.000","UNABLE TO DETERMINE","NOT APPLICABLE","3940","W","LAWRENCE AVE","1712",,,,,,,"2","NO INDICATION OF INJURY","0","0","0","0","0","5","0","23","6","6","41.968359543","-87.727266537","POINT (-87.727266536608 41.968359543199)"