"crash_record_id","crash_date_est_i","crash_date","posted_speed_limit","traffic_control_device","device_condition","weather_condition","lighting_condition","first_crash_type","trafficway_type","lane_cnt","alignment","roadway_surface_cond","road_defect","report_type","crash_type","intersection_related_i","private_property_i","hit_and_run_i","damage","date_police_notified","prim_contributory_cause","sec_contributory_cause","street_no","street_direction","street_name","beat_of_occurrence","photos_taken_i","statements_taken_i","dooring_i","work_zone_i","work_zone_type","workers_present_i","num_units","most_severe_injury","injuries_total","injuries_fatal","injuries_incapacitating","injuries_non_incapacitating","injuries_reported_not_evident","injuries_no_indication","injuries_unknown","crash_hour","crash_day_of_week","crash_month","latitude","longitude","location"
"ac65b5772cda573ee77a7bc053819f22405dfbce1b90e4e4ed11e7dce92319a88445fece889f7646732bd479d817c95cf64f94dc9e256e56ee7ebdb8736c5b77",,"2024-06-28T19:42:00.000","30","TRAFFIC SIGNAL","FUNCTIONING PROPERLY","RAIN","DAYLIGHT","TURNING","FOUR WAY",,"STRAIGHT AND LEVEL","WET","NO DEFECTS","ON SCENE","INJURY AND / OR TOW DUE TO CRASH","Y",,,"OVER $1,500","2024-06-28T19:49:00.000","FAILING TO YIELD RIGHT-OF-WAY","IMPROPER OVERTAKING/PASSING","7499","S","SOUTH CHICAGO AVE","324",,,,,,,"2","NONINCAPACITATING INJURY","1","0","0","1","0","4","0","19","6","6","41.75877663","-87.595530814","POINT (-87.595530813598 41.758776630192)"
"23ac7c3fad5f0788e395c57ffb32b035e02566e334553dbe5f494ca0e9d9c6ad3c10029002b41ca07e1b855e06e75f9bd7106f5b5faa6814b3892eade88de326",,"2024-06-28T19:39:00.000","35","TRAFFIC SIGNAL","FUNCTIONING PROPERLY","CLOUDY/OVERCAST","DAYLIGHT","REAR END","NOT DIVIDED",,"STRAIGHT AND LEVEL","WET","NO DEFECTS","ON SCENE","INJURY AND / OR TOW DUE TO CRASH",,,,"OVER $1,500","2024-06-28T19:39:00.000","UNDER THE INFLUENCE OF ALCOHOL/DRUGS (USE WHEN ARREST IS EFFECTED)","HAD BEEN DRINKING (USE WHEN ARREST IS NOT MADE)","1799","W","79TH ST","611",,,,,,,"2","NO INDICATION OF INJURY","0","0","0","0","0","3","0","19","6","6","41.750183308","-87.668228852","POINT (-87.668228851557 41.750183307577)"
"cc7424a7b1fb1d9666ec9cc2a17e939898329e9c7e56defa17e2150128580ccf7d48a7ac302435577bb79cc7f6812c4aa262435ab3d9a3399de34ad59d485917",,"2024-06-28T19:30:00.000","30","TRAFFIC SIGNAL","FUNCTIONING PROPERLY","CLEAR","DAYLIGHT","REAR END","NOT DIVIDED",,"STRAIGHT AND LEVEL","WET","NO DEFECTS","ON SCENE","INJURY AND / OR TOW DUE TO CRASH","Y",,,"OVER $1,500","2024-06-28T19:40:00.000","UNABLE TO DETERMINE","UNABLE TO DETERMINE","10001","S","TORRENCE AVE","431",,,,,,,"2","REPORTED, NOT EVIDENT","2","0","0","0","2","1","0","19","6","6","41.713375903","-87.559601701","POINT (-87.559601700935 41.713375902517)"
"6dee8557c6fdfd7ad5f815a90826f7ce1f72b97f61a429df14afb00184d14be073db39d5dbe56685dbbc04d0f84fa9eab5d78307aa6b8fa869118840b7ee093c",,"2024-06-28T19:25:00.000","25","UNKNOWN","UNKNOWN","CLOUDY/OVERCAST","DUSK","ANGLE","NOT DIVIDED",,"STRAIGHT AND LEVEL","DRY","UNKNOWN","ON SCENE","INJURY AND / OR TOW DUE TO CRASH",,,"Y","OVER $1,500","2024-06-28T19:30:00.000","UNABLE TO DETERMINE","UNABLE TO DETERMINE","4936","N","ELSTON AVE","1712",,,,,,,"2","NONINCAPACITATING INJURY","1","0","0","1","0","1","0","19","6","6","41.970170792","-87.743742961","POINT (-87.743742960776 41.970170792459)"
"77191fcdd3845041b45e01553528af9da6fb0149e6e30a225b53d0c738d59d8d1aefb837c9b3fdf8dc18cb8b9d8b259ceda39eea9acdb02abc7a109610016373",,"2024-06-28T19:25:00.000","35","NO CONTROLS","NO CONTROLS","CLEAR","DAYLIGHT","SIDESWIPE SAME DIRECTION","DIVIDED - W/MEDIAN (NOT RAISED)",,"STRAIGHT AND LEVEL","DRY","NO DEFECTS","NOT ON SCENE (DESK REPORT)","NO INJURY / DRIVE AWAY",,,"Y","OVER $1,500","2024-06-28T19:50:00.000","IMPROPER OVERTAKING/PASSING","UNABLE TO DETERMINE","600","E","GRAND AVE","1834",,,,,,,"2","NO INDICATION OF INJURY","0","0","0","0","0","2","0","19","6","6","41.892094137","-87.611569884","POINT (-87.611569883947 41.892094136862)"
"f35d97623dbc15d203b2b967de0d9cfb0705cf2e9f747ee3ae0a24ba73bc84538bc6d173fb76cd564ea4b9661376dc198540fab863994159682cce61cf48a7c2",,"2024-06-28T19:25:00.000","25","NO CONTROLS","NO CONTROLS","RAIN","DUSK","TURNING","NOT DIVIDED",,"STRAIGHT AND LEVEL","WET","NO DEFECTS","ON SCENE","NO INJURY / DRIVE AWAY",,,,"OVER $1,500","2024-06-28T19:31:00.000","UNABLE TO DETERMINE","NOT APPLICABLE","1365","W","SUNNYSIDE AVE","1913",,,,,,,"2","NO INDICATION OF INJURY","0","0","0","0","0","3","0","19","6","6","41.963360318","-87.664919067","POINT (-87.664919066991 41.963360318102)"
"1067c8282d9c535d04fe8e7c463b0b98e6029bc2e80a2f36edae455051399d58c4c00ed4aba79684765d43bc28f1c0f316dc2eba0821038ec5f5fc7410d0b155",,"2024-06-28T19:24:00.000","25","NO CONTROLS","NO CONTROLS","RAIN","DAYLIGHT","PARKED MOTOR VEHICLE","NOT DIVIDED",,"STRAIGHT AND LEVEL","WET","NO DEFECTS","ON SCENE","INJURY AND / OR TOW DUE TO CRASH",,,"Y","OVER $1,500","2024-06-28T19:30:00.000","NOT APPLICABLE","NOT APPLICABLE","2520","S","STARK ST","913",,,,,,,"3","NO INDICATION OF INJURY","0","0","0","0","0","5","0","19","6","6","41.845682014","-87.654264541","POINT (-87.654264541457 41.845682013825)"
"52ffdae9e766616de4b77d20c3a33cd3d1c3639886e85e81ac0cd3abc6da067611a0f78b3450f6d4a0c51cd4f58ed60e4c027712a1c7f6796122533b6f0f7d3c",,"2024-06-28T19:10:00.000","40","TRAFFIC SIGNAL","FUNCTIONING PROPERLY","CLEAR","DAYLIGHT","REAR END","DIVIDED - W/MEDIAN BARRIER",,"STRAIGHT AND LEVEL","DRY","NO DEFECTS","NOT ON SCENE (DESK REPORT)","NO INJURY / DRIVE AWAY",,,,"OVER $1,500","2024-06-29T11:47:00.000","FOLLOWING TOO CLOSELY","NOT APPLICABLE","100","S","LAKE SHORE DR NB","114",,,,,,,"2","NO INDICATION OF INJURY","0","0","0","0","0","3","0","19","6","6","41.880856048","-87.617635892","POINT (-87.617635891755 41.880856047671)"
"f07709a0ad54303e6099717119e92f6b860d2bac6fdb22d65063f8743bc3783a28c3d784823abd05d1771778fff17bcb1e7a1db94e8af60400893436b145a1c6",,"2024-06-28T19:05:00.000","30","TRAFFIC SIGNAL","FUNCTIONING PROPERLY","RAIN","DAYLIGHT","REAR END","DIVIDED - W/MEDIAN (NOT RAISED)",,"STRAIGHT AND LEVEL","WET","NO DEFECTS","ON SCENE","NO INJURY / DRIVE AWAY",,,"Y","$501 - $1,500","2024-06-28T19:09:00.000","FAILING TO REDUCE SPEED TO AVOID CRASH","NOT APPLICABLE","4900","S","PULASKI RD","815",,,,,,,"2","NO INDICATION OF INJURY","0","0","0","0","0","2","0","19","6","6","41.804110359","-87.723623414","POINT (-87.723623413779 41.804110358929)"
"7afe271e4ce6dcc7387085040bba8e182174024a8a841b11ef12f8b064a655b15266d6913d5735495381d915139ea45297e8855421a9a6e23898d44e577b634b",,"2024-06-28T19:03:00.000","30","NO CONTROLS","NO CONTROLS","CLEAR","DUSK","PEDALCYCLIST","NOT DIVIDED",,"STRAIGHT AND LEVEL","WET","UNKNOWN","NOT ON SCENE (DESK REPORT)","NO INJURY / DRIVE AWAY",,,"Y","OVER $1,500","2024-06-28T20:00:00.000","UNABLE TO DETERMINE","UNABLE TO DETERMINE","1120","W","TAYLOR ST","1232",,,,,,,"2","NO INDICATION OF INJURY","0","0","0","0","0","4","0","19","6","6","41.869550502","-87.655204917","POINT (-87.65520491656 41.869550501628)"
"20cdbba746b50292938d5bd7e58772aa24961b75605ee94b5235f906a3e46ae3b9646c5d2fb2ae3f622b6fc104ba4d0f40e895caf1f31d69f16c71dda9c84adf",,"2024-06-28T19:00:00.000","30","NO CONTROLS","NO CONTROLS","RAIN","DARKNESS, LIGHTED ROAD","SIDESWIPE OPPOSITE DIRECTION","NOT DIVIDED",,"STRAIGHT AND LEVEL","WET","NO DEFECTS","NOT ON SCENE (DESK REPORT)","NO INJURY / DRIVE AWAY",,,,"OVER $1,500","2024-06-28T21:00:00.000","IMPROPER LANE USAGE","IMPROPER LANE USAGE","307","N","GREEN ST","1214",,,,,,,"2","NO INDICATION OF INJURY","0","0","0","0","0","2","0","19","6","6","41.887043801","-87.648531352","POINT (-87.648531352073 41.887043800683)"
"5d6e02cc91a3897680b10341b59ebf46a97a9f906c3b03265be71ce05f6eed03de1368199c88bb2b110e8a208a82ed6824231bfdf91e41e1b65fa5fdc1dcc484",,"2024-06-28T19:00:00.000","30","NO CONTROLS","NO CONTROLS","CLOUDY/OVERCAST","DUSK","PARKED MOTOR VEHICLE","NOT DIVIDED",,"STRAIGHT AND LEVEL","UNKNOWN","UNKNOWN","NOT ON SCENE (DESK REPORT)","NO INJURY / DRIVE AWAY",,,,"OVER $1,500","2024-06-28T20:00:00.000","UNABLE TO DETERMINE","NOT APPLICABLE","1933","N","LINCOLN AVE","1814",,,,,,,"2","NO INDICATION OF INJURY","0","0","0","0","0","2","0","19","6","6","41.917428775","-87.637340512","POINT (-87.637340512408 41.917428775487)"
"389d72ff9e95be3cba8616ae2646b04dbfa491d4296b5a8059b674bd9dea0d249a060539f2c50edad30a5b092b7961795f4bbf7148b7ab8f83a95595fe7eb4b9",,"2024-06-28T18:50:00.000","30","STOP SIGN/FLASHER","UNKNOWN","CLEAR","DAYLIGHT","TURNING","FIVE POINT, OR MORE",,"STRAIGHT AND LEVEL","UNKNOWN","UNKNOWN","NOT ON SCENE (DESK REPORT)","INJURY AND / OR TOW DUE TO CRASH","Y",,,"OVER $1,500","2024-06-28T19:50:00.000","FAILING TO YIELD RIGHT-OF-WAY","FAILING TO YIELD RIGHT-OF-WAY","1851","W","OGDEN AVE","1231",,,,,,,"2","REPORTED, NOT EVIDENT","1","0","0","0","1","1","0","18","6","6","41.875628748","-87.672795174","POINT (-87.672795174359 41.875628747846)"
"952966f0bf4aaa59621ec480ce48d2664ebfb6f379fca61ab303fe807ba2e138ce82f136cd1af39a774e489496a85faf64ef4957c5a5e70eaa61969a3ff8b1ea",,"2024-06-28T18:50:00.000","30","TRAFFIC SIGNAL","FUNCTIONING PROPERLY","CLEAR","DAYLIGHT","REAR END","NOT DIVIDED",,"STRAIGHT AND LEVEL","DRY","NO DEFECTS","NOT ON SCENE (DESK REPORT)","NO INJURY / DRIVE AWAY",,,,"OVER $1,500","2024-06-28T19:40:00.000","EQUIPMENT - VEHICLE CONDITION","NOT APPLICABLE","2158","W","CERMAK RD","1234",,,,,,,"2","NO INDICATION OF INJURY","0","0","0","0","0","2","0","18","6","6","41.852210042","-87.68062354","POINT (-87.680623540438 41.852210042255)"
"139bb165d64ec5afda537fbc5115b49684e180bdb8fa76782c69bf4d6447274b1393064ab141402b31b82c326c829b645acee4ff0eb96f003a4d77ee7600b19c",,"2024-06-28T18:45:00.000","25","NO CONTROLS","NO CONTROLS","CLOUDY/OVERCAST","DAYLIGHT","SIDESWIPE SAME DIRECTION","DIVIDED - W/MEDIAN BARRIER",,"STRAIGHT AND LEVEL","DRY","NO DEFECTS","NOT ON SCENE (DESK REPORT)","NO INJURY / DRIVE AWAY",,,,"$501 - $1,500","2024-06-28T19:00:00.000","UNABLE TO DETERMINE","UNABLE TO DETERMINE","431","W","33RD ST","915",,,,,,,"2","NO INDICATION OF INJURY","0","0","0","0","0","2","0","18","6","6","41.834409342","-87.637130862","POINT (-87.637130862479 41.83440934151)"
"c79fe9432f3c44131b79ca72b186919186feaf393a643e7e7cc3f20ff4f9309d3c6b85fb51961fd287476d62f16f977c4fe8a0a8c18be300be366eb98983e706",,"2024-06-28T18:40:00.000","30","NO CONTROLS","NO CONTROLS","OTHER","DARKNESS","TURNING","DIVIDED - W/MEDIAN (NOT RAISED)",,"STRAIGHT AND LEVEL","WET","NO DEFECTS","NOT ON SCENE (DESK REPORT)","NO INJURY / DRIVE AWAY",,,,"OVER $1,500","2024-06-28T19:00:00.000","IMPROPER LANE USAGE","UNABLE TO DETERMINE","1953","N","CLYBOURN AVE","1811",,,,,,,"2","NO INDICATION OF INJURY","0","0","0","0","0","2","0","18","6","6","41.916550298","-87.657165481","POINT (-87.657165480654 41.916550298294)"
"89b68c28bdc1f6dff18c083145675cfc84c1241162af58f395bb47f6b5c395a79d35bfc1b19ae9537bf942a885315f035e454c0b2d00822505bfc2632416bb37",,"2024-06-28T18:36:00.000","30","STOP SIGN/FLASHER","UNKNOWN","RAIN","DAYLIGHT","ANGLE","DIVIDED - W/MEDIAN (NOT RAISED)",,"STRAIGHT AND LEVEL","WET","UNKNOWN",,"INJURY AND / OR TOW DUE TO CRASH",,,,"OVER $1,500","2024-06-28T18:37:00.000","FAILING TO YIELD RIGHT-OF-WAY","NOT APPLICABLE","5646","W","WASHINGTON BLVD","1512",,,,,,,"2","REPORTED, NOT EVIDENT","1","0","0","0","1","3","0","18","6","6","41.882325076","-87.766740165","POINT (-87.766740165236 41.882325075917)"
"0fe8ebf381333542a9f018702c5043768cc865a46f96beb866dc0f2934fd515dc8282932608d3e166be3433608feb694c39f6f659bed7e80c916dd078daac1fb",,"2024-06-28T18:34:00.000","30","NO CONTROLS","NO CONTROLS","RAIN","DAYLIGHT","ANGLE","FOUR WAY",,"STRAIGHT AND LEVEL","WET","NO DEFECTS","ON SCENE","NO INJURY / DRIVE AWAY",,,,"OVER $1,500","2024-06-28T18:34:00.000","FAILING TO YIELD RIGHT-OF-WAY","NOT APPLICABLE","7055","S","KEDZIE AVE","831",,,,,,,"2","NO INDICATION OF INJURY","0","0","0","0","0","2","0","18","6","6","41.76456833","-87.702670459","POINT (-87.702670459312 41.764568329625)"
"2076e438ca240bea97615a4475d1ba9d22079f9ae0928751eda1f51713b639a48654dda85188c4e2087fce1c04a1bc4507363a4e29b11064ddcf080f727b39c0","Y","2024-06-28T18:30:00.000","15","NO CONTROLS","UNKNOWN","UNKNOWN","DAYLIGHT","FIXED OBJECT","ALLEY",,"STRAIGHT AND LEVEL","UNKNOWN","UNKNOWN","ON SCENE","NO INJURY / DRIVE AWAY",,,"Y","OVER $1,500","2024-06-28T18:35:00.000","UNABLE TO DETERMINE","UNABLE TO DETERMINE","12209","S","STATE ST","532",,,,,,,"1","NO INDICATION OF INJURY","0","0","0","0","0","1","0","18","6","6","41.672239545","-87.622344195","POINT (-87.622344194722 41.672239545242)"
"cff6dc9e8d3f192335abc3f8816325ebccc4ead1b241e70223511b97e30c804e60c442b5bb0e3d05f58a1975ebdc0f3f3aa70ccf726537f01faf02a47f93f78a",,"2024-06-28T18:30:00.000","35","NO CONTROLS","NO CONTROLS","RAIN","DAYLIGHT","REAR END","DIVIDED - W/MEDIAN BARRIER",,"STRAIGHT AND LEVEL","WET","NO DEFECTS","NOT ON SCENE (DESK REPORT)","NO INJURY / DRIVE AWAY",,,,"$500 OR LESS","2024-06-29T08:40:00.000","UNABLE TO DETERMINE","NOT APPLICABLE","1600","N","LAKE SHORE DR","1814",,,,,,,"2","NO INDICATION OF INJURY","0","0","0","0","0","2","0","18","6","6","41.911224556","-87.626482572","POINT (-87.626482572426 41.911224555611)"
"e794f3b9d0bce3a76a98026c0011446bed1f5c9f56dda3875bf7cb035bb05d8e55ebb531f9dcab2e59820bd589f32606d3bf848f54ef276c2aa9f84cf5858d00",,"2024-06-28T18:30:00.000","30","STOP SIGN/FLASHER","FUNCTIONING PROPERLY","CLOUDY/OVERCAST","DAYLIGHT","ANGLE","T-INTERSECTION",,"STRAIGHT AND LEVEL","WET","NO DEFECTS","NOT ON SCENE (DESK REPORT)","INJURY AND / OR TOW DUE TO CRASH","Y",,,"$501 - $1,500","2024-06-28T19:45:00.000","FAILING TO YIELD RIGHT-OF-WAY","FAILING TO YIELD RIGHT-OF-WAY","3100","W","CHICAGO AVE","1211",,,,,,,"2","REPORTED, NOT EVIDENT","1","0","0","0","1","1","0","18","6","6","41.895688262","-87.704158783","POINT (-87.704158783411 41.895688262078)"
"2564cce45bfeece7cccd4eb09e687a18c110faca46f2be68cbbba4d7314d2f2066304ae7b8ff807027508172db6bc0fe489d65cb137063efb5c8b69e34467bf1",,"2024-06-28T18:25:00.000","30","TRAFFIC SIGNAL","FUNCTIONING PROPERLY","CLEAR","DAYLIGHT","SIDESWIPE SAME DIRECTION","ONE-WAY",,"STRAIGHT AND LEVEL","WET","NO DEFECTS","NOT ON SCENE (DESK REPORT)","NO INJURY / DRIVE AWAY","Y",,"Y","$500 OR LESS","2024-06-28T18:45:00.000","IMPROPER LANE USAGE","NOT APPLICABLE","792","W","99TH ST","2232",,,,,,,"2","NO INDICATION OF INJURY","0","0","0","0","0","3","0","18","6","6","41.714324368","-87.642944028","POINT (-87.642944027873 41.714324368329)"
"37dc6ff21511041cc18db391ee1643c60bba91a2ca25accff71e03af97e73eb97a8f5c5ee0f80226a538a2fac67fef8374fc150aea155486d8f2809a04be63cc",,"2024-06-28T18:25:00.000","30","NO CONTROLS","NO CONTROLS","RAIN","DAYLIGHT","HEAD ON","NOT DIVIDED",,"STRAIGHT AND LEVEL","WET","NO DEFECTS",,"INJURY AND / OR TOW DUE TO CRASH",,,"Y","OVER $1,500","2024-06-28T18:32:00.000","DISREGARDING ROAD MARKINGS","UNABLE TO DETERMINE","1501","S","CLARK ST","131",,,,,,,"3","REPORTED, NOT EVIDENT","3","0","0","0","3","2","0","18","6","6","41.861837591","-87.630103617","POINT (-87.630103617434 41.861837590515)"
"0b9d85e6e012a795dfdc076544b5fe84731f54a7d695cf861343484a0f8e41e6e413a47ea82a87109d8f6e11398634d0eda2fab0505d526502684695a7f67cd9",,"2024-06-28T18:23:00.000","30","NO CONTROLS","NO CONTROLS","RAIN","DAYLIGHT","TURNING","DIVIDED - W/MEDIAN (NOT RAISED)",,"STRAIGHT AND LEVEL","WET","NO DEFECTS","NOT ON SCENE (DESK REPORT)","NO INJURY / DRIVE AWAY",,,,"OVER $1,500","2024-06-29T13:12:00.000","UNABLE TO DETERMINE","NOT APPLICABLE","3525","N","CICERO AVE","1731",,,,,,,"2","NO INDICATION OF INJURY","0","0","0","0","0","2","0","18","6","6","41.945430012","-87.746896678","POINT (-87.746896678291 41.945430011852)"
"e54035d3a90560bfc2e0f53aabe3cf79220cc4bf9004fb0d8f82307b12c474b64f9bde21f01231c79ebf0ce6d7ef503eedcd318fd582b12d940cefde654d2543",,"2024-06-28T18:17:00.000","30","TRAFFIC SIGNAL","UNKNOWN","RAIN","DAYLIGHT","ANGLE","FOUR WAY",,"STRAIGHT AND LEVEL","WET","UNKNOWN","ON SCENE","INJURY AND / OR TOW DUE TO CRASH","Y",,,"OVER $1,500","2024-06-28T18:17:00.000","NOT APPLICABLE","NOT APPLICABLE","27","N","DAMEN AVE","1223",,"Y",,,,,"4","NONINCAPACITATING INJURY","3","0","0","2","1","8","0","18","6","6","41.882188339","-87.676514962","POINT (-87.676514961878 41.882188338796)"
"59b685341468808dbffcafcf626422634d212ba91f254df82321ba96df7f3bc2904a218d77b4976d6a4833111448c87703ab3719f5f02bc7e0687405c81e7a25",,"2024-06-28T18:15:00.000","30","NO CONTROLS","NO CONTROLS","RAIN","DARKNESS, LIGHTED ROAD","PARKED MOTOR VEHICLE","NOT DIVIDED",,"STRAIGHT AND LEVEL","WET","UNKNOWN","ON SCENE","INJURY AND / OR TOW DUE TO CRASH",,,"Y","$501 - $1,500","2024-06-28T20:54:00.000","DRIVING ON WRONG SIDE/WRONG WAY","PHYSICAL CONDITION OF DRIVER","1417","E","73RD ST","324",,,,,,,"2","REPORTED, NOT EVIDENT","1","0","0","0","1","0","0","18","6","6","41.762268921","-87.59016115","POINT (-87.590161150051 41.762268921108)"
"53a8898a862b7aa1dca1adc1c92f9c79a7cd6505fd9fb32914b101839fcbe1353b8024fa91b5af832f8342bf7357d4a0cc9727881f0e81152cd66277b983df42",,"2024-06-28T18:12:00.000","30","NO CONTROLS","NO CONTROLS","RAIN","DAYLIGHT","REAR END","DIVIDED - W/MEDIAN (NOT RAISED)",,"STRAIGHT AND LEVEL","WET","NO DEFECTS","NOT ON SCENE (DESK REPORT)","INJURY AND / OR TOW DUE TO CRASH",,,"Y","OVER $1,500","2024-06-29T10:55:00.000","UNABLE TO DETERMINE","UNABLE TO DETERMINE","2325","E","130TH ST","434",,,,,,,"2","NONINCAPACITATING INJURY","1","0","0","1","0","1","0","18","6","6","41.659070475","-87.566959488","POINT (-87.566959488037 41.659070474984)"
"94d938e087712dc99f34c1fc4c9cdbdb89a5129249f767fc3648a8cd32ef5bbe73449242f2f8dc785282437c4b9d9ca22a9206a5491c1a275f84b4ecbc9f97e5",,"2024-06-28T18:11:00.000","25","NO CONTROLS","NO CONTROLS","RAIN","DAYLIGHT","PARKED MOTOR VEHICLE","ONE-WAY",,"STRAIGHT AND LEVEL","WET","NO DEFECTS","ON SCENE","NO INJURY / DRIVE AWAY",,,,"OVER $1,500","2024-06-28T18:30:00.000","UNABLE TO DETERMINE","UNABLE TO DETERMINE","9507","S","BISHOP ST","2213",,,,,,,"2","NO INDICATION OF INJURY","0","0","0","0","0","1","0","18","6","6","41.721020474","-87.65893692","POINT (-87.658936920371 41.721020473761)"
"00a745569ce3c233cdfd5ac21e50ffb2a53223017081c2053fc35a35e3957420e4d4500e8d58f700bfa020ddd306aefb23ea205811259eeffa2d7ee58d917f6b",,"2024-06-28T18:00:00.000","30","NO CONTROLS","NO CONTROLS","RAIN","DAYLIGHT","PARKED MOTOR VEHICLE","NOT DIVIDED",,"STRAIGHT AND LEVEL","WET","UNKNOWN","NOT ON SCENE (DESK REPORT)","NO INJURY / DRIVE AWAY",,,"Y","OVER $1,500","2024-06-28T19:10:00.000","IMPROPER BACKING","NOT APPLICABLE","128","W","112TH PL","522",,,,,,,"2","NO INDICATION OF INJURY","0","0","0","0","0","1","0","18","6","6","41.689929377","-87.626756305","POINT (-87.626756305207 41.689929377276)"
"022235f0261dc91fbf6d5045ef2cc9fc4a39bf01b02a19b1e11b9e8e8e806869a0582ba761b1768449e6cd311c3ed735388e602c5501ae7988d92969f1b53a44",,"2024-06-28T18:00:00.000","30","NO CONTROLS","NO CONTROLS","RAIN","DAYLIGHT","PARKED MOTOR VEHICLE","NOT DIVIDED",,"STRAIGHT AND LEVEL","WET","NO DEFECTS","ON SCENE","INJURY AND / OR TOW DUE TO CRASH","Y",,,"OVER $1,500","2024-06-28T18:56:00.000","OPERATING VEHICLE IN ERRATIC, RECKLESS, CARELESS, NEGLIGENT OR AGGRESSIVE MANNER","DRIVING SKILLS/KNOWLEDGE/EXPERIENCE","7238","N","CALIFORNIA AVE","2411",,,,,,,"2","NO INDICATION OF INJURY","0","0","0","0","0","1","0","18","6","6","42.013210916","-87.699847702","POINT (-87.699847701789 42.013210916192)"
"38276aa591b71a973b6a62d449ca3e775eaac733ba07f13baf013d7287429b235c4d8c2daa7956a3b74a8db0c874736b0bed3336b01a3e35964da136ebf9501b",,"2024-06-28T18:00:00.000","30","NO CONTROLS","NO CONTROLS","RAIN","DAYLIGHT","REAR END","NOT DIVIDED",,"STRAIGHT AND LEVEL","WET","NO DEFECTS","ON SCENE","NO INJURY / DRIVE AWAY",,,,"OVER $1,500","2024-06-28T18:03:00.000","WEATHER","UNABLE TO DETERMINE","6501","W","ARCHER AVE","811",,,,,,,"2","NO INDICATION OF INJURY","0","0","0","0","0","3","0","18","6","6","41.792185255","-87.784308783","POINT (-87.784308782925 41.792185254846)"
"c2163ad2cae52abd05cfd04eb3262c74e9b76648f5b50b7ffbc630472aaf514cd3bf2e6f4b6342e9a7c5f9d5724a1374ee048c22bc077a020b9ca0a368b5456a",,"2024-06-28T18:00:00.000","30","NO CONTROLS","NO CONTROLS","CLEAR","DARKNESS","REAR END","NOT DIVIDED",,"STRAIGHT AND LEVEL","WET","UNKNOWN","NOT ON SCENE (DESK REPORT)","NO INJURY / DRIVE AWAY","Y",,,"$500 OR LESS","2024-06-28T22:50:00.000","UNABLE TO DETERMINE","NOT APPLICABLE","2731","S","DEARBORN ST","133",,,,,,,"2","NO INDICATION OF INJURY","0","0","0","0","0","2","0","18","6","6","41.843659983","-87.62816679","POINT (-87.628166789757 41.843659983463)"
"de22f26aecac765e8e3ddc32a4e51d30df4dd184dff5b863567ba6a1aebc948b7dbe6681f79107657df56faeebf68196bc5f6a16b3812398a994e6a69f1106bf",,"2024-06-28T18:00:00.000","30","TRAFFIC SIGNAL","UNKNOWN","CLEAR","DUSK","REAR END","FOUR WAY",,"STRAIGHT AND LEVEL","UNKNOWN","UNKNOWN","NOT ON SCENE (DESK REPORT)","NO INJURY / DRIVE AWAY",,,,"OVER $1,500","2024-06-28T19:55:00.000","FAILING TO REDUCE SPEED TO AVOID CRASH","NOT APPLICABLE","2711","W","DEVON AVE","2413",,,,,,,"2","NO INDICATION OF INJURY","0","0","0","0","0","2","0","18","6","6","41.997483874","-87.697657527","POINT (-87.697657527468 41.997483873952)"
"69814e25e8f2b95da5bba76d99354ec42f1e8c7661e2598e2dc121acf113b73ffd40172a217964809322f6dd10cce9e07fb8dedac962086b6f894b72e34e2042",,"2024-06-28T17:50:00.000","30","NO CONTROLS","NO CONTROLS","CLEAR","DAYLIGHT","SIDESWIPE SAME DIRECTION","NOT DIVIDED",,"STRAIGHT AND LEVEL","DRY","NO DEFECTS","NOT ON SCENE (DESK REPORT)","NO INJURY / DRIVE AWAY",,,"Y","$501 - $1,500","2024-06-28T20:20:00.000","IMPROPER OVERTAKING/PASSING","IMPROPER OVERTAKING/PASSING","5852","N","SHERIDAN RD","2022",,,,,,,"2","NO INDICATION OF INJURY","0","0","0","0","0","2","0","17","6","6","41.988844443","-87.655495607","POINT (-87.655495607419 41.988844443395)"
"8a8eb0f52ebd2e3a34a53c92de2a27fefb6820b440952742a64ff24a884e7cd5353e3d755ced52ed531fb8c67923ec16c4f053ca41198aac0658d2225e7059e5",,"2024-06-28T17:50:00.000","30","NO CONTROLS","NO CONTROLS","CLOUDY/OVERCAST","DAYLIGHT","TURNING","NOT DIVIDED",,"STRAIGHT AND LEVEL","WET","NO DEFECTS","NOT ON SCENE (DESK REPORT)","NO INJURY / DRIVE AWAY",,,"Y","$501 - $1,500","2024-06-28T18:40:00.000","UNABLE TO DETERMINE","WEATHER","3610","W","31ST ST","1032",,,,,,,"2","NO INDICATION OF INJURY","0","0","0","0","0","2","0","17","6","6","41.837156889","-87.715049846","POINT (-87.715049846018 41.8371568891)"
"bb3d594feaeeb043c27e0f5ae153785786ff41d198f7f164cb1a5907d91b89d75ea31514a2541652406b3bef9e3fa98989da45ff60bbd88ce5a62c5b179d640c",,"2024-06-28T17:50:00.000","30","TRAFFIC SIGNAL","FUNCTIONING PROPERLY","RAIN","DAYLIGHT","TURNING","DIVIDED - W/MEDIAN (NOT RAISED)",,"STRAIGHT AND LEVEL","WET","NO DEFECTS","NOT ON SCENE (DESK REPORT)","NO INJURY / DRIVE AWAY","Y",,,"OVER $1,500","2024-06-28T18:30:00.000","IMPROPER LANE USAGE","UNABLE TO DETERMINE","4000","W","LAWRENCE AVE","1712",,,,,,,"2","NO INDICATION OF INJURY","0","0","0","0","0","4","0","17","6","6","41.968351285","-87.728091672","POINT (-87.728091671981 41.968351285279)"