"crash_record_id","crash_date_est_i","crash_date","posted_speed_limit","traffic_control_device","device_condition","weather_condition","lighting_condition","first_crash_type","trafficway_type","lane_cnt","alignment","roadway_surface_cond","road_defect","report_type","crash_type","intersection_related_i","private_property_i","hit_and_run_i","damage","date_police_notified","prim_contributory_cause","sec_contributory_cause","street_no","street_direction","street_name","beat_of_occurrence","photos_taken_i","statements_taken_i","dooring_i","work_zone_i","work_zone_type","workers_present_i","num_units","most_severe_injury","injuries_total","injuries_fatal","injuries_incapacitating","injuries_non_incapacitating","injuries_reported_not_evident","injuries_no_indication","injuries_unknown","crash_hour","crash_day_of_week","crash_month","latitude","longitude","location"
"de214f168aec1263bd1efe1143741dbb16d94e990f87a7d7e7e59e6c18e2c76924f1d6cbfaf914233c5baf624a0ff9cc06a54800fd375be43846b54d7c5d41e6","Y","2024-06-28T17:50:00.000","30","NO CONTROLS","NO CONTROLS","CLEAR","DARKNESS, LIGHTED ROAD","REAR END","FOUR WAY",,"STRAIGHT AND LEVEL","DRY","NO DEFECTS","NOT ON SCENE (DESK REPORT)","NO INJURY / DRIVE AWAY",,,"Y","$501 - $1,500","2024-06-29T08:30:00.000","UNABLE TO DETERMINE","UNABLE TO DETERMINE","9500","S","PARNELL AVE","2223",,,,,,,"2","NO INDICATION OF INJURY","0","0","0","0","0","2","0","17","6","6","41.72144556","-87.637295277","POINT (-87.637295276679 41.721445560073)"
"0f9f8da178987eb6a5e3f2a90da2226e662a253bdee69236a946fdcd90e527f98ce573e2a3ab65a4622e92a4f0613ecac2dea43978a380a6def8a3627f1869ae",,"2024-06-28T17:45:00.000","25","STOP SIGN/FLASHER","FUNCTIONING PROPERLY","RAIN","DAYLIGHT","ANGLE","FOUR WAY",,"STRAIGHT AND LEVEL","WET","NO DEFECTS","ON SCENE","INJURY AND / OR TOW DUE TO CRASH","Y",,,"OVER $1,500","2024-06-28T17:48:00.000","UNABLE TO DETERMINE","UNABLE TO DETERMINE","5300","N","AUSTIN AVE","1622",,,,,,,"2","NO INDICATION OF INJURY","0","0","0","0","0","3","0","17","6","6","41.97753824","-87.778289251","POINT (-87.778289250812 41.977538240222)"
"c09d790eb1d4b28fb45381e290293f7fc0388e90b8e9889e999233378bada000649e9b189090af3e2a886f36b5e5ef3683a01b043eee3d437fa5f9460402cf6c",,"2024-06-28T17:45:00.000","30","TRAFFIC SIGNAL","FUNCTIONING PROPERLY","CLEAR","DAYLIGHT","REAR END","UNKNOWN INTERSECTION TYPE",,"STRAIGHT AND LEVEL","DRY","NO DEFECTS","NOT ON SCENE (DESK REPORT)","NO INJURY / DRIVE AWAY","Y",,,"$501 - $1,500","2024-06-29T16:00:00.000","FOLLOWING TOO CLOSELY","NOT APPLICABLE","15","W","95TH ST","511",,,,,,,"2","NO INDICATION OF INJURY","0","0","0","0","0","2","0","17","6","6","41.721514969","-87.624610166","POINT (-87.624610165642 41.721514969204)"
"a66934cb6bfff611f22316ad7febaf4562c1aa037ef23a77b1cedd8ccf8a51cb0399d697f1209d7c239ffe74a4ba48ca3a82ce6c162e6483ffadebf70f314c1e",,"2024-06-28T17:34:00.000","30","NO CONTROLS","NO CONTROLS","CLEAR","DAYLIGHT","REAR END","DIVIDED - W/MEDIAN (NOT RAISED)",,"STRAIGHT AND LEVEL","DRY","NO DEFECTS","ON SCENE","NO INJURY / DRIVE AWAY",,,"Y","$501 - $1,500","2024-06-28T17:55:00.000","FOLLOWING TOO CLOSELY","UNABLE TO DETERMINE","5504","W","DIVISION ST","2532",,,,,,,"2","NO INDICATION OF INJURY","0","0","0","0","0","2","0","17","6","6","41.902271563","-87.764083221","POINT (-87.764083220735 41.902271562953)"
"abfcddac524f12dc3c1a7e52fee03376e858cafb0588027ebd4aefce388ed1c0726722d16c7149e42f4caf837ef61a9d10776df58aa16c1b56645063b0fcc6a3",,"2024-06-28T17:30:00.000","30","STOP SIGN/FLASHER","UNKNOWN","CLEAR","DAYLIGHT","REAR END","OTHER",,"STRAIGHT AND LEVEL","DRY","UNKNOWN","NOT ON SCENE (DESK REPORT)","NO INJURY / DRIVE AWAY",,,,"$500 OR LESS","2024-06-28T20:00:00.000","FOLLOWING TOO CLOSELY","NOT APPLICABLE","7859","S","DR MARTIN LUTHER KING JR DR","624",,,,,,,"2","NO INDICATION OF INJURY","0","0","0","0","0","2","0","17","6","6","41.751207792","-87.614814545","POINT (-87.61481454465 41.751207792433)"
"8b64465c4782aa0974f4d454a98c7554add41d2c6f802bf33a665a12bfb8ff730a784c765ad0da22bf128d9dc345998b6211a5c56867d183cef2d97cf30daef0",,"2024-06-28T17:26:00.000","30","NO CONTROLS","NO CONTROLS","RAIN","DAYLIGHT","SIDESWIPE SAME DIRECTION","ONE-WAY",,"STRAIGHT AND LEVEL","WET","NO DEFECTS","ON SCENE","NO INJURY / DRIVE AWAY",,,,"OVER $1,500","2024-06-28T17:30:00.000","UNABLE TO DETERMINE","UNABLE TO DETERMINE","402","E","GARFIELD BLVD","233",,,,,,,"2","NO INDICATION OF INJURY","0","0","0","0","0","2","0","17","6","6","41.794909686","-87.615869748","POINT (-87.615869748258 41.794909686)"
"231ea114b2665f1a8fd907a31559907612a9cedb8c48257e3701125d03034719545e4b45e81b336a893becc42a8dbb6a567e5ccfea6db6401b2641303291ccd0",,"2024-06-28T17:25:00.000","30","STOP SIGN/FLASHER","FUNCTIONING PROPERLY","CLEAR","DAYLIGHT","ANGLE","FOUR WAY",,"STRAIGHT AND LEVEL","WET","NO DEFECTS","NOT ON SCENE (DESK REPORT)","NO INJURY / DRIVE AWAY","Y",,"Y","OVER $1,500","2024-06-28T18:30:00.000","DISREGARDING STOP SIGN","NOT APPLICABLE","7300","S","RHODES AVE","323",,,,,,,"2","NO INDICATION OF INJURY","0","0","0","0","0","2","0","17","6","6","41.762030349","-87.611695746","POINT (-87.611695746397 41.762030349153)"
"2c55756e34cc793e76a6c59549db01046700e5dcbccf230b634c3a7226730c92a033b181a60a83a436fef4d573080a49e2b9f015669506afc1a1a352c8ddcf15",,"2024-06-28T17:25:00.000","30","NO CONTROLS","NO CONTROLS","RAIN","DAYLIGHT","ANGLE","DIVIDED - W/MEDIAN (NOT RAISED)",,"STRAIGHT AND LEVEL","WET","NO DEFECTS","ON SCENE","INJURY AND / OR TOW DUE TO CRASH","Y",,,"OVER $1,500","2024-06-28T17:34:00.000","FAILING TO YIELD RIGHT-OF-WAY","NOT APPLICABLE","6261","N","HARLEM AVE","1612",,,,,,,"2","NO INDICATION OF INJURY","0","0","0","0","0","2","0","17","6","6","41.995344497","-87.806671543","POINT (-87.806671543312 41.995344497083)"
"14490222d3b7fbe7d23f923d640266a0fc0c8c9c9faedd20991abe46cfa0748240855bc3249a5cac885c9da6b5522af4b82d6731ceafd95edea792451100e1ba",,"2024-06-28T17:20:00.000","30","NO CONTROLS","NO CONTROLS","RAIN","DAYLIGHT","ANGLE","FOUR WAY",,"STRAIGHT AND LEVEL","WET","NO DEFECTS","ON SCENE","INJURY AND / OR TOW DUE TO CRASH","Y",,,"OVER $1,500","2024-06-28T17:20:00.000","DRIVING SKILLS/KNOWLEDGE/EXPERIENCE","UNABLE TO DETERMINE","7300","S","WESTERN AVE","835",,,,,,,"2","NO INDICATION OF INJURY","0","0","0","0","0","2","0","17","6","6","41.760961817","-87.683294684","POINT (-87.683294684333 41.76096181738)"
"51833d1ff51051db743c3b36af4a03cd0823bfc44f9596f57ebab95ffc41c8512fa55365e895527870a770d42e1a08c2105734b7f150b7f2686a3b4e66125e5e",,"2024-06-28T17:20:00.000","30","NO CONTROLS","NO CONTROLS","CLEAR","DAYLIGHT","SIDESWIPE SAME DIRECTION","ONE-WAY",,"STRAIGHT AND LEVEL","DRY","NO DEFECTS","NOT ON SCENE (DESK REPORT)","NO INJURY / DRIVE AWAY",,,,"OVER $1,500","2024-06-28T18:00:00.000","UNABLE TO DETERMINE","NOT APPLICABLE","2734","N","PARKSIDE AVE","2514",,,,,,,"2","NO INDICATION OF INJURY","0","0","0","0","0","3","0","17","6","6","41.93048645","-87.767582187","POINT (-87.767582186737 41.930486450417)"
"b0f04a97cc48478b74674923a8f9b69fc5c372d1f4c73ad0c1d6e1aeb73b627c4da7a513d4f7198b4ebae2c60c8ea61114ee38f4e4b17e6fdf4d2c20b1509151",,"2024-06-28T17:20:00.000","15","NO CONTROLS","NO CONTROLS","RAIN","DAYLIGHT","SIDESWIPE SAME DIRECTION","PARKING LOT",,"STRAIGHT AND LEVEL","WET","NO DEFECTS","ON SCENE","NO INJURY / DRIVE AWAY",,,,"OVER $1,500","2024-06-28T17:45:00.000","NOT APPLICABLE","UNABLE TO DETERMINE","1","W","PARKING LOT D ST","1654",,,,,,,"2","NO INDICATION OF INJURY","0","0","0","0","0","2","0","17","6","6",,,
"149f33fc92416d4838c75ba41e26579b099f59c6efead00dba09798d0781736424d58c5b152169c31e3a187b48e30159923a4ec52b69a3da0eb86e179f40972e",,"2024-06-28T17:15:00.000","30","NO CONTROLS","NO CONTROLS","RAIN","DAYLIGHT","TURNING","NOT DIVIDED",,"STRAIGHT AND LEVEL","WET","UNKNOWN","NOT ON SCENE (DESK REPORT)","NO INJURY / DRIVE AWAY",,,,"$501 - $1,500","2024-06-28T20:45:00.000","UNABLE TO DETERMINE","UNABLE TO DETERMINE","6261","N","MC CORMICK RD","1711",,,,,,,"2","NO INDICATION OF INJURY","0","0","0","0","0","2","0","17","6","6","41.99567001","-87.712664598","POINT (-87.712664598144 41.995670009568)"
"4885eb25700ce8cd2e7cdba5e940c2fe101798129e3480931ab2595c1a50752c109ecf89d475c52fb0314d31e2f7be4e02055cb1cae72e1f6e61b91a483ee5ea",,"2024-06-28T17:10:00.000","5","NO CONTROLS","NO CONTROLS","CLEAR","DAYLIGHT","PARKED MOTOR VEHICLE","PARKING LOT",,"STRAIGHT AND LEVEL","WET","NO DEFECTS","NOT ON SCENE (DESK REPORT)","NO INJURY / DRIVE AWAY",,,,"$501 - $1,500","2024-06-28T17:40:00.000","UNABLE TO DETERMINE","NOT APPLICABLE","7600","S","VINCENNES AVE","623",,,,,,,"2","NO INDICATION OF INJURY","0","0","0","0","0","4","0","17","6","6","41.756285701","-87.632406663","POINT (-87.632406662789 41.756285700818)"
"1f1d766fdb8931635796c914e95b6030e47a394d6cb726ab24922937aa3c1bcacf5241c3d26c3fcd446bc63defe003618d41aa7c6264c75f28c6cfa65268beb8",,"2024-06-28T17:04:00.000","30","TRAFFIC SIGNAL","FUNCTIONING PROPERLY","RAIN","DAYLIGHT","TURNING","NOT DIVIDED",,"STRAIGHT AND LEVEL","WET","NO DEFECTS","ON SCENE","NO INJURY / DRIVE AWAY","N",,,"$501 - $1,500","2024-06-28T17:04:00.000","UNABLE TO DETERMINE","TURNING RIGHT ON RED","11500","S","STATE ST","522",,"Y",,,,,"2","NO INDICATION OF INJURY","0","0","0","0","0","3","0","17","6","6","41.68526063","-87.623034483","POINT (-87.623034482813 41.685260629881)"
"d5b6768b0832c2ee7ea3b1e92a70d5c3aea5464b9e8176c8aa2bb667ac70e9eca65c757ff75e66b915e16a0bd829d1f3e8f935f0a04cb0a9223c205e8e162dbb","N","2024-06-28T17:00:00.000","30","STOP SIGN/FLASHER","FUNCTIONING PROPERLY","CLEAR","DAYLIGHT","ANGLE","NOT DIVIDED",,"STRAIGHT AND LEVEL","WET","UNKNOWN","NOT ON SCENE (DESK REPORT)","INJURY AND / OR TOW DUE TO CRASH",,,,"OVER $1,500","2024-06-28T17:20:00.000","DISREGARDING STOP SIGN","DISREGARDING STOP SIGN","1900","N","NARRAGANSETT AVE","2513",,,,,,,"3","NO INDICATION OF INJURY","0","0","0","0","0","3","0","17","6","6","41.914680627","-87.785326737","POINT (-87.785326737314 41.914680626859)"
"eeffc46a020e4c6fba15ebc1141ae2b583d8dd5f46888f22f4b8497310e68068814bfe9ed3780e67866406db1dbe949972735f52d8356703d3f55de1205f9370",,"2024-06-28T17:00:00.000","25","NO CONTROLS","NO CONTROLS","RAIN","DAYLIGHT","PARKED MOTOR VEHICLE","NOT DIVIDED",,"STRAIGHT AND LEVEL","WET","UNKNOWN","NOT ON SCENE (DESK REPORT)","NO INJURY / DRIVE AWAY",,,,"OVER $1,500","2024-06-28T18:23:00.000","UNABLE TO DETERMINE","NOT APPLICABLE","1152","S","KEELER AVE","1132",,,,,,,"2","NO INDICATION OF INJURY","0","0","0","0","0","1","0","17","6","6","41.866332838","-87.730219086","POINT (-87.730219085556 41.866332838484)"
"cd251277f205fca72df34318b0906932c129cf5243e57d6121fa80584bea4e070dee3328cc369f9ba25a1bb49b81570e3f4d3f94625431d9a1ec9cae861d330e",,"2024-06-28T16:56:00.000","30","TRAFFIC SIGNAL","FUNCTIONING PROPERLY","RAIN","DAYLIGHT","REAR END","DIVIDED - W/MEDIAN (NOT RAISED)",,"STRAIGHT AND LEVEL","WET","NO DEFECTS","NOT ON SCENE (DESK REPORT)","NO INJURY / DRIVE AWAY",,,,"OVER $1,500","2024-06-28T17:30:00.000","UNABLE TO DETERMINE","UNABLE TO DETERMINE","800","N","PULASKI RD","1111",,,,,,,"2","NO INDICATION OF INJURY","0","0","0","0","0","2","0","16","6","6","41.895456457","-87.726230541","POINT (-87.726230540513 41.895456456825)"
"d4cd5b7b0f936caba4ab2a2d50a478c3abde28d735e9d66beba2b608f33f11dd5244ed4fe287c1063ed578663535c5d9e85f76574b762ffa2ab368bcc8c8124b",,"2024-06-28T16:56:00.000","30","NO CONTROLS","NO CONTROLS","RAIN","DAYLIGHT","SIDESWIPE SAME DIRECTION","NOT DIVIDED",,"STRAIGHT AND LEVEL","WET","NO DEFECTS","ON SCENE","NO INJURY / DRIVE AWAY",,,,"$501 - $1,500","2024-06-28T17:09:00.000","FAILING TO YIELD RIGHT-OF-WAY","UNABLE TO DETERMINE","1500","W","MADISON ST","1224",,,,,,,"2","NO INDICATION OF INJURY","0","0","0","0","0","2","0","16","6","6","41.881596057","-87.664506575","POINT (-87.664506574704 41.881596057292)"
"d480bafbbad81371ce8081c1fc5bac9534ecf481ce78cd085228eb0bac7229fad30b8b29fd412aae28ae8570d793e8a2acf71628cf9140e3d604f5b99a5701d6",,"2024-06-28T16:50:00.000","25","NO CONTROLS","NO CONTROLS","CLOUDY/OVERCAST","DAYLIGHT","TURNING","OTHER",,"STRAIGHT AND LEVEL","WET","NO DEFECTS","ON SCENE","NO INJURY / DRIVE AWAY",,,,"$501 - $1,500","2024-06-28T16:57:00.000","FAILING TO YIELD RIGHT-OF-WAY","NOT APPLICABLE","221","S","RACINE AVE","1232",,,,,,,"2","NO INDICATION OF INJURY","0","0","0","0","0","2","0","16","6","6","41.878403281","-87.656888423","POINT (-87.656888423465 41.878403280649)"
"dda48097deb7462645b6e431fa137a9c7cda5c8ef201065a03b7bf372f19519faf637c6d044d207c968be60529da48d4422a77449441180fe413b0391c81bd2a",,"2024-06-28T16:50:00.000","30","NO CONTROLS","NO CONTROLS","RAIN","DAYLIGHT","FIXED OBJECT","ALLEY",,"STRAIGHT AND LEVEL","DRY","NO DEFECTS","ON SCENE","NO INJURY / DRIVE AWAY",,,,"OVER $1,500","2024-06-28T17:20:00.000","UNABLE TO DETERMINE","UNABLE TO DETERMINE","4416","W","MADISON ST","1113",,,,,,,"1","NO INDICATION OF INJURY","0","0","0","0","0","1","0","16","6","6","41.88071175","-87.736209623","POINT (-87.736209623217 41.88071175038)"
"b466a0bcd25dd4e2cb81528b30227a20411c618ab4a4bb919e51e93a01a64f203d12b26705aa18c1bfb17a3a40c43cf8879d6023b8a632da8b14080d8af0adbd","Y","2024-06-28T16:46:00.000","10","NO CONTROLS","NO CONTROLS","RAIN","DAYLIGHT","PARKED MOTOR VEHICLE","PARKING LOT",,"STRAIGHT AND LEVEL","WET","UNKNOWN","ON SCENE","NO INJURY / DRIVE AWAY",,"Y","Y","OVER $1,500","2024-06-28T17:07:00.000","UNABLE TO DETERMINE","UNABLE TO DETERMINE","1763","W","HOWARD ST","2422",,,,,,,"2","NO INDICATION OF INJURY","0","0","0","0","0","1","0","16","6","6","42.01928855","-87.675058509","POINT (-87.675058509388 42.019288550088)"
"b73284ce9e4f4f3b33af24d642a1951fd612aee8048ed8383c554d3983497d1b96a3f3725f23b0ff560bb11dd708c3f5244f1c8cfcc313a9ae94f7b768a5bef5",,"2024-06-28T16:46:00.000","30","TRAFFIC SIGNAL","FUNCTIONING PROPERLY","UNKNOWN","DAYLIGHT","REAR END","ONE-WAY",,"STRAIGHT AND LEVEL","UNKNOWN","UNKNOWN","NOT ON SCENE (DESK REPORT)","NO INJURY / DRIVE AWAY",,,,"OVER $1,500","2024-06-28T17:20:00.000","DRIVING SKILLS/KNOWLEDGE/EXPERIENCE","UNABLE TO DETERMINE","7500","S","LAFAYETTE AVE","623",,,,,,,"2","NO INDICATION OF INJURY","0","0","0","0","0","2","0","16","6","6","41.758068532","-87.626516982","POINT (-87.626516982328 41.75806853202)"
"163668cee01639c290ff87ed37cb80eacf9b14fe6f0fbb2395f771a247748ed719a7d318226f673951ba1810bf9598ee052098e06b40b0d5fdf3a65b818f5b32",,"2024-06-28T16:45:00.000","30","STOP SIGN/FLASHER","FUNCTIONING PROPERLY","RAIN","DAYLIGHT","PEDESTRIAN","NOT DIVIDED",,"STRAIGHT AND LEVEL","WET","UNKNOWN","ON SCENE","INJURY AND / OR TOW DUE TO CRASH",,,,"OVER $1,500","2024-06-28T16:52:00.000","FAILING TO YIELD RIGHT-OF-WAY","FAILING TO YIELD RIGHT-OF-WAY","2599","N","SAWYER AVE","1413",,"Y",,,,,"2","NONINCAPACITATING INJURY","1","0","0","1","0","1","0","16","6","6","41.928258638","-87.709243482","POINT (-87.70924348197 41.928258638058)"
"2ef30d3b2417805fc470858afd8b2a0c313ba73be51b60f343e3b8adf1598f40f0454cc72f10fb7218dba4555309940c779e59a52d7387e24466129e112f6b12",,"2024-06-28T16:45:00.000","30","OTHER","FUNCTIONING PROPERLY","RAIN","DAYLIGHT","SIDESWIPE SAME DIRECTION","NOT DIVIDED",,"STRAIGHT AND LEVEL","WET","UNKNOWN","ON SCENE","NO INJURY / DRIVE AWAY",,,,"$501 - $1,500","2024-06-28T17:00:00.000","IMPROPER OVERTAKING/PASSING","NOT APPLICABLE","1900","W","43RD ST","924",,"Y",,,,,"2","NO INDICATION OF INJURY","0","0","0","0","0","4","0","16","6","6","41.815916348","-87.672506981","POINT (-87.67250698145 41.815916347912)"
"04613d0b6e952797ef2a5bdd619388b57bc8d2bfb6a5df61dca214464496d76da598a47fdc8d479bef5a29fd8f542ac63b01723cca53c2561a1198dc9cf2ff30",,"2024-06-28T16:40:00.000","30","NO CONTROLS","NO CONTROLS","RAIN","DAYLIGHT","TURNING","DIVIDED - W/MEDIAN (NOT RAISED)",,"STRAIGHT AND LEVEL","WET","NO DEFECTS","ON SCENE","NO INJURY / DRIVE AWAY","Y",,,"$501 - $1,500","2024-06-28T16:43:00.000","IMPROPER TURNING/NO SIGNAL","NOT APPLICABLE","5480","N","ELSTON AVE","1623",,,,,,,"2","NO INDICATION OF INJURY","0","0","0","0","0","2","0","16","6","6","41.980833224","-87.761065713","POINT (-87.76106571306 41.980833223834)"
"b1eac1ae85c3d1977630666fdbd4647fce7c6e8c2c6cf7262474a3ea402b3d6d54dbe8e057d27924f445d754fa7a6d0caa55609153db58911322e3200138eb54",,"2024-06-28T16:40:00.000","30","NO CONTROLS","NO CONTROLS","CLEAR","DAYLIGHT","PEDALCYCLIST","DRIVEWAY",,"STRAIGHT AND LEVEL","DRY","NO DEFECTS","ON SCENE","INJURY AND / OR TOW DUE TO CRASH",,,"Y","$500 OR LESS","2024-06-28T16:40:00.000","FAILING TO YIELD RIGHT-OF-WAY","NOT APPLICABLE","122","W","79TH ST","623",,,,,,,"2","NONINCAPACITATING INJURY","2","0","0","2","0","1","0","16","6","6","41.751003152","-87.627955219","POINT (-87.627955219367 41.751003152371)"
"486608e3441663d487cd9e3f96514a7d783d5b75ea66a032941703cba7c8d7d122f0966693f60a332d7e80238717c33cd587f257a0757097efb61072fc4f791f",,"2024-06-28T16:39:00.000","30","STOP SIGN/FLASHER","FUNCTIONING PROPERLY","RAIN","DAYLIGHT","TURNING","DIVIDED - W/MEDIAN (NOT RAISED)",,"STRAIGHT AND LEVEL","WET","NO DEFECTS","ON SCENE","INJURY AND / OR TOW DUE TO CRASH","Y",,,"OVER $1,500","2024-06-28T16:39:00.000","FAILING TO YIELD RIGHT-OF-WAY","FAILING TO REDUCE SPEED TO AVOID CRASH","5400","N","WESTERN AVE","2011",,,,,,,"2","NO INDICATION OF INJURY","0","0","0","0","0","2","0","16","6","6","41.979613525","-87.689445832","POINT (-87.689445831646 41.979613525431)"
"16e7676c7621029112c92e8ab21577dbfdfd20a0137644c8e619ed32159b401e646162ced588f43440927ca876625ab2b5eae51e4395bfba9dc7caf76c0d01fd",,"2024-06-28T16:35:00.000","30","TRAFFIC SIGNAL","FUNCTIONING PROPERLY","RAIN","DAYLIGHT","SIDESWIPE SAME DIRECTION","ONE-WAY",,"STRAIGHT AND LEVEL","WET","NO DEFECTS","NOT ON SCENE (DESK REPORT)","NO INJURY / DRIVE AWAY","Y",,,"$501 - $1,500","2024-06-28T17:10:00.000","WEATHER","UNABLE TO DETERMINE","7100","S","LAFAYETTE AVE","731",,,,,,,"2","NO INDICATION OF INJURY","0","0","0","0","0","2","0","16","6","6","41.765398586","-87.626695501","POINT (-87.626695500681 41.765398585764)"
"c842b20c9954135746659e8c4c7597f2d58af99c67da436fc90394776a51990a631bc8c1089d5c8ce0c6d2cd8ae27a5c798ffdeaf478f9c51167bfa486aacf71",,"2024-06-28T16:34:00.000","30","NO CONTROLS","NO CONTROLS","RAIN","DAYLIGHT","SIDESWIPE SAME DIRECTION","NOT DIVIDED",,"STRAIGHT AND LEVEL","WET","NO DEFECTS","ON SCENE","NO INJURY / DRIVE AWAY",,,"Y","$500 OR LESS","2024-06-28T16:34:00.000","IMPROPER LANE USAGE","IMPROPER LANE USAGE","5598","W","ROOSEVELT RD","1522",,,,,,,"2","NO INDICATION OF INJURY","0","0","0","0","0","2","0","16","6","6","41.865715039","-87.764182613","POINT (-87.764182613481 41.865715039264)"
"500ad29e125cf7595eca4de8f333aebfc781301411f411bb3b3896104393357458a9e850b1c00de3147ce2543e29cbb9ef15b62ca41ba12719760236a28086c1",,"2024-06-28T16:32:00.000","25","TRAFFIC SIGNAL","FUNCTIONING PROPERLY","CLOUDY/OVERCAST","DAYLIGHT","SIDESWIPE SAME DIRECTION","CENTER TURN LANE",,"STRAIGHT AND LEVEL","DRY","NO DEFECTS","NOT ON SCENE (DESK REPORT)","NO INJURY / DRIVE AWAY",,,"Y","OVER $1,500","2024-06-28T17:30:00.000","DRIVING SKILLS/KNOWLEDGE/EXPERIENCE","IMPROPER TURNING/NO SIGNAL","3252","S","DAMEN AVE","912",,,,,,,"2","NO INDICATION OF INJURY","0","0","0","0","0","3","0","16","6","6","41.834284514","-87.675529091","POINT (-87.675529091363 41.834284514255)"
"09ade155c5e430e20ccb6beb21fb89dc56697e734c0dbbc9a1bec4a9e92ed5e6d5eb18d18ad943a9aeca578d65b1629580f41108fd9558032ce63d3ceb118a20",,"2024-06-28T16:30:00.000","30","TRAFFIC SIGNAL","FUNCTIONING PROPERLY","CLEAR","DAYLIGHT","REAR END","NOT DIVIDED",,"STRAIGHT AND LEVEL","DRY","NO DEFECTS","NOT ON SCENE (DESK REPORT)","NO INJURY / DRIVE AWAY",,,,"OVER $1,500","2024-06-28T16:45:00.000","IMPROPER OVERTAKING/PASSING","NOT APPLICABLE","242","W","CERMAK RD","914",,,,,,,"2","NO INDICATION OF INJURY","0","0","0","0","0","2","0","16","6","6","41.852937515","-87.633760695","POINT (-87.633760694798 41.852937515369)"
"978cf30e14efcc4179894a7084d2c9ad34405797c65b891b6d008f624d96ffe00f9f8069e5aca6688ef34d844dd7709a21e9dbc060ef93cf131713b7fa84258c",,"2024-06-28T16:30:00.000","30","STOP SIGN/FLASHER","FUNCTIONING PROPERLY","RAIN","DAYLIGHT","TURNING","FOUR WAY",,"STRAIGHT AND LEVEL","WET","NO DEFECTS","ON SCENE","NO INJURY / DRIVE AWAY","Y",,,"$501 - $1,500","2024-06-28T16:35:00.000","FAILING TO YIELD RIGHT-OF-WAY","DISREGARDING YIELD SIGN","7100","S","CLYDE AVE","333",,"N",,,,,"2","NO INDICATION OF INJURY","0","0","0","0","0","2","0","16","6","6","41.766004968","-87.573990745","POINT (-87.573990745164 41.766004968087)"
"adaf7ef2ba3bcb5e1701f3a179c23a98e408f91ae3bba88850bfa30fcaf028992651dc9806b38646087a2d9b3c952985fd98b848c7ff5662f4c68d09a61631f7",,"2024-06-28T16:30:00.000","30","STOP SIGN/FLASHER","FUNCTIONING PROPERLY","RAIN","DAYLIGHT","SIDESWIPE SAME DIRECTION","NOT DIVIDED",,"STRAIGHT AND LEVEL","WET","NO DEFECTS","NOT ON SCENE (DESK REPORT)","NO INJURY / DRIVE AWAY",,,,"$500 OR LESS","2024-06-28T19:10:00.000","FOLLOWING TOO CLOSELY","UNABLE TO DETERMINE","832","W","MADISON ST","1224",,,,,,,"2","NO INDICATION OF INJURY","0","0","0","0","0","1","0","16","6","6","41.881870366","-87.648593139","POINT (-87.648593139037 41.881870366494)"
"75748b9fc441c1562f38391285d634eaeba8106066a45837dc809214d5c09a12f54fb660abeb8c4e0da83b68d03b4d5443405b8bfb1e316e57ab1f7cee1bc49f",,"2024-06-28T16:24:00.000","30","UNKNOWN","UNKNOWN","UNKNOWN","UNKNOWN","REAR END","DIVIDED - W/MEDIAN (NOT RAISED)",,"STRAIGHT AND LEVEL","UNKNOWN","UNKNOWN","NOT ON SCENE (DESK REPORT)","INJURY AND / OR TOW DUE TO CRASH",,,,"OVER $1,500","2024-06-28T17:00:00.000","FOLLOWING TOO CLOSELY","UNABLE TO DETERMINE","5701","N","SHERIDAN RD","2022",,,,,,,"2","REPORTED, NOT EVIDENT","1","0","0","0","1","4","0","16","6","6","41.985638421","-87.655094323","POINT (-87.655094323271 41.985638421049)"
"e5fbc834c6bbf34bf96a5d1c685f29bd0404fd625a60f6ba9101fb75af8b901d097b71acaab7174f1c6a12b6ce560f60578be55ce982d4bf12ff418a184dd49b",,"2024-06-28T16:23:00.000","30","NO CONTROLS","NO CONTROLS","CLEAR","DAYLIGHT","REAR END","NOT DIVIDED",,"STRAIGHT AND LEVEL","WET","NO DEFECTS","ON SCENE","NO INJURY / DRIVE AWAY",,,"Y","OVER $1,500","2024-06-28T16:23:00.000","UNABLE TO DETERMINE","UNABLE TO DETERMINE","3032","W","MONTROSE AVE","1724",,,,,,,"3","NO INDICATION OF INJURY","0","0","0","0","0","4","0","16","6","6","41.961321374","-87.704725116","POINT (-87.70472511566 41.961321373642)"
"e58eb9d9bbae1e9e671fc90e74820ec28268924764d3d6fc1cbacbaf9074f2d5da1afbedfd80cdf00825a19508ce0ae5f1014bbe01c683c6239873e5cc49a02f",,"2024-06-28T16:21:00.000","30","NO CONTROLS","NO CONTROLS","CLEAR","DAYLIGHT","SIDESWIPE SAME DIRECTION","NOT DIVIDED",,"STRAIGHT AND LEVEL","DRY","UNKNOWN","NOT ON SCENE (DESK REPORT)","NO INJURY / DRIVE AWAY",,,,"$501 - $1,500","2024-06-28T18:10:00.000","NOT APPLICABLE","NOT APPLICABLE","10000","W","OHARE ST","1651",,,,,,,"2","NO INDICATION OF INJURY","0","0","0","0","0","2","0","16","6","6","41.976201139","-87.905309125","POINT (-87.905309125103 41.976201139024)"