"crash_record_id","crash_date_est_i","crash_date","posted_speed_limit","traffic_control_device","device_condition","weather_condition","lighting_condition","first_crash_type","trafficway_type","lane_cnt","alignment","roadway_surface_cond","road_defect","report_type","crash_type","intersection_related_i","private_property_i","hit_and_run_i","damage","date_police_notified","prim_contributory_cause","sec_contributory_cause","street_no","street_direction","street_name","beat_of_occurrence","photos_taken_i","statements_taken_i","dooring_i","work_zone_i","work_zone_type","workers_present_i","num_units","most_severe_injury","injuries_total","injuries_fatal","injuries_incapacitating","injuries_non_incapacitating","injuries_reported_not_evident","injuries_no_indication","injuries_unknown","crash_hour","crash_day_of_week","crash_month","latitude","longitude","location"
"8c291f2fb742522f6b30d8a783301011a98e04b4eb945fc597617d68b39d19ca1eb061df76f1d653f83890b4925cededb8d8ae88c51aadf2e91d7150a876691d",,"2024-06-28T16:20:00.000","30","NO CONTROLS","NO CONTROLS","CLEAR","DAYLIGHT","PARKED MOTOR VEHICLE","NOT DIVIDED",,"STRAIGHT AND LEVEL","WET","NO DEFECTS","ON SCENE","NO INJURY / DRIVE AWAY",,,,"OVER $1,500","2024-06-28T16:20:00.000","DRIVING SKILLS/KNOWLEDGE/EXPERIENCE","DRIVING SKILLS/KNOWLEDGE/EXPERIENCE","3425","W","ROOSEVELT RD","1021",,,,,,,"2","NO INDICATION OF INJURY","0","0","0","0","0","2","0","16","6","6","41.866227016","-87.711570898","POINT (-87.711570897818 41.866227016332)"
"743f5adace1252f635533f7aa9102fd60f3c78797af1c04d8e3487c9ad13fe5beda4df7b201ea37fad9bbf4353be05cc563d27d74a74a4c4d0cd2f4ec7d55f90",,"2024-06-28T16:10:00.000","30","NO CONTROLS","NO CONTROLS","CLEAR","DAYLIGHT","PARKED MOTOR VEHICLE","NOT DIVIDED",,"STRAIGHT AND LEVEL","UNKNOWN","UNKNOWN","NOT ON SCENE (DESK REPORT)","NO INJURY / DRIVE AWAY",,,,"OVER $1,500","2024-06-29T09:00:00.000","UNABLE TO DETERMINE","UNABLE TO DETERMINE","2221","N","WESTERN AVE","1432",,,,,,,"2","NO INDICATION OF INJURY","0","0","0","0","0","2","0","16","6","6","41.922330073","-87.687415481","POINT (-87.687415481207 41.922330072816)"
"525db27bc470c5e55cc9d03397996b08170f74482245297a90082c7e689d4ca601b53c3f7aedbc27d626a40755e012ff620a5c64e9972c23124e3e4efd42f50f",,"2024-06-28T16:05:00.000","30","NO CONTROLS","NO CONTROLS","RAIN","DAWN","PARKED MOTOR VEHICLE","NOT DIVIDED",,"STRAIGHT AND LEVEL","WET","NO DEFECTS","ON SCENE","INJURY AND / OR TOW DUE TO CRASH",,,,"OVER $1,500","2024-06-28T16:28:00.000","PHYSICAL CONDITION OF DRIVER","NOT APPLICABLE","2667","W","MADISON ST","1125",,,,,,,"2","NO INDICATION OF INJURY","0","0","0","0","0","4","0","16","6","6","41.880983815","-87.693537169","POINT (-87.693537169311 41.880983814512)"
"ccd92f6fa09e0b56133254b6ef193d11ff18799d21efddf25005295706d234455dd0699001630223296ed47c75c0016439c81878c18a8d581edc8da7222a0635",,"2024-06-28T16:04:00.000","30","NO CONTROLS","NO CONTROLS","CLEAR","DAYLIGHT","PARKED MOTOR VEHICLE","ONE-WAY",,"STRAIGHT AND LEVEL","DRY","NO DEFECTS","ON SCENE","NO INJURY / DRIVE AWAY",,,,"OVER $1,500","2024-06-28T16:04:00.000","UNABLE TO DETERMINE","UNABLE TO DETERMINE","504","N","WELLS ST","1831",,,,,,,"2","NO INDICATION OF INJURY","0","0","0","0","0","1","0","16","6","6","41.890955206","-87.634200437","POINT (-87.634200436763 41.890955206415)"
"308232a0c0e13e14fb66e8bf4bd71e00e04e2fb6b65bed0aa8ee2cb3f59fd39b831721f7cc8029e453341b410ec9f4bbcda68085fcad251d7418868ead730015",,"2024-06-28T16:00:00.000","30","NO CONTROLS","NO CONTROLS","RAIN","DAYLIGHT","SIDESWIPE SAME DIRECTION","NOT DIVIDED",,"STRAIGHT ON GRADE","WET","NO DEFECTS","ON SCENE","INJURY AND / OR TOW DUE TO CRASH",,,,"OVER $1,500","2024-06-28T16:05:00.000","UNABLE TO DETERMINE","UNABLE TO DETERMINE","10950","S","KEDZIE AVE","2211",,,,,,,"2","NO INDICATION OF INJURY","0","0","0","0","0","2","0","16","6","6","41.693709457","-87.701046562","POINT (-87.701046562282 41.693709456839)"
"40b26b81724263bcd33e1229a3dc2c6acac367b649bb1e7e652a695f2d417dd36a58ca516dad7f00473a7aeaee38d74974c5202096b5ddffaad0f3c2fb833d21",,"2024-06-28T16:00:00.000","30","STOP SIGN/FLASHER","FUNCTIONING PROPERLY","CLEAR","DAYLIGHT","ANGLE","DIVIDED - W/MEDIAN (NOT RAISED)",,"STRAIGHT AND LEVEL","DRY","NO DEFECTS","NOT ON SCENE (DESK REPORT)","NO INJURY / DRIVE AWAY",,,"Y","$501 - $1,500","2024-06-28T16:15:00.000","UNABLE TO DETERMINE","NOT APPLICABLE","3100","N","LARAMIE AVE","2514",,,,,,,"2","NO INDICATION OF INJURY","0","0","0","0","0","2","0","16","6","6","41.936918592","-87.75677312","POINT (-87.756773119771 41.936918591825)"
"64966eff32cd32168166bb743a30aa6e239311552fca903f8dc66578454841158d035cc197d4a67f52bdba0cefa1738deb584cf50545f9b48d174ab7ef3ca444",,"2024-06-28T16:00:00.000","30","NO CONTROLS","NO CONTROLS","CLOUDY/OVERCAST","DAYLIGHT","SIDESWIPE SAME DIRECTION","NOT DIVIDED",,"STRAIGHT AND LEVEL","DRY","NO DEFECTS","NOT ON SCENE (DESK REPORT)","NO INJURY / DRIVE AWAY",,,,"OVER $1,500","2024-06-28T16:30:00.000","UNABLE TO DETERMINE","UNABLE TO DETERMINE","1651","W","OGDEN AVE","1224",,,,,,,"2","NO INDICATION OF INJURY","0","0","0","0","0","7","0","16","6","6","41.879597396","-87.66810462","POINT (-87.668104620192 41.879597396151)"
"64f00f629876597b6adb67c2b976247a7fcff0719b3bb8cd27b85a7366580559cf568b42676d0b4e7e42075f05f5b569c4a60bdf6a6a4d9da2610d23b5f35243",,"2024-06-28T16:00:00.000","30","TRAFFIC SIGNAL","FUNCTIONING PROPERLY","RAIN","DAYLIGHT","REAR END","NOT DIVIDED",,"STRAIGHT AND LEVEL","WET","NO DEFECTS","ON SCENE","INJURY AND / OR TOW DUE TO CRASH",,,,"OVER $1,500","2024-06-28T16:10:00.000","FAILING TO REDUCE SPEED TO AVOID CRASH","FOLLOWING TOO CLOSELY","9100","S","LAFAYETTE AVE","634",,,,,,,"2","REPORTED, NOT EVIDENT","3","0","0","0","3","0","0","16","6","6","41.728930723","-87.625382756","POINT (-87.625382756311 41.72893072336)"
"9d94f47b5a005fd0c09949f426709e8757b2a8390c451aed07d582d73e3c289958cdee6f96e84683d2bf26da68139bcf99da6d24b91cc3103d7b79bf85188452",,"2024-06-28T16:00:00.000","15","NO CONTROLS","NO CONTROLS","RAIN","DAYLIGHT","PARKED MOTOR VEHICLE","PARKING LOT",,"STRAIGHT AND LEVEL","WET","NO DEFECTS","NOT ON SCENE (DESK REPORT)","NO INJURY / DRIVE AWAY",,,"Y","OVER $1,500","2024-06-28T18:00:00.000","IMPROPER BACKING","NOT APPLICABLE","5687","S","ARCHER AVE","814",,,,,,,"2","NO INDICATION OF INJURY","0","0","0","0","0","2","0","16","6","6","41.796968606","-87.753523668","POINT (-87.75352366806 41.796968605758)"
"d28797f2b8fff398a9b819a92895877dce5dbbb63a2b595b664e08203e2f2fbfe63073e310824083f0c16825dd46ecb31bfccd84fb63a8f27fce8979fc6e3e5a",,"2024-06-28T16:00:00.000","30","NO CONTROLS","NO CONTROLS","RAIN","DAYLIGHT","PARKED MOTOR VEHICLE","ONE-WAY",,"STRAIGHT AND LEVEL","WET","NO DEFECTS","NOT ON SCENE (DESK REPORT)","NO INJURY / DRIVE AWAY",,,"Y","OVER $1,500","2024-06-28T18:05:00.000","UNABLE TO DETERMINE","NOT APPLICABLE","5700","S","MICHIGAN AVE","232",,,,,,,"2","NO INDICATION OF INJURY","0","0","0","0","0","1","0","16","6","6","41.790976629","-87.62251742","POINT (-87.622517420256 41.790976628788)"
"96f7768877dd5dd387a4f960e6843026479e5c802ebf1877ff7dbf52b4d299f52a63f1da052675c67c70b5ebae0fc558bc0567debdcd1ab689b84992b91d9396",,"2024-06-28T15:57:00.000","30","STOP SIGN/FLASHER","UNKNOWN","RAIN","DAYLIGHT","ANGLE","NOT DIVIDED",,"STRAIGHT AND LEVEL","WET","UNKNOWN","ON SCENE","INJURY AND / OR TOW DUE TO CRASH",,,,"OVER $1,500","2024-06-28T16:20:00.000","FAILING TO YIELD RIGHT-OF-WAY","FAILING TO YIELD RIGHT-OF-WAY","200","E","70TH ST","322",,,,,,,"2","NONINCAPACITATING INJURY","1","0","0","1","0","5","0","15","6","6","41.767547015","-87.620087618","POINT (-87.620087618086 41.76754701527)"
"9f45d67d712ad6531f1cbba224fec1b5004ccf706d92588fe04684ab6db17b13f86c87864ce492b986da196ad134b2dd0de6e0257ce493c54d218302d79e5109",,"2024-06-28T15:56:00.000","25","UNKNOWN","UNKNOWN","CLOUDY/OVERCAST","DAYLIGHT","SIDESWIPE SAME DIRECTION","NOT DIVIDED",,"STRAIGHT AND LEVEL","WET","UNKNOWN",,"NO INJURY / DRIVE AWAY",,,"N","OVER $1,500","2024-06-28T16:07:00.000","UNABLE TO DETERMINE","UNABLE TO DETERMINE","4629","W","LAWRENCE AVE","1722",,,,,,,"2","NO INDICATION OF INJURY","0","0","0","0","0","3","0","15","6","6","41.967960006","-87.744056749","POINT (-87.744056748958 41.967960005746)"
"2c7862e1a2a0b552b46bfbe6f26f458ec5958ed4da9ed9b41914d38eb182fa9ef9a3a0b7e6f37ab0dcdcbbe97154923c2d4bf76a35de3ebd5999a2c8300f4657",,"2024-06-28T15:50:00.000","30","TRAFFIC SIGNAL","UNKNOWN","RAIN","DAYLIGHT","TURNING","FOUR WAY",,"STRAIGHT AND LEVEL","WET","UNKNOWN","NOT ON SCENE (DESK REPORT)","NO INJURY / DRIVE AWAY","Y",,"Y","OVER $1,500","2024-06-28T17:20:00.000","UNABLE TO DETERMINE","NOT APPLICABLE","800","E","61ST ST","235",,,,,,,"4","NO INDICATION OF INJURY","0","0","0","0","0","4","0","15","6","6","41.784168905","-87.605932023","POINT (-87.605932023107 41.784168905266)"
"f8eb6c234189768083677581a6ae0d765c9813e5ad8477e64f54a445fb1a3a24bafb763eaaedb66df5354c940f9ff7731e1e3dc153d2bac8ea29a95de928079a",,"2024-06-28T15:45:00.000","30","UNKNOWN","UNKNOWN","UNKNOWN","DAYLIGHT","TURNING","FOUR WAY",,"STRAIGHT AND LEVEL","UNKNOWN","UNKNOWN","NOT ON SCENE (DESK REPORT)","NO INJURY / DRIVE AWAY","Y",,"Y","OVER $1,500","2024-06-28T17:30:00.000","IMPROPER TURNING/NO SIGNAL","FAILING TO YIELD RIGHT-OF-WAY","6100","S","COTTAGE GROVE AVE","313",,,,,,,"4","NO INDICATION OF INJURY","0","0","0","0","0","4","0","15","6","6","41.783964365","-87.606153791","POINT (-87.606153790698 41.783964365307)"
"6bb703df0b4d3fb9496c92ca68768e1fa7ca955895d832d4c253b81c81f5ff0d2b65036d5a37be3d0c369aa0ad3985b77a59c78078bb127e6d6124f98f8c00d2","Y","2024-06-28T15:43:00.000","25","NO CONTROLS","NO CONTROLS","UNKNOWN","DAYLIGHT","REAR END","NOT DIVIDED",,"STRAIGHT AND LEVEL","UNKNOWN","UNKNOWN","NOT ON SCENE (DESK REPORT)","NO INJURY / DRIVE AWAY",,,,"$501 - $1,500","2024-06-28T17:45:00.000","UNABLE TO DETERMINE","UNABLE TO DETERMINE","5969","W","MADISON ST","1513",,,,,,,"2","NO INDICATION OF INJURY","0","0","0","0","0","2","0","15","6","6","41.879978065","-87.77458167","POINT (-87.774581670135 41.879978065343)"
"77ed1094ba85d73ba5a521f315baca5d8f7dcb9876db93ee694a65d067e732f6c30618267a3313f6cd94992911839f05c00fe46d9b0b3f37347a4265771ab619",,"2024-06-28T15:41:00.000","35","NO CONTROLS","NO CONTROLS","RAIN","DAYLIGHT","REAR END","NOT DIVIDED",,"STRAIGHT AND LEVEL","WET","NO DEFECTS","ON SCENE","NO INJURY / DRIVE AWAY",,,,"OVER $1,500","2024-06-28T15:41:00.000","FOLLOWING TOO CLOSELY","IMPROPER OVERTAKING/PASSING","2799","W","DIVERSEY AVE","1411",,,,,,,"3","NO INDICATION OF INJURY","0","0","0","0","0","4","0","15","6","6","41.931985955","-87.69755673","POINT (-87.697556729954 41.931985955206)"
"254578311aff493c9bae1eee4cd466993d55731c989f8335f361df27b677e94373a56dc7e33cc6d47eeb8e0411343465c6e45ea1555e2ff2f80e35882cce094b","Y","2024-06-28T15:35:00.000","25","NO CONTROLS","NO CONTROLS","UNKNOWN","DAYLIGHT","SIDESWIPE SAME DIRECTION","NOT DIVIDED",,"STRAIGHT AND LEVEL","UNKNOWN","UNKNOWN","NOT ON SCENE (DESK REPORT)","NO INJURY / DRIVE AWAY",,,"Y","$501 - $1,500","2024-06-28T16:20:00.000","UNABLE TO DETERMINE","UNABLE TO DETERMINE","818","S","CICERO AVE","1533",,,,,,,"2","NO INDICATION OF INJURY","0","0","0","0","0","3","0","15","6","6","41.869736951","-87.745022698","POINT (-87.745022697676 41.869736951221)"
"de3ec4f7fda1fcf0dcca254e5bc14bcf96226e681d0dd422e99c01dddcdc6774b8eb80ac96de01cddb748e9356b002024d69a6df1eecd9df5bca8b05146e3ea3",,"2024-06-28T15:35:00.000","30","NO CONTROLS","NO CONTROLS","RAIN","DAYLIGHT","REAR END","NOT DIVIDED",,"STRAIGHT AND LEVEL","WET","NO DEFECTS","NOT ON SCENE (DESK REPORT)","NO INJURY / DRIVE AWAY",,,"Y","OVER $1,500","2024-06-28T16:15:00.000","OPERATING VEHICLE IN ERRATIC, RECKLESS, CARELESS, NEGLIGENT OR AGGRESSIVE MANNER","NOT APPLICABLE","6100","S","COTTAGE GROVE AVE","313",,,,,,,"3","NO INDICATION OF INJURY","0","0","0","0","0","3","0","15","6","6","41.783964365","-87.606153791","POINT (-87.606153790698 41.783964365307)"
"cad8d03b750f150f48526627822a16453f009e9379ce09b12abad8463b82c7c751df21e2a17e1ee6d7b8a16bbb6076fba1a0e6c44d241596711d306bd574df0d",,"2024-06-28T15:33:00.000","30","NO CONTROLS","OTHER","RAIN","DUSK","ANGLE","NOT DIVIDED",,"CURVE, LEVEL","WET","NO DEFECTS",,"INJURY AND / OR TOW DUE TO CRASH",,,,"OVER $1,500","2024-06-28T15:46:00.000","UNABLE TO DETERMINE","IMPROPER LANE USAGE","11110","S","DOTY AVE W","531",,"Y",,,,,"2","NONINCAPACITATING INJURY","3","0","0","3","0","0","0","15","6","6","41.692411981","-87.600585655","POINT (-87.600585655187 41.692411980877)"
"28b43fed990c16005cb4879e5395f9ff2729bb7dfe430629addd2df7b3454a01b9c05f58d857e719a27eafc339079dd6f5bfcc98963dcabff4aa7489dad4ae8e",,"2024-06-28T15:30:00.000","25","NO CONTROLS","NO CONTROLS","CLEAR","DAYLIGHT","PARKED MOTOR VEHICLE","ONE-WAY",,"STRAIGHT AND LEVEL","DRY","NO DEFECTS","NOT ON SCENE (DESK REPORT)","NO INJURY / DRIVE AWAY",,"Y","Y","OVER $1,500","2024-06-29T08:00:00.000","UNABLE TO DETERMINE","UNABLE TO DETERMINE","67","W","CHESTNUT ST","1832",,,,,,,"2","NO INDICATION OF INJURY","0","0","0","0","0","1","0","15","6","6","41.89786494","-87.630874863","POINT (-87.630874862681 41.897864939688)"
"e10d5c769b389a69feb55ccb07cb8722150e20acaceccc4a76a41fbb571494fffe76ba7170409efd7ef6a17698a6999ccc08cfac58bcada95216fa8ba8d31dba",,"2024-06-28T15:30:00.000","30","NO CONTROLS","NO CONTROLS","CLEAR","DAYLIGHT","SIDESWIPE SAME DIRECTION","NOT DIVIDED",,"STRAIGHT AND LEVEL","WET","NO DEFECTS","ON SCENE","NO INJURY / DRIVE AWAY",,,,"OVER $1,500","2024-06-28T15:33:00.000","FAILING TO YIELD RIGHT-OF-WAY","UNABLE TO DETERMINE","146","W","103RD ST","511",,,,,,,"2","NO INDICATION OF INJURY","0","0","0","0","0","4","0","15","6","6","41.707218139","-87.627751558","POINT (-87.627751558279 41.707218139001)"
"9773eb41297f72a361f4d5376593f93d18944c0c365f83ed1eb880938cc99413972a4d3fa9a64c639c5210f15be8eb23d8fdc13b736dc03f84d9c7df26a52539","Y","2024-06-28T15:20:00.000","30","TRAFFIC SIGNAL","FUNCTIONING PROPERLY","RAIN","DAYLIGHT","PEDESTRIAN","FOUR WAY",,"STRAIGHT AND LEVEL","WET","NO DEFECTS","ON SCENE","INJURY AND / OR TOW DUE TO CRASH",,,,"OVER $1,500","2024-06-28T15:30:00.000","VISION OBSCURED (SIGNS, TREE LIMBS, BUILDINGS, ETC.)","DISREGARDING ROAD MARKINGS","2000","E","79TH ST","414",,,,,,,"2","INCAPACITATING INJURY","1","0","1","0","0","1","0","15","6","6","41.751716559","-87.575923074","POINT (-87.575923074465 41.751716559268)"
"d35525b3ead328f8c2a856cf902acebfcaf12fc939acae481e3879faa61d91fe8b83343f3329df2d1fab9017fbbb57f05033f25d0278e403c868f4b062dc901f",,"2024-06-28T15:20:00.000","30","TRAFFIC SIGNAL","FUNCTIONING PROPERLY","CLEAR","DAYLIGHT","REAR END","NOT DIVIDED",,"STRAIGHT AND LEVEL","DRY","NO DEFECTS","NOT ON SCENE (DESK REPORT)","NO INJURY / DRIVE AWAY",,,"Y","OVER $1,500","2024-06-29T13:55:00.000","UNABLE TO DETERMINE","NOT APPLICABLE","3200","W","MADISON ST","1123",,,,,,,"2","NO INDICATION OF INJURY","0","0","0","0","0","2","0","15","6","6","41.881081161","-87.706244119","POINT (-87.706244119065 41.881081160866)"
"033590ccc92629128319025b9447922ba05b1912942810f1e19eb095092540499fe18448b6e13ec900a28c62555c6d52fc3f900b3f9081792ff589edd5c009c5",,"2024-06-28T15:15:00.000","15","NO CONTROLS","NO CONTROLS","RAIN","DAYLIGHT","SIDESWIPE SAME DIRECTION","PARKING LOT",,"STRAIGHT AND LEVEL","WET","NO DEFECTS","ON SCENE","NO INJURY / DRIVE AWAY",,,,"OVER $1,500","2024-06-28T15:28:00.000","IMPROPER BACKING","IMPROPER BACKING","524","W","OHARE ST","1654",,,,,,,"2","NO INDICATION OF INJURY","0","0","0","0","0","2","0","15","6","6",,,
"2577f0092340dfab02964d1bdb22b587759cf16f4372c18909858e0d0eca168799c3f8c08a11206d4e2076789cb3bfbc57a7f803863e69c9c41f93e7420746b2",,"2024-06-28T15:15:00.000","25","NO CONTROLS","NO CONTROLS","RAIN","DAYLIGHT","SIDESWIPE OPPOSITE DIRECTION","NOT DIVIDED",,"STRAIGHT AND LEVEL","WET","NO DEFECTS","ON SCENE","INJURY AND / OR TOW DUE TO CRASH",,,,"OVER $1,500","2024-06-28T15:20:00.000","UNABLE TO DETERMINE","NOT APPLICABLE","502","W","MONTROSE DR","1914",,,,,,,"2","NO INDICATION OF INJURY","0","0","0","0","0","3","0","15","6","6","41.96247216","-87.643279332","POINT (-87.643279331898 41.962472160316)"
"70f667fd50a93ed38fb424d2b722ee418b8f430e2663202f57b012381b0d75ad529e6d0979d5e424658033fb9ffdfdb0eb1c3885d7ca5c93686531e0415ff157",,"2024-06-28T15:15:00.000","30","TRAFFIC SIGNAL","FUNCTIONING PROPERLY","RAIN","DAYLIGHT","ANGLE","FOUR WAY",,"STRAIGHT AND LEVEL","WET","NO DEFECTS","ON SCENE","INJURY AND / OR TOW DUE TO CRASH","Y",,,"OVER $1,500","2024-06-28T15:20:00.000","DISREGARDING TRAFFIC SIGNALS","NOT APPLICABLE","5462","S","MORGAN ST","934",,,,,,,"2","NO INDICATION OF INJURY","0","0","0","0","0","2","0","15","6","6","41.794282386","-87.650163662","POINT (-87.650163661529 41.794282385693)"
"ba9052789e1e2affc4d5b283a10c2ab52cd0f45a0e32072dab56de9d1f2c34cacfebc1fa4d14551096530167293ac93a220ccd33c88965f9756dd1aa752a62fd",,"2024-06-28T15:14:00.000","30","TRAFFIC SIGNAL","FUNCTIONING PROPERLY","RAIN","DAYLIGHT","SIDESWIPE SAME DIRECTION","NOT DIVIDED",,"STRAIGHT AND LEVEL","WET","NO DEFECTS","ON SCENE","NO INJURY / DRIVE AWAY",,,,"OVER $1,500","2024-06-28T16:00:00.000","IMPROPER LANE USAGE","UNABLE TO DETERMINE","5151","N","NAGLE AVE","1622",,,,,,,"2","NO INDICATION OF INJURY","0","0","0","0","0","2","0","15","6","6","41.975335817","-87.787732274","POINT (-87.787732274456 41.97533581652)"
"e98e0afb248b9ba6306d1f8528f94ff0325fe5f46beec1655aa7d39326738caab8d89d92b5e1cf37c4879b0e828ff7c20a5ce8253fccd18f95e8169f57f2fa26",,"2024-06-28T15:13:00.000","30","STOP SIGN/FLASHER","NO CONTROLS","CLEAR","DAYLIGHT","PEDALCYCLIST","FOUR WAY",,"STRAIGHT AND LEVEL","WET","UNKNOWN","ON SCENE","INJURY AND / OR TOW DUE TO CRASH","Y",,,"$500 OR LESS","2024-06-28T16:32:00.000","FAILING TO YIELD RIGHT-OF-WAY","UNABLE TO DETERMINE","2600","N","SPRINGFIELD AVE","2524",,"Y",,,,,"2","NONINCAPACITATING INJURY","1","0","0","1","0","1","0","15","6","6","41.928268673","-87.724581774","POINT (-87.724581774401 41.9282686726)"
"007f96eab82f5bb3196d14c47996a594f3336fc50ac73e81210f228fda2d1996fab680d47eb2d59a605d04d23acc887e77d19ae1f1dc20dd455a59f35bd27ae1",,"2024-06-28T15:00:00.000","30","NO CONTROLS","NO CONTROLS","CLEAR","DAYLIGHT","PARKED MOTOR VEHICLE","NOT DIVIDED",,"STRAIGHT AND LEVEL","DRY","NO DEFECTS","NOT ON SCENE (DESK REPORT)","NO INJURY / DRIVE AWAY",,,,"$500 OR LESS","2024-06-28T15:01:00.000","PHYSICAL CONDITION OF DRIVER","NOT APPLICABLE","4211","W","31ST ST","1031",,,,,,,"2","NO INDICATION OF INJURY","0","0","0","0","0","1","0","15","6","6","41.836710287","-87.729726846","POINT (-87.729726846172 41.836710287175)"
"1134dcf879e195df046f00ec91cbfa367f73fddff4817d27988f5c707d309a400d915478f2eb4ab7ef5b941bd23aa99d3ce4854394983cf4d865036370ee1c56",,"2024-06-28T15:00:00.000","25","STOP SIGN/FLASHER","NO CONTROLS","RAIN","DAYLIGHT","TURNING","ONE-WAY",,"STRAIGHT AND LEVEL","WET","NO DEFECTS","NOT ON SCENE (DESK REPORT)","NO INJURY / DRIVE AWAY","Y",,,"$501 - $1,500","2024-06-28T15:40:00.000","UNABLE TO DETERMINE","NOT APPLICABLE","1379","E","53RD ST","234",,,,,,,"2","NO INDICATION OF INJURY","0","0","0","0","0","2","0","15","6","6","41.79940096","-87.591911394","POINT (-87.591911393918 41.799400960152)"
"2d4965347abe92668e940b8b0016be7ab6555cdf20589e02a5a7674caf805269254ce8260828b03494d9ba5c59a7cb0e153f400dc50452fed37b88e75bdcd96e",,"2024-06-28T15:00:00.000","30","NO CONTROLS","NO CONTROLS","RAIN","DAYLIGHT","SIDESWIPE SAME DIRECTION","NOT DIVIDED",,"STRAIGHT AND LEVEL","WET","NO DEFECTS","ON SCENE","NO INJURY / DRIVE AWAY",,,,"OVER $1,500","2024-06-28T15:20:00.000","FOLLOWING TOO CLOSELY","NOT APPLICABLE","6300","S","OAKLEY AVE","825",,,,,,,"2","NO INDICATION OF INJURY","0","0","0","0","0","4","0","15","6","6","41.779107304","-87.681217128","POINT (-87.681217127513 41.779107304253)"
"9c9e1ffdb8416c73b96d4ba5b63fd36e36b029b5e230897ec5d81670d6f113eba449bfc8d4abff4c06a1af6439ee6ab3c99e2b349e0ddf568b0fffb1ce5b769f",,"2024-06-28T15:00:00.000","30","NO CONTROLS","NO CONTROLS","CLEAR","DAYLIGHT","SIDESWIPE SAME DIRECTION","NOT DIVIDED",,"STRAIGHT AND LEVEL","DRY","NO DEFECTS","NOT ON SCENE (DESK REPORT)","NO INJURY / DRIVE AWAY",,,,"OVER $1,500","2024-06-28T15:30:00.000","UNABLE TO DETERMINE","NOT APPLICABLE","15","S","HALSTED ST","1232",,,,,,,"2","NO INDICATION OF INJURY","0","0","0","0","0","2","0","15","6","6","41.881310944","-87.647197492","POINT (-87.647197491683 41.881310944023)"
"e404a8f60049e38d6b8ec816c423d380de4e7f4b72c878fd09aa707494f86152faa1a36575eb30ee8cb997766cbd3c99564269495d8efd2fb826b67ea80f49cb",,"2024-06-28T15:00:00.000","30","TRAFFIC SIGNAL","UNKNOWN","CLEAR","DAYLIGHT","TURNING","DIVIDED - W/MEDIAN (NOT RAISED)",,"STRAIGHT AND LEVEL","UNKNOWN","UNKNOWN","NOT ON SCENE (DESK REPORT)","NO INJURY / DRIVE AWAY",,,,"OVER $1,500","2024-06-28T15:45:00.000","UNABLE TO DETERMINE","NOT APPLICABLE","6358","W","FULLERTON AVE","2512",,,,,,,"2","NO INDICATION OF INJURY","0","0","0","0","0","3","0","15","6","6","41.923788495","-87.785384156","POINT (-87.785384155592 41.923788495497)"
"f3ed8abcaa04832191fe5fa8d4fb0635644ed4c37ae32efa1164a9544b898d8968a5f98db48b5a72cec8262a888a6516ed459f5e6a6e58a5244c4690012d87c1",,"2024-06-28T15:00:00.000","25","TRAFFIC SIGNAL","FUNCTIONING PROPERLY","CLEAR","DAYLIGHT","SIDESWIPE SAME DIRECTION","NOT DIVIDED",,"STRAIGHT AND LEVEL","DRY","UNKNOWN","NOT ON SCENE (DESK REPORT)","NO INJURY / DRIVE AWAY",,,,"OVER $1,500","2024-06-28T16:17:00.000","UNABLE TO DETERMINE","NOT APPLICABLE","3957","W","55TH ST","822",,,,,,,"2","NO INDICATION OF INJURY","0","0","0","0","0","2","0","15","6","6","41.793096531","-87.723013514","POINT (-87.723013514348 41.793096531383)"
"e52f9569dff1e14b1ddf21090fd61515caa2e9b8750a22f017b6e7ab9c3a6022aa8dd104556cc8c973bbd617c11fea75f86e97383757a683adaf3f2d51bd2cf2",,"2024-06-28T14:58:00.000","30","STOP SIGN/FLASHER","FUNCTIONING PROPERLY","SNOW","DAYLIGHT","ANGLE","NOT DIVIDED",,"STRAIGHT AND LEVEL","WET","NO DEFECTS",,"INJURY AND / OR TOW DUE TO CRASH","Y",,,"OVER $1,500","2024-06-28T14:58:00.000","FAILING TO YIELD RIGHT-OF-WAY","NOT APPLICABLE","5200","W","HENDERSON ST","1634",,,,,,,"2","NO INDICATION OF INJURY","0","0","0","0","0","3","0","14","6","6","41.941545979","-87.756905254","POINT (-87.756905254212 41.9415459792)"
"04067e14d9a5634275ed40c547430bb50144187219954762e0c63c7f9c065c4a49629f6645c065b689489bf92da5e274e0dd81f79ba302a60dfb89eaa73f3a20",,"2024-06-28T14:45:00.000","30","OTHER","FUNCTIONING PROPERLY","RAIN","DAYLIGHT","OTHER OBJECT","PARKING LOT",,"STRAIGHT AND LEVEL","WET","NO DEFECTS","ON SCENE","NO INJURY / DRIVE AWAY",,"Y","Y","OVER $1,500","2024-06-28T15:10:00.000","UNABLE TO DETERMINE","NOT APPLICABLE","701","N","SACRAMENTO BLVD","1221",,,,,,,"2","NO INDICATION OF INJURY","0","0","0","0","0","2","0","14","6","6","41.89379723","-87.702004213","POINT (-87.702004213035 41.893797229945)"