"crash_record_id","crash_date_est_i","crash_date","posted_speed_limit","traffic_control_device","device_condition","weather_condition","lighting_condition","first_crash_type","trafficway_type","lane_cnt","alignment","roadway_surface_cond","road_defect","report_type","crash_type","intersection_related_i","private_property_i","hit_and_run_i","damage","date_police_notified","prim_contributory_cause","sec_contributory_cause","street_no","street_direction","street_name","beat_of_occurrence","photos_taken_i","statements_taken_i","dooring_i","work_zone_i","work_zone_type","workers_present_i","num_units","most_severe_injury","injuries_total","injuries_fatal","injuries_incapacitating","injuries_non_incapacitating","injuries_reported_not_evident","injuries_no_indication","injuries_unknown","crash_hour","crash_day_of_week","crash_month","latitude","longitude","location"
"b0b9d91735b112b5806cae3520d25a4447ec39a048460824612e046547feb64ebaad791f28405ee9b2a06f65d696db495e0ccfce05e094a25f2fa8d2bac273ec",,"2024-06-28T14:45:00.000","30","TRAFFIC SIGNAL","FUNCTIONING PROPERLY","CLEAR","DAYLIGHT","SIDESWIPE SAME DIRECTION","NOT DIVIDED",,"STRAIGHT AND LEVEL","DRY","NO DEFECTS","NOT ON SCENE (DESK REPORT)","NO INJURY / DRIVE AWAY","Y",,,"OVER $1,500","2024-06-28T15:30:00.000","FAILING TO YIELD RIGHT-OF-WAY","FAILING TO YIELD RIGHT-OF-WAY","5720","N","CENTRAL AVE","1622",,,,,,,"2","NO INDICATION OF INJURY","0","0","0","0","0","2","0","14","6","6","41.985341269","-87.768440698","POINT (-87.768440697641 41.985341268905)"
"c2c8224879d1599cf18fbe1bbca77fadaf7c9d13af893e01f291307c9ecbbfbbba0b74257b192bb86c0d50750ef3a0bcca69bd59659bedb408ecf88d7d74d4cc","Y","2024-06-28T14:45:00.000","30","NO CONTROLS","NO CONTROLS","RAIN","DAYLIGHT","PARKED MOTOR VEHICLE","DRIVEWAY",,"STRAIGHT AND LEVEL","WET","UNKNOWN","ON SCENE","NO INJURY / DRIVE AWAY",,,"Y","OVER $1,500","2024-06-28T15:00:00.000","UNABLE TO DETERMINE","UNABLE TO DETERMINE","3017","E","78TH ST","421",,,,,,,"2","NO INDICATION OF INJURY","0","0","0","0","0","1","0","14","6","6","41.755525969","-87.550914355","POINT (-87.550914354511 41.755525968582)"
"3b1ef946654209e6af953993543982ce427bd68bcfe161acccc1c29f08dd8736a5aec98c06aa27954c223d4b1329d08c4dedf7c90b4124293a8085a025ba507f",,"2024-06-28T14:30:00.000","30","STOP SIGN/FLASHER","NO CONTROLS","CLOUDY/OVERCAST","DAYLIGHT","TURNING","T-INTERSECTION",,"STRAIGHT AND LEVEL","WET","NO DEFECTS","NOT ON SCENE (DESK REPORT)","NO INJURY / DRIVE AWAY","Y",,,"$501 - $1,500","2024-06-29T13:15:00.000","UNABLE TO DETERMINE","UNABLE TO DETERMINE","701","S","LOOMIS ST","1231",,,,,,,"2","NO INDICATION OF INJURY","0","0","0","0","0","2","0","14","6","6","41.873128364","-87.66160914","POINT (-87.661609139692 41.873128364033)"
"4a33b57db868d74624c94826970e7a947c20dca2e30f9e30a5b9d3e37a7f152b9f9fe2720adbdda3028342a9091dc3ca6017be6e29dc69f8b1d5f880ed98967f",,"2024-06-28T14:30:00.000","30","NO CONTROLS","NO CONTROLS","CLEAR","DAYLIGHT","REAR END","NOT DIVIDED",,"STRAIGHT AND LEVEL","DRY","NO DEFECTS","NOT ON SCENE (DESK REPORT)","NO INJURY / DRIVE AWAY",,,,"$501 - $1,500","2024-06-28T15:40:00.000","FOLLOWING TOO CLOSELY","FOLLOWING TOO CLOSELY","4229","N","CUMBERLAND AVE","1614",,,,,,,"2","NO INDICATION OF INJURY","0","0","0","0","0","2","0","14","6","6","41.956560268","-87.836535219","POINT (-87.836535218585 41.956560267503)"
"a80ff8145a1c7ec814c0f8ab6c86ccd1ca0ac44a52408005e4ef482fb5f297cbd6ca357af8447b4cd445babaeb17fb1c8c3e025ab0cbfe96baf742ffbd015ea6",,"2024-06-28T14:30:00.000","30","NO CONTROLS","NO CONTROLS","CLEAR","DAYLIGHT","REAR END","DIVIDED - W/MEDIAN (NOT RAISED)",,"STRAIGHT AND LEVEL","WET","NO DEFECTS","ON SCENE","NO INJURY / DRIVE AWAY",,,,"OVER $1,500","2024-06-28T15:21:00.000","FOLLOWING TOO CLOSELY","NOT APPLICABLE","3818","W","85TH ST","834",,,,,,,"3","NO INDICATION OF INJURY","0","0","0","0","0","4","0","14","6","6","41.738703636","-87.71761989","POINT (-87.717619890496 41.738703635767)"
"c5764354da9b52057b66da7a9890e61383e6d2f82b7bf64673e8921b5370070262f2aef6787c5e93a75221575122e5c0a7236d32cfffbd56343a0f638020b5de",,"2024-06-28T14:30:00.000","30","NO CONTROLS","NO CONTROLS","CLEAR","DAYLIGHT","PARKED MOTOR VEHICLE","NOT DIVIDED",,"STRAIGHT AND LEVEL","DRY","NO DEFECTS","NOT ON SCENE (DESK REPORT)","NO INJURY / DRIVE AWAY",,,"Y","$501 - $1,500","2024-06-28T15:15:00.000","NOT APPLICABLE","NOT APPLICABLE","4700","S","ASHLAND AVE","931",,,,,,,"2","NO INDICATION OF INJURY","0","0","0","0","0","1","0","14","6","6","41.808511597","-87.665117292","POINT (-87.665117291733 41.808511597247)"
"d4f2f772ec936493078c845600c8e81a13ae1c4bc05d7abd19aaa7772da25aa4c3f9aa91dc697293ca05cd665d17cbb5fae01f456308aeb2802a25b2283ceb2d",,"2024-06-28T14:30:00.000","30","TRAFFIC SIGNAL","FUNCTIONING PROPERLY","CLEAR","DAYLIGHT","REAR END","NOT DIVIDED",,"STRAIGHT AND LEVEL","WET","NO DEFECTS","NOT ON SCENE (DESK REPORT)","INJURY AND / OR TOW DUE TO CRASH",,,,"OVER $1,500","2024-06-28T14:40:00.000","FOLLOWING TOO CLOSELY","FOLLOWING TOO CLOSELY","500","N","CENTRAL AVE","1512",,,,,,,"2","REPORTED, NOT EVIDENT","1","0","0","0","1","1","0","14","6","6","41.889376239","-87.76533229","POINT (-87.765332289541 41.88937623905)"
"44f90217636ab09817f09d6a4e14eb622d5ee3bf4f6b4ce2503fec65d2f29872c9202ee63e8f6fcf2f62eaf0897ffe66ee57cdd58a13f83a6b6b342f41a4dbcf",,"2024-06-28T14:27:00.000","25","NO CONTROLS","NO CONTROLS","CLOUDY/OVERCAST","DAYLIGHT","SIDESWIPE SAME DIRECTION","DIVIDED - W/MEDIAN (NOT RAISED)",,"STRAIGHT AND LEVEL","WET","NO DEFECTS","ON SCENE","NO INJURY / DRIVE AWAY",,,"Y","OVER $1,500","2024-06-28T15:39:00.000","IMPROPER LANE USAGE","NOT APPLICABLE","432","W","14TH ST","124",,,,,,,"3","NO INDICATION OF INJURY","0","0","0","0","0","5","0","14","6","6","41.863787569","-87.638253659","POINT (-87.638253658604 41.863787568906)"
"ff77e8c5abe956ed14514d0d99435050a833ad2383f1b9a4f1c25d0d0c3ace5fed6bd8529c13883585022e5649104ab07ea8e6fd1d3e6dca695f2b2ea3105065",,"2024-06-28T14:27:00.000","30","TRAFFIC SIGNAL","FUNCTIONING PROPERLY","RAIN","DAYLIGHT","SIDESWIPE SAME DIRECTION","DIVIDED - W/MEDIAN BARRIER",,"STRAIGHT AND LEVEL","WET","UNKNOWN","NOT ON SCENE (DESK REPORT)","NO INJURY / DRIVE AWAY",,,,"$501 - $1,500","2024-06-28T15:45:00.000","UNABLE TO DETERMINE","UNABLE TO DETERMINE","701","W","ROOSEVELT RD","1232",,,,,,,"2","NO INDICATION OF INJURY","0","0","0","0","0","2","0","14","6","6","41.867067667","-87.645241474","POINT (-87.645241473701 41.867067667316)"
"54db8671806f961692137fc42655b46e46d51a454cfbbdba13830a45c3a1367351d3e33b98a22fc0ff9894f9052b49d8962d400173163b5e05ce9dc7b742503f",,"2024-06-28T14:24:00.000","30","NO CONTROLS","NO CONTROLS","CLEAR","DAYLIGHT","PARKED MOTOR VEHICLE","NOT DIVIDED",,"STRAIGHT AND LEVEL","DRY","NO DEFECTS","ON SCENE","NO INJURY / DRIVE AWAY",,,,"OVER $1,500","2024-06-28T15:11:00.000","IMPROPER TURNING/NO SIGNAL","NOT APPLICABLE","3503","S","WESTERN BLVD","912",,,,,,,"2","NO INDICATION OF INJURY","0","0","0","0","0","2","0","14","6","6","41.830176712","-87.684309666","POINT (-87.684309666366 41.830176711966)"
"0a00ff03dac7b6071e9bc44743f11071895fcb7ebe57fda2385195b520c629e2991eceb28762eb9f40c18c953276a2dc3c0b97ae378e27428ca5e16a2a6b2d0c",,"2024-06-28T14:20:00.000","30","TRAFFIC SIGNAL","FUNCTIONING PROPERLY","RAIN","DAYLIGHT","SIDESWIPE SAME DIRECTION","FOUR WAY",,"STRAIGHT AND LEVEL","WET","NO DEFECTS","NOT ON SCENE (DESK REPORT)","NO INJURY / DRIVE AWAY","Y",,,"OVER $1,500","2024-06-28T15:30:00.000","UNABLE TO DETERMINE","UNABLE TO DETERMINE","741","W","TAYLOR ST","1232",,,,,,,"2","NO INDICATION OF INJURY","0","0","0","0","0","2","0","14","6","6","41.869561973","-87.645515409","POINT (-87.645515409025 41.869561973115)"
"0d4593f63d390fa99d3f7e2df6251dfbe9c82042bbc2fb69cd96731d2ab6442243e5f6260d7919e4e27571d2b39fe758aef9611314ce387752ee292a9636f377",,"2024-06-28T14:20:00.000","25","NO CONTROLS","NO CONTROLS","RAIN","DAYLIGHT","SIDESWIPE SAME DIRECTION","DIVIDED - W/MEDIAN (NOT RAISED)",,"STRAIGHT AND LEVEL","WET","NO DEFECTS","NOT ON SCENE (DESK REPORT)","NO INJURY / DRIVE AWAY",,,,"OVER $1,500","2024-06-28T14:40:00.000","FAILING TO YIELD RIGHT-OF-WAY","NOT APPLICABLE","3207","W","LAWRENCE AVE","1713",,,,,,,"2","NO INDICATION OF INJURY","0","0","0","0","0","2","0","14","6","6","41.968336275","-87.708782725","POINT (-87.708782724833 41.968336274546)"
"5de9adc604348650b7a346915b4e828b3c661c11eba23880a22747446073dab5dfcf6bb705c1fd85c6475d994322868caecc9764a863a422cc2eda7a23112b21",,"2024-06-28T14:20:00.000","30","TRAFFIC SIGNAL","FUNCTIONING PROPERLY","RAIN","DAYLIGHT","TURNING","FOUR WAY",,"STRAIGHT AND LEVEL","WET","UNKNOWN","ON SCENE","INJURY AND / OR TOW DUE TO CRASH","Y",,,"OVER $1,500","2024-06-28T16:26:00.000","DISREGARDING TRAFFIC SIGNALS","DISREGARDING TRAFFIC SIGNALS","400","E","69TH ST","322",,,,,,,"3","NO INDICATION OF INJURY","0","0","0","0","0","2","0","14","6","6","41.769450482","-87.615297921","POINT (-87.615297920867 41.769450482452)"
"f66bc152d6580241aeba7ddccd372ca2ac9da50b2cf9459ce21f18db8f5013c5a85ae30563e9e1cea393ab40ae21ce384fed7fbb47ccb44f4fe8329186cd9107",,"2024-06-28T14:15:00.000","30","TRAFFIC SIGNAL","FUNCTIONING PROPERLY","RAIN","DAYLIGHT","REAR END","NOT DIVIDED",,"STRAIGHT AND LEVEL","WET","NO DEFECTS","NOT ON SCENE (DESK REPORT)","INJURY AND / OR TOW DUE TO CRASH",,,,"OVER $1,500","2024-06-28T14:30:00.000","FOLLOWING TOO CLOSELY","NOT APPLICABLE","2343","E","103RD ST","434",,,,,,,"2","REPORTED, NOT EVIDENT","1","0","0","0","1","1","0","14","6","6","41.707962662","-87.566523498","POINT (-87.566523498227 41.707962662158)"
"4e86610b5438e57943ef819b1a07543cdbca230f6fd3744dc4c167979c33b171a26f2e5b788c8705eca4e0282349ac4767bdd069131144df9f5d8a127d3b164f",,"2024-06-28T14:12:00.000","25","NO CONTROLS","NO CONTROLS","CLEAR","DAYLIGHT","TURNING","T-INTERSECTION",,"STRAIGHT AND LEVEL","WET","NO DEFECTS","NOT ON SCENE (DESK REPORT)","INJURY AND / OR TOW DUE TO CRASH","N",,,"OVER $1,500","2024-06-28T18:15:00.000","IMPROPER OVERTAKING/PASSING","OPERATING VEHICLE IN ERRATIC, RECKLESS, CARELESS, NEGLIGENT OR AGGRESSIVE MANNER","8700","S","HARPER AVE","412",,,,,,,"2","REPORTED, NOT EVIDENT","3","0","0","0","3","1","0","14","6","6","41.736802907","-87.587057965","POINT (-87.587057964619 41.736802906927)"
"b2aa7573f8dae975e6779737df09ae1cd9de5fdfbb6111e49b3e9ac616d360a967e2e055b271eebc33e380a07299c6e332cf55c14869e84c8f94b34d964b7dbb",,"2024-06-28T14:11:00.000","30","NO CONTROLS","NO CONTROLS","CLEAR","DAYLIGHT","TURNING","NOT DIVIDED",,"STRAIGHT AND LEVEL","DRY","NO DEFECTS","ON SCENE","NO INJURY / DRIVE AWAY",,,,"OVER $1,500","2024-06-28T14:15:00.000","IMPROPER LANE USAGE","NOT APPLICABLE","2098","W","59TH ST","715",,,,,,,"3","NO INDICATION OF INJURY","0","0","0","0","0","3","0","14","6","6","41.786708085","-87.676476908","POINT (-87.6764769078 41.786708085047)"
"1052be8ba95c20119cafb44f69db7e9f6da942509a306de5be185a36783ca3aeae93cd94672c68aa5b1834c4158e4ac033d09e081458b43df677228cd8e281c6",,"2024-06-28T14:10:00.000","25","TRAFFIC SIGNAL","UNKNOWN","RAIN","DAYLIGHT","REAR END","FOUR WAY",,"STRAIGHT AND LEVEL","UNKNOWN","UNKNOWN","NOT ON SCENE (DESK REPORT)","NO INJURY / DRIVE AWAY",,,,"OVER $1,500","2024-06-28T16:00:00.000","UNABLE TO DETERMINE","UNABLE TO DETERMINE","7548","W","BELMONT AVE","1631",,,,,,,"2","NO INDICATION OF INJURY","0","0","0","0","0","2","0","14","6","6","41.938060043","-87.816036665","POINT (-87.816036664753 41.938060042731)"
"e03cdffd274042c03f9b291fc751ef9f658624bc8ad2b006acf54f4915b00c4d47424c03727a75ec36bb61bdc4a7f1e74a4e8163d579cc1cee5a983381d66967",,"2024-06-28T14:08:00.000","30","TRAFFIC SIGNAL","FUNCTIONING PROPERLY","UNKNOWN","DAYLIGHT","PEDALCYCLIST","FOUR WAY",,"STRAIGHT AND LEVEL","UNKNOWN","NO DEFECTS","ON SCENE","INJURY AND / OR TOW DUE TO CRASH",,,,"$501 - $1,500","2024-06-28T15:35:00.000","IMPROPER LANE USAGE","UNABLE TO DETERMINE","6809","W","BELMONT AVE","2511",,,,,,,"2","REPORTED, NOT EVIDENT","1","0","0","0","1","1","0","14","6","6","41.93804223","-87.796092407","POINT (-87.796092406531 41.93804223023)"
"3f30ea9bb85a09607a9e6510ff2a3a2fa837bee6e9d10364d402e75622b583837736140affeaab12333bfa8eca895f47ea24edd09161fad33939cd9064ff81c8",,"2024-06-28T14:02:00.000","30","NO CONTROLS","NO CONTROLS","CLEAR","DAYLIGHT","ANGLE","ONE-WAY",,"STRAIGHT AND LEVEL","DRY","NO DEFECTS","NOT ON SCENE (DESK REPORT)","NO INJURY / DRIVE AWAY",,,,"$501 - $1,500","2024-06-29T13:35:00.000","IMPROPER BACKING","NOT APPLICABLE","42","E","SUPERIOR ST","1833",,,,,,,"2","NO INDICATION OF INJURY","0","0","0","0","0","2","0","14","6","6","41.895812575","-87.626589024","POINT (-87.626589024284 41.895812574682)"
"64335207fb09e6d9b773c88fa5826af512bfbbfc74cf1e96ef1a47b08698fda9181d444bca5982e9a7333cce24a89be56301f1651b80dd06d6d382e4a6c31d01",,"2024-06-28T14:00:00.000","25","UNKNOWN","UNKNOWN","CLOUDY/OVERCAST","DAYLIGHT","SIDESWIPE SAME DIRECTION","FOUR WAY",,"STRAIGHT AND LEVEL","UNKNOWN","NO DEFECTS","NOT ON SCENE (DESK REPORT)","NO INJURY / DRIVE AWAY","Y",,,"$501 - $1,500","2024-06-28T14:30:00.000","UNABLE TO DETERMINE","NOT APPLICABLE","1725","W","95TH ST","2213",,,,,,,"2","NO INDICATION OF INJURY","0","0","0","0","0","2","0","14","6","6","41.721059071","-87.665825706","POINT (-87.665825706313 41.721059071098)"
"d3a4d35b6408c63ad0259893f433056c22a6f3b18bd5ebecaed45b9376633966d2e28aa3ce5f6f0f401327ff241e1739ae74eb5ad6059c4a4e8f54b533d58461",,"2024-06-28T14:00:00.000","30","TRAFFIC SIGNAL","FUNCTIONING PROPERLY","RAIN","DAYLIGHT","PEDALCYCLIST","DIVIDED - W/MEDIAN (NOT RAISED)",,"STRAIGHT AND LEVEL","WET","NO DEFECTS","NOT ON SCENE (DESK REPORT)","NO INJURY / DRIVE AWAY",,,,"OVER $1,500","2024-06-29T17:50:00.000","FAILING TO YIELD RIGHT-OF-WAY","NOT APPLICABLE","2000","W","FULLERTON AVE","1432",,,,,,,"2","NO INDICATION OF INJURY","0","0","0","0","0","2","0","14","6","6","41.925134944","-87.677963546","POINT (-87.677963545538 41.925134943749)"
"f061a94a4d37137a414c4b36798f65a72857c58df673e2b18417a88a163e872436103d27218dec0072832f18a2e34c1d3912490b786656c94c61d855ba538fa9",,"2024-06-28T14:00:00.000","10","NO CONTROLS","NO CONTROLS","RAIN","DAYLIGHT","PARKED MOTOR VEHICLE","PARKING LOT",,"STRAIGHT AND LEVEL","WET","NO DEFECTS","NOT ON SCENE (DESK REPORT)","NO INJURY / DRIVE AWAY",,,"Y","OVER $1,500","2024-06-28T17:57:00.000","DRIVING SKILLS/KNOWLEDGE/EXPERIENCE","NOT APPLICABLE","6415","W","63RD PL","812",,,,,,,"2","NO INDICATION OF INJURY","0","0","0","0","0","1","0","14","6","6","41.776657191","-87.781884528","POINT (-87.781884527687 41.776657191461)"
"04fd29e3774c5560602bd4f3b31975978d5da6f02f0247814c7acbc51eba70f93fb3a1ae4da3a9a3eb54bfa849a9cc21454fe5bf9010ba73b44289e87d98659d",,"2024-06-28T13:55:00.000","30","NO CONTROLS","NO CONTROLS","CLEAR","DAYLIGHT","SIDESWIPE OPPOSITE DIRECTION","NOT DIVIDED",,"CURVE, LEVEL","WET","NO DEFECTS","NOT ON SCENE (DESK REPORT)","NO INJURY / DRIVE AWAY",,,"Y","OVER $1,500","2024-06-28T15:05:00.000","DRIVING ON WRONG SIDE/WRONG WAY","NOT APPLICABLE","5140","S","PAYNE DR","233",,,,,,,"2","NO INDICATION OF INJURY","0","0","0","0","0","3","0","13","6","6","41.801047221","-87.607592066","POINT (-87.607592065867 41.801047220826)"
"885d4eac3e36e99f1beb01582bba64bd65cc36a9d890f3ac10507e455d7c1d60a18995e82672014129fefbfcdddc016342c314bf6dfe811083fb44fe3a18b455",,"2024-06-28T13:50:00.000","35","TRAFFIC SIGNAL","FUNCTIONING PROPERLY","RAIN","DAYLIGHT","REAR END","ONE-WAY",,"STRAIGHT AND LEVEL","WET","UNKNOWN","NOT ON SCENE (DESK REPORT)","NO INJURY / DRIVE AWAY",,,,"OVER $1,500","2024-06-28T14:45:00.000","FOLLOWING TOO CLOSELY","UNABLE TO DETERMINE","956","W","GARFIELD BLVD","934",,,,,,,"2","NO INDICATION OF INJURY","0","0","0","0","0","2","0","13","6","6","41.794346017","-87.64982465","POINT (-87.649824649929 41.794346017019)"
"ba7c03751598b5a901b9a3c054b889d38933525e1c6572844e38d820c6c3237924f55ebe44eb84c8d14969d3bd71664df7f021afbd10bdd198480196bbeb8a28",,"2024-06-28T13:45:00.000","30","NO CONTROLS","NO CONTROLS","RAIN","DAYLIGHT","HEAD ON","NOT DIVIDED",,"STRAIGHT AND LEVEL","WET","NO DEFECTS","ON SCENE","INJURY AND / OR TOW DUE TO CRASH",,,,"OVER $1,500","2024-06-28T13:45:00.000","FAILING TO REDUCE SPEED TO AVOID CRASH","UNABLE TO DETERMINE","5529","W","63RD ST","813",,,,,,,"2","NONINCAPACITATING INJURY","3","0","0","3","0","0","0","13","6","6","41.777968766","-87.760455362","POINT (-87.760455361754 41.77796876597)"
"a138eac891545c08fc6cd41174fdfc05c937420b56bfa62fc465a6faad80c6a13bac10f06bfa794b1f389388187326dd8257ae21576427fcd7c6733d2c41f311",,"2024-06-28T13:42:00.000","15","NO CONTROLS","NO CONTROLS","RAIN","DAYLIGHT","PARKED MOTOR VEHICLE","ALLEY",,"STRAIGHT AND LEVEL","WET","NO DEFECTS","ON SCENE","INJURY AND / OR TOW DUE TO CRASH",,,"Y","OVER $1,500","2024-06-28T14:06:00.000","UNABLE TO DETERMINE","NOT APPLICABLE","2438","S","BOULEVARD WAY","1033",,,,,,,"2","NO INDICATION OF INJURY","0","0","0","0","0","1","0","13","6","6","41.846974931","-87.699465539","POINT (-87.699465539256 41.846974930784)"
"3bca1bc16338c6bb262d3fd40cede12ffb68c1ced7362b9f5b3bb1aedb4d8dc4d216840a729fe48d98934dcfcc6c741b5b56dc5e6b0b6eb99e544ad7fff120a1",,"2024-06-28T13:40:00.000","30","TRAFFIC SIGNAL","FUNCTIONING PROPERLY","CLOUDY/OVERCAST","DAYLIGHT","SIDESWIPE SAME DIRECTION","UNKNOWN INTERSECTION TYPE",,"STRAIGHT AND LEVEL","UNKNOWN","UNKNOWN","NOT ON SCENE (DESK REPORT)","NO INJURY / DRIVE AWAY",,,,"OVER $1,500","2024-06-28T14:00:00.000","UNABLE TO DETERMINE","NOT APPLICABLE","3441","N","SHEFFIELD AVE","1924",,,,,,,"2","NO INDICATION OF INJURY","0","0","0","0","0","2","0","13","6","6","41.944772763","-87.654107848","POINT (-87.654107848133 41.944772763281)"
"7be96c2123be4eb60aa2c8da1e6ef6a8fb41e3bd5f93050f825583e4ec5fdcaabd6aa4ff460f4eb443b84b8064373f64b3b2165124a8c9dbbaf38d257b507bb9",,"2024-06-28T13:33:00.000","30","NO CONTROLS","NO CONTROLS","CLOUDY/OVERCAST","DAYLIGHT","FIXED OBJECT","DIVIDED - W/MEDIAN (NOT RAISED)",,"STRAIGHT AND LEVEL","WET","NO DEFECTS","NOT ON SCENE (DESK REPORT)","NO INJURY / DRIVE AWAY",,,,"$501 - $1,500","2024-06-28T14:30:00.000","DISTRACTION - FROM INSIDE VEHICLE","NOT APPLICABLE","11600","S","WESTERN AVE","2212",,,,,,,"1","NO INDICATION OF INJURY","0","0","0","0","0","2","0","13","6","6","41.682666142","-87.68101885","POINT (-87.681018850395 41.682666142184)"
"9c0a6464b20db0e6e2c7ababcae878ac002818e2fc8ffea131dddf3fd9df749f6ba06fc124628ee5cd323b75b78a1fd6038186bab94cca90fb29a39b1b6a4109",,"2024-06-28T13:30:00.000","30","NO CONTROLS","NO CONTROLS","CLOUDY/OVERCAST","DAYLIGHT","FIXED OBJECT","NOT DIVIDED",,"STRAIGHT AND LEVEL","DRY","NO DEFECTS","NOT ON SCENE (DESK REPORT)","NO INJURY / DRIVE AWAY",,"N",,"OVER $1,500","2024-06-28T14:00:00.000","DRIVING SKILLS/KNOWLEDGE/EXPERIENCE","NOT APPLICABLE","3821","W","POLK ST","1133",,,,,,,"1","NO INDICATION OF INJURY","0","0","0","0","0","1","0","13","6","6","41.870660383","-87.721158587","POINT (-87.721158586518 41.870660383336)"
"d8a162273c6ddd2265e152c643bb595d60bc85386cdf6a7de5bef4280b3b081c955021b5592b0db6743702d2f3d26c16850ded1185a671e225f0895b59a4d9b7",,"2024-06-28T13:30:00.000","30","TRAFFIC SIGNAL","FUNCTIONING PROPERLY","CLEAR","DAYLIGHT","REAR END","DIVIDED - W/MEDIAN (NOT RAISED)",,"STRAIGHT AND LEVEL","WET","NO DEFECTS","NOT ON SCENE (DESK REPORT)","NO INJURY / DRIVE AWAY",,,,"OVER $1,500","2024-06-28T14:15:00.000","UNABLE TO DETERMINE","NOT APPLICABLE","3752","W","DIVERSEY AVE","2523",,,,,,,"2","NO INDICATION OF INJURY","0","0","0","0","0","2","0","13","6","6","41.931964161","-87.721791242","POINT (-87.721791241652 41.931964161054)"
"d994ba9f66fc69fc5e6b89427716d8561b021569371cf3f84d9dfb05ca12cf4db63f7bb64a949a5821927252a815b341681def2a0904fcb45c85978796617ee6",,"2024-06-28T13:30:00.000","30","TRAFFIC SIGNAL","FUNCTIONING PROPERLY","CLEAR","DAYLIGHT","REAR END","NOT DIVIDED",,"STRAIGHT AND LEVEL","DRY","NO DEFECTS","NOT ON SCENE (DESK REPORT)","NO INJURY / DRIVE AWAY",,,,"$501 - $1,500","2024-06-28T14:30:00.000","UNABLE TO DETERMINE","NOT APPLICABLE","2820","N","CICERO AVE","2521",,,,,,,"2","NO INDICATION OF INJURY","0","0","0","0","0","2","0","13","6","6","41.932162108","-87.746763417","POINT (-87.746763417264 41.93216210811)"
"3c81872c65ec5e3eac356398a5ad944d1cf39d73f269929610faa5d3604bbf717e3c0f9b60a5ec9fb4500f73584fa43f2e03c98b89aea1076d4b0156a7bb84a3",,"2024-06-28T13:23:00.000","30","TRAFFIC SIGNAL","FUNCTIONING PROPERLY","RAIN","DAYLIGHT","SIDESWIPE SAME DIRECTION","NOT DIVIDED",,"STRAIGHT AND LEVEL","WET","NO DEFECTS","ON SCENE","NO INJURY / DRIVE AWAY",,,,"OVER $1,500","2024-06-28T14:32:00.000","IMPROPER LANE USAGE","UNABLE TO DETERMINE","4810","N","MILWAUKEE AVE","1623",,,,,,,"2","NO INDICATION OF INJURY","0","0","0","0","0","2","0","13","6","6","41.968074309","-87.761099572","POINT (-87.761099572044 41.968074309182)"
"5415e9584c51e26ac09254ad59ae7d545a7feabf6f9e59bc53d6fde36e2c1ec6fc3414af0b9391328944140b8149dfdecebba64e4f09ea5bf8587d7f3363440e",,"2024-06-28T13:20:00.000","30","TRAFFIC SIGNAL","FUNCTIONING PROPERLY","CLOUDY/OVERCAST","DAYLIGHT","SIDESWIPE SAME DIRECTION","FOUR WAY",,"STRAIGHT AND LEVEL","WET","UNKNOWN","ON SCENE","NO INJURY / DRIVE AWAY","Y",,,"OVER $1,500","2024-06-28T13:30:00.000","UNABLE TO DETERMINE","UNABLE TO DETERMINE","7300","S","JEFFERY BLVD","333",,,,,,,"2","NO INDICATION OF INJURY","0","0","0","0","0","4","0","13","6","6","41.7624914","-87.57636752","POINT (-87.576367519734 41.76249139992)"
"c0db10bd6c97b906808143249bf836de34c37d68595a2e334d0ac7f12ba72ce253542c02434d68e8ece1b55cc4d38c3e6bccbddd9b661bc7b9d29d56ee3e08ee",,"2024-06-28T13:20:00.000","30","TRAFFIC SIGNAL","FUNCTIONING PROPERLY","CLEAR","DAYLIGHT","TURNING","FOUR WAY",,"STRAIGHT AND LEVEL","WET","NO DEFECTS","ON SCENE","INJURY AND / OR TOW DUE TO CRASH","Y",,,"OVER $1,500","2024-06-28T13:24:00.000","IMPROPER OVERTAKING/PASSING","IMPROPER TURNING/NO SIGNAL","4025","W","PETERSON AVE","1711",,,,,,,"3","NONINCAPACITATING INJURY","1","0","0","1","0","3","0","13","6","6","41.990013734","-87.729616199","POINT (-87.72961619868 41.990013733891)"
"1c37f157554053866e11a6c00651d342e0ff43cafdd09856b00fcca9fce898969172b3ab74f56d58e527e511ad5f5d3582259211d7096d5afdab1e560559e766","Y","2024-06-28T13:19:00.000","25","NO CONTROLS","NO CONTROLS","UNKNOWN","DAYLIGHT","REAR END","NOT DIVIDED",,"STRAIGHT AND LEVEL","UNKNOWN","UNKNOWN","NOT ON SCENE (DESK REPORT)","NO INJURY / DRIVE AWAY",,,,"OVER $1,500","2024-06-28T13:20:00.000","UNABLE TO DETERMINE","UNABLE TO DETERMINE","741","S","CICERO AVE","1131",,,,,,,"2","NO INDICATION OF INJURY","0","0","0","0","0","2","0","13","6","6","41.871083093","-87.744777837","POINT (-87.744777837243 41.87108309282)"