"crash_record_id","crash_date_est_i","crash_date","posted_speed_limit","traffic_control_device","device_condition","weather_condition","lighting_condition","first_crash_type","trafficway_type","lane_cnt","alignment","roadway_surface_cond","road_defect","report_type","crash_type","intersection_related_i","private_property_i","hit_and_run_i","damage","date_police_notified","prim_contributory_cause","sec_contributory_cause","street_no","street_direction","street_name","beat_of_occurrence","photos_taken_i","statements_taken_i","dooring_i","work_zone_i","work_zone_type","workers_present_i","num_units","most_severe_injury","injuries_total","injuries_fatal","injuries_incapacitating","injuries_non_incapacitating","injuries_reported_not_evident","injuries_no_indication","injuries_unknown","crash_hour","crash_day_of_week","crash_month","latitude","longitude","location"
"bf6a5413ccf0289064749c2c1edbee7815295f6825e1a70c1c04b74450b56eb385b9f2ef2b93aee672cf578131a8533b93e6017691305e742c343989d0817efa",,"2024-06-28T13:10:00.000","30","NO CONTROLS","NO CONTROLS","RAIN","DAWN","REAR END","DIVIDED - W/MEDIAN (NOT RAISED)",,"STRAIGHT AND LEVEL","WET","NO DEFECTS","ON SCENE","INJURY AND / OR TOW DUE TO CRASH",,,,"OVER $1,500","2024-06-28T13:13:00.000","FAILING TO REDUCE SPEED TO AVOID CRASH","UNABLE TO DETERMINE","6327","W","MONTROSE AVE","1624",,,,,,,"2","NONINCAPACITATING INJURY","3","0","0","1","2","1","0","13","6","6","41.960126737","-87.785517442","POINT (-87.785517442421 41.960126736981)"
"d6c69830247e2413c706e06e02645b1b641f5be928ffbac862af8f34f468565bbbd9550b48a8348f25f16e164430013c46e9f45351c11ff65f3ac0c271e021d5",,"2024-06-28T13:10:00.000","50","NO CONTROLS","NO CONTROLS","RAIN","DAYLIGHT","REAR END","DIVIDED - W/MEDIAN BARRIER",,"STRAIGHT AND LEVEL","WET","NO DEFECTS","ON SCENE","NO INJURY / DRIVE AWAY",,,,"$501 - $1,500","2024-06-28T13:15:00.000","FOLLOWING TOO CLOSELY","NOT APPLICABLE","9811","W","KENNEDY EXPY IB","1654",,,,,,,"2","NO INDICATION OF INJURY","0","0","0","0","0","2","0","13","6","6",,,
"35d1fdf4bbef9238aa350e42095161391439921ca7928cff49f5ca0a11f5063f198f53ab59579d6228af7830533fafcba0b093e55634f5c7c9d325055febe55e",,"2024-06-28T13:00:00.000","25","TRAFFIC SIGNAL","FUNCTIONING PROPERLY","RAIN","DAYLIGHT","REAR END","FOUR WAY",,"STRAIGHT AND LEVEL","WET","NO DEFECTS","NOT ON SCENE (DESK REPORT)","NO INJURY / DRIVE AWAY",,,,"OVER $1,500","2024-06-28T13:40:00.000","UNABLE TO DETERMINE","UNABLE TO DETERMINE","5101","S","ASHLAND AVE","934",,,,,,,"2","NO INDICATION OF INJURY","0","0","0","0","0","2","0","13","6","6","41.801229014","-87.664627608","POINT (-87.664627607503 41.801229013936)"
"a2c9e2af74aebaf8f82af789c4fb1f792496fa5e9cc24125f83b065fc5c0439cd01cd665aa20d6685f517d5c21bde7533ff06c72d287f7e1c97a42cdd7d18c2e",,"2024-06-28T13:00:00.000","40","NO CONTROLS","NO CONTROLS","RAIN","DAYLIGHT","SIDESWIPE SAME DIRECTION","OTHER",,"STRAIGHT AND LEVEL","WET","UNKNOWN","NOT ON SCENE (DESK REPORT)","NO INJURY / DRIVE AWAY",,,,"OVER $1,500","2024-06-28T14:30:00.000","IMPROPER OVERTAKING/PASSING","IMPROPER OVERTAKING/PASSING","840","N","LAKE SHORE DR","1833","Y",,,,,,"2","NO INDICATION OF INJURY","0","0","0","0","0","7","0","13","6","6","41.897831233","-87.617906129","POINT (-87.617906129409 41.89783123289)"
"b88e8f33f2bc381a2ec8eb627ebf0da629e5af6159d6a4548dd789cd07fb22cd6e230fca082c60be015f4e1da5c1f9f9127bf1e39c289e54e3b214c07260bb20",,"2024-06-28T13:00:00.000","30","NO CONTROLS","NO CONTROLS","CLOUDY/OVERCAST","DAYLIGHT","REAR END","NOT DIVIDED",,"STRAIGHT AND LEVEL","WET","NO DEFECTS","ON SCENE","NO INJURY / DRIVE AWAY",,,,"$500 OR LESS","2024-06-28T13:02:00.000","WEATHER","NOT APPLICABLE","4617","W","ADDISON ST","1731",,,,,,,"2","NO INDICATION OF INJURY","0","0","0","0","0","2","0","13","6","6","41.946064994","-87.743227635","POINT (-87.7432276346 41.946064993894)"
"f5e2dfe86fc004c3e8d46d60243a02df52f718d44051cc8dfb85e08f54c555c49bf4199568ff90a7534d7e2dc70b5728e7b1f5e775cacf77f0a95bbc7b4e7953",,"2024-06-28T13:00:00.000","30","NO CONTROLS","NO CONTROLS","OTHER","DAYLIGHT","ANGLE","DIVIDED - W/MEDIAN (NOT RAISED)",,"STRAIGHT AND LEVEL","WET","UNKNOWN","NOT ON SCENE (DESK REPORT)","NO INJURY / DRIVE AWAY",,,,"OVER $1,500","2024-06-28T14:30:00.000","UNABLE TO DETERMINE","NOT APPLICABLE","815","N","KOSTNER AVE","1111",,,,,,,"2","NO INDICATION OF INJURY","0","0","0","0","0","4","0","13","6","6","41.89566207","-87.735811881","POINT (-87.735811880637 41.895662070317)"
"78cd9d277a1248e7fb90f09af1b2eb07881d5050ee98e6987fc459ffdb5b911fc029961c76732338690fc6887830708e0cdb64db4a9d61cf421e6720bd3fba41",,"2024-06-28T12:58:00.000","30","NO CONTROLS","NO CONTROLS","RAIN","DAYLIGHT","ANGLE","DIVIDED - W/MEDIAN (NOT RAISED)",,"STRAIGHT AND LEVEL","WET","NO DEFECTS","NOT ON SCENE (DESK REPORT)","NO INJURY / DRIVE AWAY",,,,"OVER $1,500","2024-06-28T13:10:00.000","FAILING TO YIELD RIGHT-OF-WAY","NOT APPLICABLE","3956","W","NORTH AVE","2535",,,,,,,"2","NO INDICATION OF INJURY","0","0","0","0","0","2","0","12","6","6","41.909998335","-87.726197681","POINT (-87.726197681287 41.909998335435)"
"b4db060cf6ba4b44d63b3cd829b0d0d1050ee7a61056a65482be8df73ccc8fac9924814600be3f829460efd2da591e96aa9614362684457298a41c2356ec0694",,"2024-06-28T12:49:00.000","30","TRAFFIC SIGNAL","FUNCTIONING PROPERLY","CLEAR","DAYLIGHT","REAR END","DIVIDED - W/MEDIAN (NOT RAISED)",,"STRAIGHT ON HILLCREST","WET","NO DEFECTS","ON SCENE","INJURY AND / OR TOW DUE TO CRASH",,,,"OVER $1,500","2024-06-28T12:50:00.000","UNABLE TO DETERMINE","UNABLE TO DETERMINE","731","S","LARAMIE AVE","1533",,,,,,,"2","NO INDICATION OF INJURY","0","0","0","0","0","2","0","12","6","6","41.871061755","-87.754579892","POINT (-87.754579891547 41.871061755387)"
"b39826b72c02ee16bcffe7aad8694f81a5917200d827b06730b048d38005deabe3f926469b5e63ab00cc9ec4254cebdeb2f4115f1c5246b113d941eb9ccbfdfa",,"2024-06-28T12:45:00.000","35","NO CONTROLS","NO CONTROLS","RAIN","DAYLIGHT","TURNING","NOT DIVIDED",,"STRAIGHT AND LEVEL","WET","NO DEFECTS","ON SCENE","INJURY AND / OR TOW DUE TO CRASH",,,"Y","OVER $1,500","2024-06-28T12:50:00.000","FAILING TO YIELD RIGHT-OF-WAY","WEATHER","5720","S","CALIFORNIA AVE","824",,,,,,,"3","NO INDICATION OF INJURY","0","0","0","0","0","3","0","12","6","6","41.789390501","-87.693824921","POINT (-87.693824920797 41.789390500649)"
"741f4f02509d967aac6806e695235eb081d0aa11a00a8bef18a7e95dd53f973daab5437d60d7a7b4587b698da275d08a66b4aa412fdb47603c6946a9f9eafaa2",,"2024-06-28T12:40:00.000","30","NO CONTROLS","NO CONTROLS","RAIN","DAYLIGHT","PARKED MOTOR VEHICLE","NOT DIVIDED",,"STRAIGHT AND LEVEL","WET","NO DEFECTS","ON SCENE","INJURY AND / OR TOW DUE TO CRASH",,,"Y","OVER $1,500","2024-06-28T12:44:00.000","UNABLE TO DETERMINE","NOT APPLICABLE","3606","W","71ST ST","833",,,,,,,"2","NO INDICATION OF INJURY","0","0","0","0","0","1","0","12","6","6","41.76434329","-87.713123604","POINT (-87.71312360365 41.76434329022)"
"111f31a2d25cac734c252eb1c83f8c0fe93f7f6cd491c646d513a1d3d222cc9fe215c65e93f59cdbe1fd780c151a09f989e4e4e9936fcd5c94cbb1b0b57a7a4a",,"2024-06-28T12:38:00.000","30","STOP SIGN/FLASHER","FUNCTIONING PROPERLY","UNKNOWN","DAYLIGHT","SIDESWIPE SAME DIRECTION","NOT DIVIDED",,"STRAIGHT AND LEVEL","UNKNOWN","UNKNOWN","NOT ON SCENE (DESK REPORT)","INJURY AND / OR TOW DUE TO CRASH",,,,"OVER $1,500","2024-06-28T13:30:00.000","DRIVING SKILLS/KNOWLEDGE/EXPERIENCE","UNABLE TO DETERMINE","111","W","POLK ST","123",,,,,,,"3","NO INDICATION OF INJURY","0","0","0","0","0","8","0","12","6","6","41.872087126","-87.630969108","POINT (-87.630969107854 41.87208712629)"
"472ca2d5dd57801563c0ecb2be1114f41b2460bac17b72de39537a4b1f0a907d1318e8b202f8377f17620ea33c22f7dabf390d6ebfc6c4a4b360c29b01dd4516",,"2024-06-28T12:30:00.000","30","TRAFFIC SIGNAL","FUNCTIONING PROPERLY","RAIN","DAYLIGHT","REAR END","FOUR WAY",,"STRAIGHT AND LEVEL","WET","NO DEFECTS","NOT ON SCENE (DESK REPORT)","NO INJURY / DRIVE AWAY","Y",,,"OVER $1,500","2024-06-28T13:30:00.000","UNABLE TO DETERMINE","UNABLE TO DETERMINE","301","N","SACRAMENTO BLVD","1222",,,,,,,"2","NO INDICATION OF INJURY","0","0","0","0","0","2","0","12","6","6","41.886538016","-87.701214212","POINT (-87.701214211915 41.886538015867)"
"1300341fa1fde49eb88f4b34f81162866520036a2ed7e4bc4e5b7899eeb8fa55849e0f0f2994ec129cd8da2bab3f9f4d7fbb0b18fc1141b0ea2509e761b029a9",,"2024-06-28T12:26:00.000","30","TRAFFIC SIGNAL","FUNCTIONING PROPERLY","UNKNOWN","UNKNOWN","SIDESWIPE SAME DIRECTION","NOT DIVIDED",,"STRAIGHT AND LEVEL","UNKNOWN","UNKNOWN","NOT ON SCENE (DESK REPORT)","NO INJURY / DRIVE AWAY",,,,"$501 - $1,500","2024-06-29T09:10:00.000","UNABLE TO DETERMINE","NOT APPLICABLE","1147","S","WABASH AVE","123",,,,,,,"2","NO INDICATION OF INJURY","0","0","0","0","0","4","0","12","6","6","41.86786709","-87.625686841","POINT (-87.625686841193 41.867867090171)"
"f71a8df08f2f62d510d3bad1a8748c8407019b49c0cc2a97037c939df97cc2abe02fb979ab9bff8e55cf09867d16c1567480a2bd0964e4de279148fc6360e0ec",,"2024-06-28T12:24:00.000","30","NO CONTROLS","NO CONTROLS","RAIN","DAYLIGHT","SIDESWIPE SAME DIRECTION","NOT DIVIDED",,"STRAIGHT AND LEVEL","WET","UNKNOWN","NOT ON SCENE (DESK REPORT)","NO INJURY / DRIVE AWAY",,,,"OVER $1,500","2024-06-28T13:30:00.000","FAILING TO YIELD RIGHT-OF-WAY","FAILING TO YIELD RIGHT-OF-WAY","676","N","LA SALLE DR","1832","Y",,,,,,"2","NO INDICATION OF INJURY","0","0","0","0","0","5","0","12","6","6","41.894698094","-87.632820831","POINT (-87.632820830659 41.89469809427)"
"4fbf30a1a88ec3a95800249d40311dc30128a751ba0d2ed1476b34ea666f82d5b18d8515866581980f9e9fcca3c20e4227d430db25c630714d79df584a6895c3",,"2024-06-28T12:20:00.000","30","NO CONTROLS","NO CONTROLS","RAIN","DAYLIGHT","SIDESWIPE SAME DIRECTION","NOT DIVIDED",,"STRAIGHT AND LEVEL","WET","NO DEFECTS","NOT ON SCENE (DESK REPORT)","NO INJURY / DRIVE AWAY",,,"Y","$501 - $1,500","2024-06-28T14:00:00.000","UNABLE TO DETERMINE","NOT APPLICABLE","1235","S","CANAL ST","124",,,,,,,"2","NO INDICATION OF INJURY","0","0","0","0","0","2","0","12","6","6","41.86628397","-87.639066895","POINT (-87.639066894896 41.866283969788)"
"0f040b501761042b23eca22577b5e841d1ab2a6d2375ce66dcb960def4541c968f30363b02dfc67fb930d87c2b6decec3c339062a9336856a6a85c3383d84446",,"2024-06-28T12:16:00.000","30","NO CONTROLS","NO CONTROLS","RAIN","DAYLIGHT","TURNING","NOT DIVIDED",,"STRAIGHT AND LEVEL","WET","NO DEFECTS","ON SCENE","NO INJURY / DRIVE AWAY",,,,"OVER $1,500","2024-06-28T12:40:00.000","FAILING TO YIELD RIGHT-OF-WAY","IMPROPER TURNING/NO SIGNAL","1140","N","HICKORY AVE","1822",,,,,,,"2","NO INDICATION OF INJURY","0","0","0","0","0","2","0","12","6","6","41.902653066","-87.651948828","POINT (-87.651948827956 41.902653066409)"
"548901c10ec42c98984f0040b5d9644d2ffe3b3a739907e44d27a78a4a8d6d5931c2b80322e1c0863dcec1e8ce2d2c4deee354f87110ac29b769a43a0307b280",,"2024-06-28T12:15:00.000","30","NO CONTROLS","NO CONTROLS","RAIN","DAYLIGHT","PARKED MOTOR VEHICLE","NOT DIVIDED",,"STRAIGHT AND LEVEL","WET","NO DEFECTS","NOT ON SCENE (DESK REPORT)","NO INJURY / DRIVE AWAY",,,,"OVER $1,500","2024-06-28T12:45:00.000","UNABLE TO DETERMINE","NOT APPLICABLE","5762","S","ARCHER AVE","814",,,,,,,"2","NO INDICATION OF INJURY","0","0","0","0","0","6","0","12","6","6","41.796674448","-87.756901521","POINT (-87.756901521107 41.79667444806)"
"578ff282e55c2b0414dfc4f2199ca3987845925a9c44d0352e46389439a4e70eb3c32154cddc9ffa805927217b983da35cc451d1abba874024a1ce26a8ef91c5",,"2024-06-28T12:15:00.000","30","NO CONTROLS","NO CONTROLS","CLOUDY/OVERCAST","DAYLIGHT","REAR END","DIVIDED - W/MEDIAN (NOT RAISED)",,"STRAIGHT AND LEVEL","WET","NO DEFECTS","NOT ON SCENE (DESK REPORT)","NO INJURY / DRIVE AWAY",,,,"$501 - $1,500","2024-06-28T14:00:00.000","UNABLE TO DETERMINE","UNABLE TO DETERMINE","4858","N","CENTRAL AVE","1622",,,,,,,"2","NO INDICATION OF INJURY","0","0","0","0","0","3","0","12","6","6","41.969448971","-87.767677698","POINT (-87.767677697851 41.969448971375)"
"5a32c4a9905d67c466d25e6612070ee61d4963401d011d830afe2e1a3146827de0b9c4c10bb1ca1870f4033ae43b1c48db80830ee96ec8c5509126d623cdb07c",,"2024-06-28T12:15:00.000","30","NO CONTROLS","NO CONTROLS","RAIN","DAYLIGHT","TURNING","ONE-WAY",,"STRAIGHT AND LEVEL","WET","NO DEFECTS","ON SCENE","NO INJURY / DRIVE AWAY",,,,"OVER $1,500","2024-06-28T12:30:00.000","FOLLOWING TOO CLOSELY","NOT APPLICABLE","632","N","DEARBORN ST","1832",,,,,,,"2","NO INDICATION OF INJURY","0","0","0","0","0","2","0","12","6","6","41.893359354","-87.629845147","POINT (-87.629845146787 41.893359354192)"
"a0e46e02551afe48321d2b1c620ef56340670ef9c9383610c30648d7c061adaaee64f08f27ceda4d7929afc26aa68e549c83e06f666f6517b44f428f6888c57e",,"2024-06-28T12:15:00.000","30","TRAFFIC SIGNAL","FUNCTIONING PROPERLY","CLEAR","DAYLIGHT","TURNING","T-INTERSECTION",,"STRAIGHT AND LEVEL","DRY","NO DEFECTS","ON SCENE","INJURY AND / OR TOW DUE TO CRASH","Y",,,"OVER $1,500","2024-06-28T15:54:00.000","IMPROPER TURNING/NO SIGNAL","NOT APPLICABLE","3401","S","CALIFORNIA AVE","911",,,,,,,"2","NO INDICATION OF INJURY","0","0","0","0","0","2","0","12","6","6","41.832133803","-87.694728059","POINT (-87.694728059276 41.83213380291)"
"f8a12fd296bdd618920352759f1c092242af5594c18e92513eb4c012c419ab38a4c80ceb4f4951127af991f61d653740e3e70f9305acf03d82e29342231aecb8",,"2024-06-28T12:15:00.000","30","TRAFFIC SIGNAL","NOT FUNCTIONING","CLOUDY/OVERCAST","DAYLIGHT","REAR END","NOT DIVIDED",,"STRAIGHT AND LEVEL","WET","NO DEFECTS","NOT ON SCENE (DESK REPORT)","NO INJURY / DRIVE AWAY",,,,"OVER $1,500","2024-06-28T15:21:00.000","FAILING TO REDUCE SPEED TO AVOID CRASH","NOT APPLICABLE","4200","W","63RD ST","813",,,,,,,"2","NO INDICATION OF INJURY","0","0","0","0","0","2","0","12","6","6","41.778707863","-87.72770799","POINT (-87.727707990149 41.778707862748)"
"9b082438ab7c0625fed1ca40798b5cb2fb4ba06730ac5580bc42442ea3c715d27fb294a196ecafde50522bb2c03f4da85bbabd6a261cda4379dd55ca93cbfb19",,"2024-06-28T12:10:00.000","30","NO CONTROLS","NO CONTROLS","CLOUDY/OVERCAST","DAYLIGHT","TURNING","NOT DIVIDED",,"STRAIGHT AND LEVEL","UNKNOWN","UNKNOWN","NOT ON SCENE (DESK REPORT)","NO INJURY / DRIVE AWAY",,,,"OVER $1,500","2024-06-28T12:40:00.000","UNABLE TO DETERMINE","NOT APPLICABLE","2831","N","CLARK ST","1934",,,,,,,"2","NO INDICATION OF INJURY","0","0","0","0","0","2","0","12","6","6","41.933655715","-87.645403231","POINT (-87.645403231195 41.933655714786)"
"9d76c38c9a9af148a9bc507e53185d70fa31030b9c5d536b199e45b94ec6fe6f213433899a0254ca341f8111c2e8f4aebc83da4ad0a2a4ed367558b78cba7fd9",,"2024-06-28T12:10:00.000","30","NO CONTROLS","NO CONTROLS","RAIN","DAYLIGHT","REAR END","DIVIDED - W/MEDIAN (NOT RAISED)",,"STRAIGHT AND LEVEL","WET","NO DEFECTS","ON SCENE","NO INJURY / DRIVE AWAY",,,,"OVER $1,500","2024-06-28T12:16:00.000","FOLLOWING TOO CLOSELY","DRIVING SKILLS/KNOWLEDGE/EXPERIENCE","1813","S","ASHLAND AVE","1233",,,,,,,"3","NO INDICATION OF INJURY","0","0","0","0","0","3","0","12","6","6","41.857372451","-87.665985669","POINT (-87.665985668731 41.857372450534)"
"51a390a8cb75429bc9727729d3d23a0491d172d0e7d870a061d4137ea24a4031b9b58a60a2c05c7127d0b6dd9c7c8a3417c8194ae01d9d45b7c83e2070153a83",,"2024-06-28T12:05:00.000","30","NO CONTROLS","NO CONTROLS","RAIN","DAYLIGHT","TURNING","NOT DIVIDED",,"STRAIGHT AND LEVEL","WET","UNKNOWN","NOT ON SCENE (DESK REPORT)","NO INJURY / DRIVE AWAY",,,,"OVER $1,500","2024-06-28T13:30:00.000","IMPROPER TURNING/NO SIGNAL","IMPROPER TURNING/NO SIGNAL","2858","N","CLARK ST","1934","Y",,,,,,"2","NO INDICATION OF INJURY","0","0","0","0","0","3","0","12","6","6","41.934163897","-87.646161198","POINT (-87.646161198255 41.93416389737)"
"573169291d25cb712c84f703c0efb942e53003d9111c9870b1cf71ba8faca6e48f7145aa2541673b2afd17672ee5bd985c330a4c9cc385a05f1838ce40dfa3bd",,"2024-06-28T12:04:00.000","30","NO CONTROLS","NO CONTROLS","RAIN","DAYLIGHT","TURNING","DIVIDED - W/MEDIAN (NOT RAISED)",,"STRAIGHT AND LEVEL","WET","NO DEFECTS","NOT ON SCENE (DESK REPORT)","NO INJURY / DRIVE AWAY","Y",,,"OVER $1,500","2024-06-28T12:30:00.000","FAILING TO YIELD RIGHT-OF-WAY","WEATHER","4100","W","ADDISON ST","1732",,,,,,,"2","NO INDICATION OF INJURY","0","0","0","0","0","2","0","12","6","6","41.946459658","-87.729300444","POINT (-87.729300443763 41.946459657804)"
"b490c54d8cfda341b1f946ecbd7886b983e983179ec9a747697cfbac9c40de0d816e3f8039e9f244bb9932650bd7931132128833bb321fd72fa2ae3e226152d4",,"2024-06-28T12:02:00.000","30","UNKNOWN","UNKNOWN","RAIN","DAYLIGHT","SIDESWIPE OPPOSITE DIRECTION","NOT DIVIDED",,"STRAIGHT AND LEVEL","WET","UNKNOWN","NOT ON SCENE (DESK REPORT)","NO INJURY / DRIVE AWAY",,,,"OVER $1,500","2024-06-28T13:00:00.000","DISTRACTION - FROM INSIDE VEHICLE","UNABLE TO DETERMINE","3610","N","PINE GROVE AVE","1925",,"Y",,,,,"2","NO INDICATION OF INJURY","0","0","0","0","0","2","0","12","6","6","41.948202489","-87.645874215","POINT (-87.64587421459 41.948202489176)"
"2f93cd095b03f2d20446929289b06c6671439aac770be2da09414abdc9a2c3efc3908f5d812dce9686acdfa806cc2c6f1cf7cae6b0c66c104674f8244dc68947",,"2024-06-28T12:00:00.000","30","NO CONTROLS","NO CONTROLS","RAIN","DAYLIGHT","REAR END","NOT DIVIDED",,"STRAIGHT AND LEVEL","WET","UNKNOWN","ON SCENE","NO INJURY / DRIVE AWAY",,,,"$501 - $1,500","2024-06-28T12:17:00.000","WEATHER","FOLLOWING TOO CLOSELY","1664","W","OGDEN AVE","1224",,,,,,,"2","NO INDICATION OF INJURY","0","0","0","0","0","2","0","12","6","6","41.879454884","-87.668683271","POINT (-87.668683271442 41.879454884094)"
"635e0fba11ffd37fc3374f55489b52fc97c8906ec6094086047c6259572f3246edb93260d2bd8947b675d7ad7e1f36409341ec5cfe7c994e38bd64f1ccce0899",,"2024-06-28T12:00:00.000","30","TRAFFIC SIGNAL","FUNCTIONING PROPERLY","RAIN","DAYLIGHT","REAR END","DIVIDED - W/MEDIAN BARRIER",,"STRAIGHT AND LEVEL","WET","UNKNOWN","ON SCENE","NO INJURY / DRIVE AWAY","Y",,,"OVER $1,500","2024-06-28T12:00:00.000","FAILING TO REDUCE SPEED TO AVOID CRASH","WEATHER","301","W","GARFIELD BLVD","711",,,,,,,"2","NO INDICATION OF INJURY","0","0","0","0","0","3","0","12","6","6","41.794052475","-87.633046479","POINT (-87.633046478883 41.794052474989)"
"820fc97dd07558a12fbbc21032f1a56bb6d47653e0ca9f21db0c7b3673a4cff2efb047bb5002f185a1e3da4b638ff78a8ba28b1afa80797cd711f99ef6ccd419",,"2024-06-28T12:00:00.000","30","NO CONTROLS","NO CONTROLS","CLEAR","DAYLIGHT","PEDESTRIAN","NOT DIVIDED",,"STRAIGHT AND LEVEL","DRY","NO DEFECTS","ON SCENE","INJURY AND / OR TOW DUE TO CRASH",,,"Y","$500 OR LESS","2024-06-29T11:30:00.000","UNABLE TO DETERMINE","UNABLE TO DETERMINE","2336","W","JACKSON BLVD","1225",,,,,,,"2","NONINCAPACITATING INJURY","1","0","0","1","0","1","0","12","6","6","41.877670383","-87.685377107","POINT (-87.685377107335 41.877670382573)"
"a2f30bed5c3961aa6d52e10a00029a6d11ab4afd79ce11f6e602e5d9835fff0ee9bf9851e3a85bf35e74dfd129b6c434f9aee4c13ee6eb26df304ad7c16d081b",,"2024-06-28T12:00:00.000","30","STOP SIGN/FLASHER","FUNCTIONING PROPERLY","RAIN","DAYLIGHT","ANGLE","NOT DIVIDED",,"STRAIGHT AND LEVEL","WET","NO DEFECTS","ON SCENE","INJURY AND / OR TOW DUE TO CRASH",,,,"OVER $1,500","2024-06-28T12:03:00.000","DISREGARDING STOP SIGN","UNABLE TO DETERMINE","5198","W","HURON ST","1531",,,,,,,"2","REPORTED, NOT EVIDENT","1","0","0","0","1","2","0","12","6","6","41.893110025","-87.755468103","POINT (-87.755468102846 41.89311002481)"
"f1941a024668b22fbd2c5a5103ee0b1b6cd398972a174e95a8cca5d7c5c649e5df8ad7d4c5b7aa34545f211ae8c83bde84bd84d738c3115a61fa00d183a96b61",,"2024-06-28T11:55:00.000","30","TRAFFIC SIGNAL","FUNCTIONING PROPERLY","RAIN","DAYLIGHT","REAR END","ONE-WAY",,"STRAIGHT AND LEVEL","WET","NO DEFECTS","NOT ON SCENE (DESK REPORT)","NO INJURY / DRIVE AWAY",,,,"OVER $1,500","2024-06-28T12:20:00.000","FOLLOWING TOO CLOSELY","NOT APPLICABLE","7150","W","BRYN MAWR AVE","1612",,,,,,,"2","NO INDICATION OF INJURY","0","0","0","0","0","3","0","11","6","6","41.982879377","-87.806409872","POINT (-87.806409871713 41.98287937655)"
"2bd5aefb1902a9a41640c080178a8c8d01688f76409ee4f90f1739d06cf35cb79494eda204a806e04944adac532492ecfd391806631a7764d4997a193c83e089",,"2024-06-28T11:50:00.000","30","NO CONTROLS","NO CONTROLS","RAIN","DAYLIGHT","REAR END","NOT DIVIDED",,"STRAIGHT AND LEVEL","DRY","NO DEFECTS","ON SCENE","NO INJURY / DRIVE AWAY",,,,"OVER $1,500","2024-06-28T13:05:00.000","FOLLOWING TOO CLOSELY","NOT APPLICABLE","750","E","83RD ST","631",,,,,,,"2","NO INDICATION OF INJURY","0","0","0","0","0","2","0","11","6","6","41.744073425","-87.605445071","POINT (-87.605445071309 41.744073425406)"
"3aee0302c48cddd30a1cda49755cc5579dd0edb2ebf19306d6eaa49955845cf1196609c25a8aed7e90d2695814291ceab340eff5b1c983d5f32428cf5694a4c6",,"2024-06-28T11:50:00.000","10","NO CONTROLS","NO CONTROLS","RAIN","DAYLIGHT","REAR END","PARKING LOT",,"STRAIGHT AND LEVEL","WET","NO DEFECTS","NOT ON SCENE (DESK REPORT)","NO INJURY / DRIVE AWAY",,"Y",,"$501 - $1,500","2024-06-28T13:00:00.000","FAILING TO YIELD RIGHT-OF-WAY","NOT APPLICABLE","9450","S","JEFFERY AVE","413",,,,,,,"2","NO INDICATION OF INJURY","0","0","0","0","0","2","0","11","6","6","41.72273739","-87.575508032","POINT (-87.575508032364 41.722737390124)"
"111670ddc00cc4936199017050e65ddcd2426ad5b1341b999ec392366c0e2242e7afe2f4f82a674adcf5116b67e37362aa70d08775a4ded9667a0ec5923abc7c",,"2024-06-28T11:45:00.000","30","TRAFFIC SIGNAL","FUNCTIONING PROPERLY","RAIN","DAYLIGHT","ANGLE","FOUR WAY",,"STRAIGHT AND LEVEL","WET","NO DEFECTS","ON SCENE","INJURY AND / OR TOW DUE TO CRASH","Y",,,"OVER $1,500","2024-06-28T11:46:00.000","FAILING TO YIELD RIGHT-OF-WAY","NOT APPLICABLE","6000","W","ADDISON ST","1633",,,,,,,"2","NO INDICATION OF INJURY","0","0","0","0","0","3","0","11","6","6","41.945879676","-87.776627421","POINT (-87.776627420937 41.945879675591)"
"1c6108d804937ba8519034efbd64bc32c59131e5d88b6daf6f2607e15c88be3974a772767bcc55a8cf768d5ccf6cfd19a5f720517f78545d3419468810f044b6","Y","2024-06-28T11:45:00.000","15","NO CONTROLS","NO CONTROLS","RAIN","DAYLIGHT","ANGLE","PARKING LOT",,"STRAIGHT AND LEVEL","WET","NO DEFECTS","NOT ON SCENE (DESK REPORT)","NO INJURY / DRIVE AWAY",,"Y","Y","OVER $1,500","2024-06-28T13:40:00.000","FAILING TO YIELD RIGHT-OF-WAY","FAILING TO REDUCE SPEED TO AVOID CRASH","4631","W","FOSTER AVE","1712",,,,,,,"2","NO INDICATION OF INJURY","0","0","0","0","0","3","0","11","6","6","41.97525989","-87.744213677","POINT (-87.744213677351 41.975259889615)"
"0409140b2a8053a682ebe7a216ebbb6ac8fdf9c4120a1b674886e8504af479a7ef2e3a79925704ce77e4e389b546736d0bd1f0a4bd917fa1638f2ea32718809b",,"2024-06-28T11:40:00.000","30","TRAFFIC SIGNAL","UNKNOWN","RAIN","DAYLIGHT","REAR END","NOT DIVIDED",,"STRAIGHT AND LEVEL","WET","UNKNOWN","NOT ON SCENE (DESK REPORT)","NO INJURY / DRIVE AWAY",,,,"OVER $1,500","2024-06-28T12:00:00.000","UNABLE TO DETERMINE","UNABLE TO DETERMINE","5046","W","MONTROSE AVE","1623",,,,,,,"3","NO INDICATION OF INJURY","0","0","0","0","0","3","0","11","6","6","41.960742316","-87.754224871","POINT (-87.754224871137 41.96074231563)"