"crash_record_id","crash_date_est_i","crash_date","posted_speed_limit","traffic_control_device","device_condition","weather_condition","lighting_condition","first_crash_type","trafficway_type","lane_cnt","alignment","roadway_surface_cond","road_defect","report_type","crash_type","intersection_related_i","private_property_i","hit_and_run_i","damage","date_police_notified","prim_contributory_cause","sec_contributory_cause","street_no","street_direction","street_name","beat_of_occurrence","photos_taken_i","statements_taken_i","dooring_i","work_zone_i","work_zone_type","workers_present_i","num_units","most_severe_injury","injuries_total","injuries_fatal","injuries_incapacitating","injuries_non_incapacitating","injuries_reported_not_evident","injuries_no_indication","injuries_unknown","crash_hour","crash_day_of_week","crash_month","latitude","longitude","location"
"ba94677264174f3fb178b707e3f4739d77090abf6acbdd8c2ada851751b0f5fde593028b2542b450a4b8dd297696642c0b875bc5d443398269215f7229c197be",,"2024-06-28T11:40:00.000","30","PEDESTRIAN CROSSING SIGN","FUNCTIONING PROPERLY","RAIN","DAYLIGHT","REAR END","DIVIDED - W/MEDIAN BARRIER",,"STRAIGHT AND LEVEL","WET","NO DEFECTS","ON SCENE","NO INJURY / DRIVE AWAY",,,,"OVER $1,500","2024-06-28T11:53:00.000","FOLLOWING TOO CLOSELY","FOLLOWING TOO CLOSELY","1314","S","SACRAMENTO DR","1022",,,,,,,"2","NO INDICATION OF INJURY","0","0","0","0","0","3","0","11","6","6","41.86404891","-87.702277288","POINT (-87.702277287757 41.864048909921)"
"5009dd689d7e63228f5e502ed0992dfd9b1b63e6d9ff3f8db64f60e44fd13ab0c3c8d340bd3a6b8e90c37b91b202862ed3f6d2f2e6b5fbab0c29fb436d906191",,"2024-06-28T11:30:00.000","25","UNKNOWN","UNKNOWN","CLEAR","DAYLIGHT","REAR END","NOT DIVIDED",,"STRAIGHT AND LEVEL","UNKNOWN","UNKNOWN","NOT ON SCENE (DESK REPORT)","NO INJURY / DRIVE AWAY","N",,"Y","OVER $1,500","2024-06-28T12:29:00.000","NOT APPLICABLE","NOT APPLICABLE","8702","S","LAFAYETTE AVE","634",,,,,,,"2","NO INDICATION OF INJURY","0","0","0","0","0","2","0","11","6","6","41.736100886","-87.625585777","POINT (-87.62558577707 41.736100886122)"
"54f868225257eb59f5e73e69177822e91c8c7ec1e5111c0df5394bd1cff7c2aa7397d780db1bff568cd9112bda1060bea98685e0f90b6476bd590af4e9fd9afd",,"2024-06-28T11:30:00.000","30","STOP SIGN/FLASHER","FUNCTIONING PROPERLY","RAIN","DAYLIGHT","ANGLE","NOT DIVIDED",,"STRAIGHT AND LEVEL","WET","UNKNOWN","ON SCENE","INJURY AND / OR TOW DUE TO CRASH",,,,"OVER $1,500","2024-06-28T11:37:00.000","FAILING TO YIELD RIGHT-OF-WAY","FAILING TO YIELD RIGHT-OF-WAY","6924","W","HIGGINS AVE","1613",,,,,,,"2","NONINCAPACITATING INJURY","2","0","0","2","0","0","0","11","6","6","41.979947904","-87.801046396","POINT (-87.801046396413 41.979947904016)"
"8b6aa2b4534384d701437c272102c3c801b38cfcf1ea3060464b7d10fbbc9a0acb69c776e98a5e4f85eb36cc48f3be741c12d131b3ab59ba8e613830885d18fe",,"2024-06-28T11:29:00.000","35","NO CONTROLS","NO CONTROLS","RAIN","DAYLIGHT","REAR END","DIVIDED - W/MEDIAN BARRIER",,"STRAIGHT AND LEVEL","WET","NO DEFECTS","ON SCENE","INJURY AND / OR TOW DUE TO CRASH",,,,"OVER $1,500","2024-06-28T11:30:00.000","FOLLOWING TOO CLOSELY","NOT APPLICABLE","9301","S","STONY ISLAND AVE","413",,,,,,,"2","NO INDICATION OF INJURY","0","0","0","0","0","4","0","11","6","6","41.725895797","-87.584824315","POINT (-87.584824315172 41.725895796966)"
"492505c41c879c13964081a4f0f226636f24d451a0c65baf40f53689fe0544eb63c4b2cb39db3429f0270362ba7b8c8f8d10f92688f9da41f0f7bf428156db35",,"2024-06-28T11:20:00.000","30","STOP SIGN/FLASHER","FUNCTIONING PROPERLY","RAIN","DAYLIGHT","PARKED MOTOR VEHICLE","FOUR WAY",,"STRAIGHT AND LEVEL","WET","NO DEFECTS","NOT ON SCENE (DESK REPORT)","NO INJURY / DRIVE AWAY",,,"Y","$501 - $1,500","2024-06-28T11:50:00.000","UNABLE TO DETERMINE","NOT APPLICABLE","3550","W","CERMAK RD","1024",,,,,,,"2","NO INDICATION OF INJURY","0","0","0","0","0","1","0","11","6","6","41.851778114","-87.714390668","POINT (-87.714390667871 41.851778113692)"
"836e9be091035d8d6776674f55c119e812fea916811e0c04ee89eed99ff91efed7964a40c182ca2dd2689a28188921fa8eecaa58bb37ff42ed6f1c4c56b32e3d",,"2024-06-28T11:17:00.000","30","TRAFFIC SIGNAL","NO CONTROLS","RAIN","DAYLIGHT","REAR END","NOT DIVIDED",,"STRAIGHT AND LEVEL","WET","NO DEFECTS","NOT ON SCENE (DESK REPORT)","INJURY AND / OR TOW DUE TO CRASH",,,"Y","$501 - $1,500","2024-06-28T12:00:00.000","FAILING TO REDUCE SPEED TO AVOID CRASH","NOT APPLICABLE","5400","W","FULLERTON AVE","2515",,,,,,,"2","REPORTED, NOT EVIDENT","1","0","0","0","1","1","0","11","6","6","41.924153529","-87.761132662","POINT (-87.761132662061 41.924153528709)"
"cbf382f26326974043dffbd9e6665357bb2fdb8e53cf62439aec0c5157377bcf8c0a1c5e0483d9debb9f17d0338be00ec2000512ea0369146cbf10e3a22cc46f",,"2024-06-28T11:15:00.000","30","NO CONTROLS","NO CONTROLS","RAIN","DAYLIGHT","TURNING","NOT DIVIDED",,"STRAIGHT AND LEVEL","WET","NO DEFECTS","ON SCENE","INJURY AND / OR TOW DUE TO CRASH",,,,"OVER $1,500","2024-06-28T11:15:00.000","IMPROPER TURNING/NO SIGNAL","NOT APPLICABLE","899","E","79TH ST","624",,,,,,,"2","FATAL","2","1","0","1","0","4","0","11","6","6","41.751204187","-87.602815217","POINT (-87.602815216904 41.751204187264)"
"ad92b5c47eedb6d2284d1e3b8281279d1b8559fdd9d5c43a42bce662ca5a84fb7bd4e30f09c3e630ad458d64dc6748e54533f47a76a91440ab7ee889fff49437",,"2024-06-28T11:14:00.000","30","NO CONTROLS","NO CONTROLS","RAIN","DAYLIGHT","ANGLE","NOT DIVIDED",,"STRAIGHT AND LEVEL","WET","NO DEFECTS","ON SCENE","INJURY AND / OR TOW DUE TO CRASH",,,,"OVER $1,500","2024-06-28T12:30:00.000","IMPROPER OVERTAKING/PASSING","FAILING TO YIELD RIGHT-OF-WAY","8645","S","ASHLAND AVE","614",,,,,,,"2","NO INDICATION OF INJURY","0","0","0","0","0","2","0","11","6","6","41.736278952","-87.662929959","POINT (-87.662929959221 41.736278952065)"
"b164bfc46dd062c535add24efd02aa7c90e4e5d7e55cf30d29d1c5d9d9da6c7ee65d2afebfc2ae2a89165b055d67215362ef7b1444ac43c0f71475ad80e32935",,"2024-06-28T11:10:00.000","30","TRAFFIC SIGNAL","FUNCTIONING PROPERLY","RAIN","DAYLIGHT","SIDESWIPE SAME DIRECTION","ONE-WAY",,"STRAIGHT AND LEVEL","DRY","NO DEFECTS","NOT ON SCENE (DESK REPORT)","NO INJURY / DRIVE AWAY",,,,"$501 - $1,500","2024-06-28T11:35:00.000","UNABLE TO DETERMINE","UNABLE TO DETERMINE","450","E","GRAND AVE","1834",,,,,,,"2","NO INDICATION OF INJURY","0","0","0","0","0","2","0","11","6","6","41.89198543","-87.615814534","POINT (-87.615814533938 41.89198542954)"
"f0ef7b5291f12b7152bc71b89a3a20d6035fe1c1b3df6f98f5d37bf5a55ab5511a1aeac91d10f029cac321921db59975a2f358291cbd03e9de0efdbeb50b091f",,"2024-06-28T11:07:00.000","30","STOP SIGN/FLASHER","FUNCTIONING PROPERLY","RAIN","DAYLIGHT","OTHER OBJECT","ROUNDABOUT",,"STRAIGHT AND LEVEL","WET","NO DEFECTS","ON SCENE","NO INJURY / DRIVE AWAY","Y","Y",,"$500 OR LESS","2024-06-28T11:08:00.000","UNABLE TO DETERMINE","UNABLE TO DETERMINE","702","N","ROCKWELL ST","1221",,,,,,,"2","NO INDICATION OF INJURY","0","0","0","0","0","4","0","11","6","6","41.893985028","-87.691866666","POINT (-87.691866665847 41.89398502825)"
"884d4376308a4ee5387d6c7868602795e12a7f972cd6f643091839f9bc252e3a89be74e0a8030e00cfcfa3ccd1fd7e164dd8ce3a6f41e38f11dd6084eb69d901",,"2024-06-28T11:00:00.000","30","NO CONTROLS","NO CONTROLS","CLEAR","DAYLIGHT","REAR TO SIDE","NOT DIVIDED",,"STRAIGHT AND LEVEL","DRY","NO DEFECTS","NOT ON SCENE (DESK REPORT)","NO INJURY / DRIVE AWAY",,,,"OVER $1,500","2024-06-28T12:40:00.000","IMPROPER BACKING","IMPROPER BACKING","3831","S","ROCKWELL ST","911",,,,,,,"2","NO INDICATION OF INJURY","0","0","0","0","0","2","0","11","6","6","41.823663982","-87.689590095","POINT (-87.689590095068 41.823663982103)"
"a3aec18b0c73283109d054588854ab497dffbb5483edf4474a4df6a58295a97f9f38ec6e9b1a2df25b431fcc17f27b183c207c5c15dcc2f14e769dcaf07f01e6",,"2024-06-28T11:00:00.000","30","NO CONTROLS","NO CONTROLS","RAIN","DAYLIGHT","REAR END","DIVIDED - W/MEDIAN (NOT RAISED)",,"STRAIGHT AND LEVEL","WET","NO DEFECTS","ON SCENE","NO INJURY / DRIVE AWAY",,,,"OVER $1,500","2024-06-28T11:01:00.000","FOLLOWING TOO CLOSELY","NOT APPLICABLE","2308","N","DAMEN AVE","1432",,,,,,,"2","NO INDICATION OF INJURY","0","0","0","0","0","2","0","11","6","6","41.923081546","-87.677960277","POINT (-87.677960276776 41.923081546286)"
"d2b721347156e710e48d393b8fbfa10ee8d9df526e230ebc90d63108296d296752b7106d70b4e3403d790d3ca5b391dbf2de48caf8d0becd74f063b88c2b0489",,"2024-06-28T11:00:00.000","30","STOP SIGN/FLASHER","OTHER","CLEAR","DAYLIGHT","ANGLE","FOUR WAY",,"STRAIGHT AND LEVEL","DRY","NO DEFECTS","NOT ON SCENE (DESK REPORT)","NO INJURY / DRIVE AWAY",,,"Y","$501 - $1,500","2024-06-29T15:00:00.000","FAILING TO YIELD RIGHT-OF-WAY","UNABLE TO DETERMINE","6800","S","ASHLAND AVE","725",,,,,,,"2","NO INDICATION OF INJURY","0","0","0","0","0","2","0","11","6","6","41.770278756","-87.664112433","POINT (-87.664112432605 41.770278756122)"
"2f32a18ec4ac9793fbd46c4b77dc84cf326bc8e497d32e9ad96751409eaab2e13cc39fd60d4a1d2c2c6cabd84af7e14ad5b1207cdf2e90f68e769367dc18d84b",,"2024-06-28T10:53:00.000","35","TRAFFIC SIGNAL","FUNCTIONING PROPERLY","RAIN","DAYLIGHT","REAR END","NOT DIVIDED",,"STRAIGHT AND LEVEL","WET","NO DEFECTS","NOT ON SCENE (DESK REPORT)","NO INJURY / DRIVE AWAY",,,,"OVER $1,500","2024-06-28T12:31:00.000","FOLLOWING TOO CLOSELY","NOT APPLICABLE","4658","S","CICERO AVE","814",,,,,,,"2","NO INDICATION OF INJURY","0","0","0","0","0","2","0","10","6","6","41.807712683","-87.743300246","POINT (-87.743300245789 41.80771268334)"
"6c9f34bc5895df4552f4efe33e85cd09f9595f6e19840b0ad7e43f8f9bbe81fcb118cb3263b90bf613cbbf6ddde7bb47fc6a05062fed2ea178a89b2eb9926d8b",,"2024-06-28T10:51:00.000","30","STOP SIGN/FLASHER","FUNCTIONING PROPERLY","RAIN","DAYLIGHT","REAR END","NOT DIVIDED",,"STRAIGHT AND LEVEL","WET","NO DEFECTS","ON SCENE","NO INJURY / DRIVE AWAY",,,,"$501 - $1,500","2024-06-28T11:05:00.000","FAILING TO REDUCE SPEED TO AVOID CRASH","WEATHER","3130","W","ROOSEVELT RD","1134",,,,,,,"2","NO INDICATION OF INJURY","0","0","0","0","0","3","0","10","6","6","41.866531695","-87.704384527","POINT (-87.704384526748 41.866531695233)"
"b9d6dd7a4f1e42b1d2e8eb37b5009993fdf76e199880e581d800863c604f93b250ec65a9d0d44be9c2138ef09810967ba3443ced09e3aaca532c9c1827bc4ebc",,"2024-06-28T10:47:00.000","30","NO CONTROLS","NO CONTROLS","RAIN","DAYLIGHT","TURNING","NOT DIVIDED",,"STRAIGHT AND LEVEL","DRY","NO DEFECTS","NOT ON SCENE (DESK REPORT)","NO INJURY / DRIVE AWAY",,,,"OVER $1,500","2024-06-28T11:46:00.000","UNABLE TO DETERMINE","UNABLE TO DETERMINE","4455","S","PULASKI RD","821",,,,,,,"2","NO INDICATION OF INJURY","0","0","0","0","0","2","0","10","6","6","41.811748049","-87.723583318","POINT (-87.723583318072 41.81174804888)"
"596fe84bba71b08410dd2240bb2967f23da41f28639ce06bb96dab6c6ef742950ae647363aacb37174377671b18675e5a4e614efe062c2f9ed98e7b7a993c014",,"2024-06-28T10:35:00.000","10","NO CONTROLS","NO CONTROLS","CLEAR","DAYLIGHT","REAR TO REAR","PARKING LOT",,"STRAIGHT AND LEVEL","DRY","NO DEFECTS","NOT ON SCENE (DESK REPORT)","NO INJURY / DRIVE AWAY",,,,"OVER $1,500","2024-06-28T11:07:00.000","FAILING TO YIELD RIGHT-OF-WAY","FAILING TO YIELD RIGHT-OF-WAY","5672","S","ARCHER AVE","814",,,,,,,"2","NO INDICATION OF INJURY","0","0","0","0","0","2","0","10","6","6","41.797273709","-87.75298542","POINT (-87.752985419742 41.797273709306)"
"cdc4ac653fe1c3fe493886b0c56dfcaf98dcd7aa8d01ca512338a753999b4b5b81dc678922e3f0ba9f3540236e4abbdaf2979ac2a482129a24a030e7c6fdf7c0",,"2024-06-28T10:25:00.000","30","NO CONTROLS","NO CONTROLS","RAIN","DAYLIGHT","SIDESWIPE SAME DIRECTION","NOT DIVIDED",,"STRAIGHT AND LEVEL","WET","NO DEFECTS","NOT ON SCENE (DESK REPORT)","NO INJURY / DRIVE AWAY",,,,"$501 - $1,500","2024-06-28T10:50:00.000","UNABLE TO DETERMINE","UNABLE TO DETERMINE","4830","N","WESTERN AVE","2031",,,,,,,"2","NO INDICATION OF INJURY","0","0","0","0","0","2","0","10","6","6","41.969563654","-87.689083154","POINT (-87.689083154024 41.969563654379)"
"b296fd348008e40923b01eb7f6e9dc832e982ffe269838c5eb84e07db5b446f703a6341790132e38cb3fa90476ec97425ce57321c186f23c5a70e1ee2db0dc7d",,"2024-06-28T10:10:00.000","30","TRAFFIC SIGNAL","FUNCTIONING PROPERLY","CLEAR","DAYLIGHT","PEDESTRIAN","FOUR WAY",,"STRAIGHT AND LEVEL","WET","NO DEFECTS","ON SCENE","INJURY AND / OR TOW DUE TO CRASH","Y",,,"$500 OR LESS","2024-06-28T10:13:00.000","UNABLE TO DETERMINE","NOT APPLICABLE","422","S","HAMLIN BLVD","1133",,,,,,,"2","REPORTED, NOT EVIDENT","1","0","0","0","1","1","0","10","6","6","41.874549749","-87.72056038","POINT (-87.720560379933 41.874549749147)"
"afbeea6a43f3ec97c1be817a208be131c723d80cd0102feb6960fcc1b4687133ee1f824895a8eb85cf2cef89df06493af216853193914e74c768e5bdcee8d2bd",,"2024-06-28T10:05:00.000","30","NO CONTROLS","NO CONTROLS","UNKNOWN","DARKNESS, LIGHTED ROAD","PARKED MOTOR VEHICLE","NOT DIVIDED",,"STRAIGHT AND LEVEL","UNKNOWN","UNKNOWN","ON SCENE","NO INJURY / DRIVE AWAY",,,"Y","OVER $1,500","2024-06-28T10:05:00.000","UNABLE TO DETERMINE","UNABLE TO DETERMINE","2105","N","STAVE ST","1431",,,,,,,"4","NO INDICATION OF INJURY","0","0","0","0","0","1","0","10","6","6","41.919541543","-87.694349346","POINT (-87.694349345556 41.919541542841)"
"99614c097e5a3cea42845c481f89f4183c2fdd6b31fee99c7ec49e50490459a5e064e5af0b62f12dad0656f532f215c70cf2c7c67ded0c942d20d9507e6c39fc",,"2024-06-28T10:00:00.000","30","TRAFFIC SIGNAL","UNKNOWN","CLEAR","DAYLIGHT","REAR END","FOUR WAY",,"STRAIGHT AND LEVEL","DRY","UNKNOWN","NOT ON SCENE (DESK REPORT)","NO INJURY / DRIVE AWAY",,,,"OVER $1,500","2024-06-29T21:30:00.000","UNABLE TO DETERMINE","NOT APPLICABLE","2758","N","CICERO AVE","2521",,,,,,,"2","NO INDICATION OF INJURY","0","0","0","0","0","3","0","10","6","6","41.931484705","-87.746739826","POINT (-87.746739826261 41.931484704659)"
"c0f25891d12f6f973d59e2a587a720f05950d8be19011aa411fe1be88b96cd7307bef578cf4cc259f6ae447c0af88189e76e932ccd1c33308201a8a222960d6b",,"2024-06-28T10:00:00.000","25","UNKNOWN","UNKNOWN","RAIN","DAYLIGHT","ANGLE","NOT DIVIDED",,"STRAIGHT AND LEVEL","UNKNOWN","UNKNOWN","NOT ON SCENE (DESK REPORT)","NO INJURY / DRIVE AWAY","Y",,,"$501 - $1,500","2024-06-28T10:55:00.000","NOT APPLICABLE","NOT APPLICABLE","7902","S","DOBSON AVE","624",,,,,,,"2","NO INDICATION OF INJURY","0","0","0","0","0","2","0","10","6","6","41.751200917","-87.599265441","POINT (-87.599265441208 41.751200916666)"
"c6d6778cb177f8c2f4b2df81828e10e3addd77c2a3a439fdb9dab717dcbfa0f080c347eea71ebd735eee3f86ef1f090f6e55ad4bdfea4721804cf3b29fefe6c1",,"2024-06-28T10:00:00.000","30","TRAFFIC SIGNAL","FUNCTIONING PROPERLY","RAIN","DAYLIGHT","TURNING","DIVIDED - W/MEDIAN (NOT RAISED)",,"STRAIGHT AND LEVEL","WET","NO DEFECTS","NOT ON SCENE (DESK REPORT)","INJURY AND / OR TOW DUE TO CRASH","Y",,,"$500 OR LESS","2024-06-28T11:30:00.000","WEATHER","NOT APPLICABLE","1400","W","59TH ST","713",,,,,,,"2","REPORTED, NOT EVIDENT","1","0","0","0","1","3","0","10","6","6","41.786925924","-87.65960243","POINT (-87.65960243019 41.786925924448)"
"fe294bd7d112bcc3a0aba8cfc19bfbb747bb0fe8d2b27ac5b17a5eb7828676c02371ff76c343646945d0513adf971c9485e4eb82c1b40e2af6b03747b099ec9d",,"2024-06-28T10:00:00.000","30","TRAFFIC SIGNAL","FUNCTIONING PROPERLY","CLOUDY/OVERCAST","DAYLIGHT","SIDESWIPE SAME DIRECTION","FOUR WAY",,"STRAIGHT AND LEVEL","WET","NO DEFECTS","NOT ON SCENE (DESK REPORT)","NO INJURY / DRIVE AWAY",,,,"OVER $1,500","2024-06-28T10:15:00.000","UNABLE TO DETERMINE","UNABLE TO DETERMINE","1802","W","JACKSON BLVD","1225",,,,,,,"2","NO INDICATION OF INJURY","0","0","0","0","0","2","0","10","6","6","41.877650235","-87.671850744","POINT (-87.67185074427 41.877650234552)"
"6beb388110a3000a816b32dac29b2567412ef41338736baabd544fa05a01045bb987a7ff9b27805267067ad52e483734f9a04d11932f09c333027c5030b3cdbf",,"2024-06-28T09:54:00.000","30","TRAFFIC SIGNAL","FUNCTIONING PROPERLY","RAIN","DAYLIGHT","SIDESWIPE SAME DIRECTION","NOT DIVIDED",,"STRAIGHT AND LEVEL","WET","NO DEFECTS","ON SCENE","INJURY AND / OR TOW DUE TO CRASH","Y",,,"$501 - $1,500","2024-06-28T09:54:00.000","IMPROPER OVERTAKING/PASSING","NOT APPLICABLE","5040","W","55TH ST","814",,,,,,,"2","NO INDICATION OF INJURY","0","0","0","0","0","3","0","9","6","6","41.793042868","-87.749283465","POINT (-87.749283464731 41.793042867734)"
"59c0d64784af97fcbc6eca1c9a3c93581cdbda61af8bfed6ffdd021728ef8d36994c7b4a0daa22e0678486b953d6c77096b6ac1ea389290c61d50aac24151f6e",,"2024-06-28T09:52:00.000","25","NO CONTROLS","NO CONTROLS","CLEAR","DARKNESS, LIGHTED ROAD","FIXED OBJECT","DIVIDED - W/MEDIAN BARRIER",,"STRAIGHT ON GRADE","DRY","NO DEFECTS","NOT ON SCENE (DESK REPORT)","NO INJURY / DRIVE AWAY",,"Y",,"$501 - $1,500","2024-06-28T09:52:00.000","NOT APPLICABLE","NOT APPLICABLE","201","N","WESTSHORE DR","114",,,,,,,"1","NO INDICATION OF INJURY","0","0","0","0","0","2","0","9","6","6","41.88617367","-87.616108663","POINT (-87.6161086631 41.886173670412)"
"479ef62523400ed30f7967b99fddd92f0defe1e429e97052f3a52b9f739e7240b6970d6367140eca36fae57ee3520d87ecc08330458baadf27370b86b2b64573","Y","2024-06-28T09:45:00.000","30","TRAFFIC SIGNAL","FUNCTIONING PROPERLY","CLEAR","DAYLIGHT","REAR END","FIVE POINT, OR MORE",,"STRAIGHT AND LEVEL","DRY","NO DEFECTS","NOT ON SCENE (DESK REPORT)","NO INJURY / DRIVE AWAY","Y",,,"OVER $1,500","2024-06-28T10:00:00.000","FOLLOWING TOO CLOSELY","NOT APPLICABLE","1301","S","WESTERN AVE","1233",,,,,,,"2","NO INDICATION OF INJURY","0","0","0","0","0","5","0","9","6","6","41.864745069","-87.685840455","POINT (-87.685840454681 41.864745069282)"
"687083c4e0322c7167de3193b016e5cd0f135969084436cc3f9be9a550a8a2cca293534a8cbb3c9d5f0dafb627956db66324aa3f03257b8609d29e04b3fe1d6d",,"2024-06-28T09:45:00.000","30","NO CONTROLS","NO CONTROLS","CLEAR","DAYLIGHT","SIDESWIPE SAME DIRECTION","NOT DIVIDED",,"STRAIGHT AND LEVEL","DRY","NO DEFECTS","ON SCENE","INJURY AND / OR TOW DUE TO CRASH",,,,"OVER $1,500","2024-06-28T09:52:00.000","VISION OBSCURED (SIGNS, TREE LIMBS, BUILDINGS, ETC.)","UNABLE TO DETERMINE","8200","S","COTTAGE GROVE AVE","631",,,,,,,"2","INCAPACITATING INJURY","3","0","1","2","0","0","0","9","6","6","41.74570414","-87.605228204","POINT (-87.605228203638 41.745704140078)"
"0ff3e891e5af5acdebb614ea7ed025016b846338546199ece8a82fa74473b32b8b472bad9f21e7cc2f2b5f169564d331d4f57ba1b8dd7542b15c822eb6f7552d",,"2024-06-28T09:40:00.000","30","NO CONTROLS","NO CONTROLS","CLEAR","DAYLIGHT","REAR END","NOT DIVIDED",,"STRAIGHT AND LEVEL","DRY","NO DEFECTS","NOT ON SCENE (DESK REPORT)","NO INJURY / DRIVE AWAY",,,,"$501 - $1,500","2024-06-28T10:18:00.000","UNABLE TO DETERMINE","UNABLE TO DETERMINE","7605","S","JEFFERY BLVD","414",,,,,,,"2","NO INDICATION OF INJURY","0","0","0","0","0","2","0","9","6","6","41.756857281","-87.575952269","POINT (-87.575952268586 41.756857281196)"
"0f8950254047b06ac1a988b6dd828214a614fa421e68971581fc04924bd159fc2e867e8fc1beb8671c7b41662f11f8eb7d1f526ac51f5aa22e88bfc927b1feb8",,"2024-06-28T09:25:00.000","30","TRAFFIC SIGNAL","FUNCTIONING PROPERLY","RAIN","DAYLIGHT","REAR END","NOT DIVIDED",,"STRAIGHT AND LEVEL","WET","NO DEFECTS","ON SCENE","INJURY AND / OR TOW DUE TO CRASH","Y",,,"OVER $1,500","2024-06-28T09:27:00.000","UNABLE TO DETERMINE","NOT APPLICABLE","2000","N","CICERO AVE","2522",,,,,,,"2","REPORTED, NOT EVIDENT","1","0","0","0","1","1","0","9","6","6","41.916973325","-87.746260223","POINT (-87.746260222511 41.916973324511)"
"e37c395cc7d21962d1aafabe60e8532f5270bc173dfa289fa898c3d80e0a0eddc425f001cbf4b7ba6ce3e3f0e11c8438448815ad96670347bd0d85ac7ad1a70c",,"2024-06-28T09:25:00.000","30","TRAFFIC SIGNAL","FUNCTIONING PROPERLY","RAIN","DAYLIGHT","TURNING","FOUR WAY",,"STRAIGHT AND LEVEL","WET","NO DEFECTS","ON SCENE","NO INJURY / DRIVE AWAY","Y",,"Y","OVER $1,500","2024-06-28T09:28:00.000","FAILING TO YIELD RIGHT-OF-WAY","FAILING TO REDUCE SPEED TO AVOID CRASH","5700","N","BROADWAY","2013",,,,,,,"2","NO INDICATION OF INJURY","0","0","0","0","0","2","0","9","6","6","41.985685032","-87.660278542","POINT (-87.660278541966 41.985685031815)"
"7f1e16ce9b383d5bd972be44813faeff12472da1ff3bb5a74c6b3f5fbf0cdb7ab2614ba9f0e69c504a9ac91a7e6ba5dd0f4c1d735d89ed501ad139b9f9e6ec27",,"2024-06-28T09:24:00.000","30","UNKNOWN","UNKNOWN","UNKNOWN","DAYLIGHT","PARKED MOTOR VEHICLE","DIVIDED - W/MEDIAN (NOT RAISED)",,"STRAIGHT AND LEVEL","UNKNOWN","UNKNOWN","NOT ON SCENE (DESK REPORT)","NO INJURY / DRIVE AWAY",,,,"OVER $1,500","2024-06-28T09:45:00.000","IMPROPER OVERTAKING/PASSING","IMPROPER OVERTAKING/PASSING","2205","W","BELMONT AVE","1931",,,,,,,"2","NO INDICATION OF INJURY","0","0","0","0","0","1","0","9","6","6","41.939399805","-87.683470098","POINT (-87.683470098071 41.93939980492)"
"279e4b01a7e70e2cff075b0cc0d9cafb527320e04c80c835f274b2522af9d50e3363db45bfb44548aa29f7b0b8e9d01add3d4bc2bc14b557f070bb7deb64033e",,"2024-06-28T09:20:00.000","30","TRAFFIC SIGNAL","FUNCTIONING PROPERLY","RAIN","DAYLIGHT","TURNING","DIVIDED - W/MEDIAN (NOT RAISED)",,"STRAIGHT AND LEVEL","WET","NO DEFECTS","ON SCENE","NO INJURY / DRIVE AWAY",,,,"OVER $1,500","2024-06-28T09:25:00.000","FOLLOWING TOO CLOSELY","FAILING TO REDUCE SPEED TO AVOID CRASH","850","W","OHARE ST","1654",,,,,,,"2","NO INDICATION OF INJURY","0","0","0","0","0","2","0","9","6","6",,,
"3245e8b613ac12e045cb782c39bdfac10db60826f597513111e5c7365d25ff6e45c2cdd5deb58a88664c586cf710b56afc324923acd6c51a8f670279d87bdd92",,"2024-06-28T09:15:00.000","30","NO CONTROLS","NO CONTROLS","CLEAR","DAYLIGHT","TURNING","NOT DIVIDED",,"STRAIGHT AND LEVEL","DRY","NO DEFECTS","NOT ON SCENE (DESK REPORT)","NO INJURY / DRIVE AWAY",,,"Y","OVER $1,500","2024-06-28T16:10:00.000","FAILING TO YIELD RIGHT-OF-WAY","NOT APPLICABLE","115","E","PERSHING RD","213",,,,,,,"2","NO INDICATION OF INJURY","0","0","0","0","0","2","0","9","6","6","41.823654717","-87.622458769","POINT (-87.6224587695 41.823654716834)"
"49565b96c8de236f29142ac81f08df63003fd09599d9c257959a51ec52bdb82230f2c0536741047b5ccdbf72f863229663c45ce953f907205289147e1b44e7cd",,"2024-06-28T09:06:00.000","30","UNKNOWN","UNKNOWN","UNKNOWN","UNKNOWN","SIDESWIPE SAME DIRECTION","T-INTERSECTION",,"STRAIGHT AND LEVEL","UNKNOWN","UNKNOWN","NOT ON SCENE (DESK REPORT)","NO INJURY / DRIVE AWAY","N",,,"OVER $1,500","2024-06-28T09:50:00.000","UNABLE TO DETERMINE","NOT APPLICABLE","200","E","ROOSEVELT RD","114",,,,,,,"2","NO INDICATION OF INJURY","0","0","0","0","0","2","0","9","6","6","41.867594625","-87.622497474","POINT (-87.622497473924 41.867594625045)"
"17d9f07b1a3266fa2b0d1b69f7d2a62609e71c2efd4e1ff18d8cb7173aa39c0daf7a7c9304ba78c7288ee490d19c0f14f7e1bce83b14f3419c5f8cf98a0053da",,"2024-06-28T09:02:00.000","30","NO CONTROLS","NO CONTROLS","RAIN","DAYLIGHT","TURNING","NOT DIVIDED",,"STRAIGHT AND LEVEL","WET","NO DEFECTS","ON SCENE","NO INJURY / DRIVE AWAY",,,"Y","OVER $1,500","2024-06-28T09:02:00.000","UNABLE TO DETERMINE","NOT APPLICABLE","1759","N","CENTRAL AVE","2532",,,,,,,"3","NO INDICATION OF INJURY","0","0","0","0","0","3","0","9","6","6","41.913008812","-87.765485812","POINT (-87.765485812274 41.91300881239)"