"crash_record_id","crash_date_est_i","crash_date","posted_speed_limit","traffic_control_device","device_condition","weather_condition","lighting_condition","first_crash_type","trafficway_type","lane_cnt","alignment","roadway_surface_cond","road_defect","report_type","crash_type","intersection_related_i","private_property_i","hit_and_run_i","damage","date_police_notified","prim_contributory_cause","sec_contributory_cause","street_no","street_direction","street_name","beat_of_occurrence","photos_taken_i","statements_taken_i","dooring_i","work_zone_i","work_zone_type","workers_present_i","num_units","most_severe_injury","injuries_total","injuries_fatal","injuries_incapacitating","injuries_non_incapacitating","injuries_reported_not_evident","injuries_no_indication","injuries_unknown","crash_hour","crash_day_of_week","crash_month","latitude","longitude","location"
"8f3bb1a3c219e147e5ea7b3ec1bebdfda6a839a1dd0533647fbffd4246480a998b9027853274d3e7a4682e48a9798ca80c234a79e4234829ff70a375dd87e111",,"2024-06-28T09:00:00.000","30","NO CONTROLS","NO CONTROLS","RAIN","DAYLIGHT","REAR END","DIVIDED - W/MEDIAN (NOT RAISED)",,"STRAIGHT AND LEVEL","WET","NO DEFECTS","NOT ON SCENE (DESK REPORT)","NO INJURY / DRIVE AWAY",,,,"OVER $1,500","2024-06-28T20:25:00.000","FOLLOWING TOO CLOSELY","UNABLE TO DETERMINE","4155","S","CALIFORNIA AVE","921",,,,,,,"2","NO INDICATION OF INJURY","0","0","0","0","0","2","0","9","6","6","41.817577975","-87.694345192","POINT (-87.694345192405 41.817577974638)"
"943b0179ba5f30bc3e485df03d25409b82e76f0e324a22c5fb3e6e24beffbe55bf7eb581d48b055e7900f9c3f94210ec0cf5de43229da9fd76e5b4248fd2cc4f",,"2024-06-28T09:00:00.000","30","TRAFFIC SIGNAL","UNKNOWN","OTHER","DAYLIGHT","REAR END","DIVIDED - W/MEDIAN (NOT RAISED)",,"STRAIGHT AND LEVEL","WET","UNKNOWN","ON SCENE","NO INJURY / DRIVE AWAY",,,,"OVER $1,500","2024-06-28T09:02:00.000","UNABLE TO DETERMINE","UNABLE TO DETERMINE","3659","W","ADDISON ST","1732",,,,,,,"2","NO INDICATION OF INJURY","0","0","0","0","0","12","0","9","6","6","41.946361413","-87.720044002","POINT (-87.720044001505 41.946361413083)"
"e8930a503ee86cb9d0d94ece996cade56e3929c392c0fd33a6053a5efc2609295072e071d0149e7929f13d7f57ff1316140121fe7c561f7c51c7880feb37972c",,"2024-06-28T08:50:00.000","30","TRAFFIC SIGNAL","FUNCTIONING PROPERLY","RAIN","DAYLIGHT","REAR END","T-INTERSECTION",,"STRAIGHT AND LEVEL","WET","NO DEFECTS","ON SCENE","INJURY AND / OR TOW DUE TO CRASH",,,,"OVER $1,500","2024-06-28T08:56:00.000","WEATHER","DRIVING SKILLS/KNOWLEDGE/EXPERIENCE","500","N","SACRAMENTO BLVD","1221",,,,,,,"2","REPORTED, NOT EVIDENT","1","0","0","0","1","2","0","8","6","6","41.890822938","-87.702093055","POINT (-87.702093054627 41.89082293832)"
"2deb17e3e0066d3cbf86e3d05944b549d1e8e6db5e429fa354c44dad899a85d41eb87a12b5c1c3f80742eda9d1f7138b23e247ce2dd1655d83ce7f33aae5698a",,"2024-06-28T08:45:00.000","30","STOP SIGN/FLASHER","FUNCTIONING PROPERLY","CLEAR","DAYLIGHT","REAR END","ONE-WAY",,"STRAIGHT AND LEVEL","DRY","UNKNOWN","ON SCENE","NO INJURY / DRIVE AWAY","Y",,"Y","OVER $1,500","2024-06-28T08:57:00.000","FOLLOWING TOO CLOSELY","NOT APPLICABLE","3347","W","HURON ST","1121",,,,,,,"2","NO INDICATION OF INJURY","0","0","0","0","0","4","0","8","6","6","41.893572622","-87.710770449","POINT (-87.710770448538 41.893572621867)"
"2e4af751316ccba0b8f320e66997c0c2e9e7c967908f930a7e333534e49b6a544559ecd04b1c46329cad8d10f2b46d31e8ddbc7e3e651fc236ac4637a3f21fcc",,"2024-06-28T08:45:00.000","45","UNKNOWN","UNKNOWN","UNKNOWN","UNKNOWN","REAR END","T-INTERSECTION",,"STRAIGHT AND LEVEL","UNKNOWN","UNKNOWN","NOT ON SCENE (DESK REPORT)","NO INJURY / DRIVE AWAY",,,,"$501 - $1,500","2024-06-29T08:30:00.000","UNABLE TO DETERMINE","NOT APPLICABLE","300","S","LAKE SHORE DR SB","114",,,,,,,"2","NO INDICATION OF INJURY","0","0","0","0","0","2","0","8","6","6","41.878310135","-87.617575903","POINT (-87.617575903416 41.878310134581)"
"695eb08708b6629d29f2914549ed7e642a0a21177cd50cca79762363746c89e8e075b5da189ed05f9cfde8d823b1854ef5bb5c0bba0a754e3ad4275cc0471755",,"2024-06-28T08:45:00.000","40","UNKNOWN","UNKNOWN","UNKNOWN","UNKNOWN","REAR END","ONE-WAY",,"STRAIGHT AND LEVEL","UNKNOWN","UNKNOWN","NOT ON SCENE (DESK REPORT)","NO INJURY / DRIVE AWAY",,,,"OVER $1,500","2024-06-28T18:20:00.000","FOLLOWING TOO CLOSELY","UNABLE TO DETERMINE","2301","S","LAKE SHORE DR NB","132",,,,,,,"2","NO INDICATION OF INJURY","0","0","0","0","0","2","0","8","6","6","41.85110748","-87.612866633","POINT (-87.612866632544 41.85110748019)"
"9c0d1ad0f06e6412ca5a62206a68a71f48a876dfae6ae532bca2867968371194abe6a8b98a5c8c7439581aefb2214494997da02dc84b9c186cc4d3c02619b5c0",,"2024-06-28T08:39:00.000","30","NO CONTROLS","NO CONTROLS","RAIN","DAYLIGHT","REAR END","NOT DIVIDED",,"STRAIGHT AND LEVEL","WET","NO DEFECTS","ON SCENE","NO INJURY / DRIVE AWAY",,,,"OVER $1,500","2024-06-28T08:39:00.000","FAILING TO REDUCE SPEED TO AVOID CRASH","NOT APPLICABLE","2336","S","CALIFORNIA AVE","1033",,,,,,,"2","NO INDICATION OF INJURY","0","0","0","0","0","3","0","8","6","6","41.849061468","-87.695515083","POINT (-87.695515083074 41.849061467746)"
"3e26e84076dab117a7b81240880970d2c6d96e070c70172b5712aef8a7c8a10b0242fde99a3c8c5b89361c2a1bfeef1f1d5b96c891e119f98a5c40458eb11398",,"2024-06-28T08:30:00.000","40","TRAFFIC SIGNAL","UNKNOWN","CLOUDY/OVERCAST","DAYLIGHT","SIDESWIPE SAME DIRECTION","DIVIDED - W/MEDIAN BARRIER",,"STRAIGHT AND LEVEL","UNKNOWN","UNKNOWN","NOT ON SCENE (DESK REPORT)","NO INJURY / DRIVE AWAY",,,,"OVER $1,500","2024-06-28T09:20:00.000","IMPROPER LANE USAGE","DRIVING SKILLS/KNOWLEDGE/EXPERIENCE","808","S","LAKE SHORE DR SB","114",,,,,,,"2","NO INDICATION OF INJURY","0","0","0","0","0","2","0","8","6","6","41.871812841","-87.617427129","POINT (-87.617427128853 41.871812840894)"
"e9fefe0524582250d71a717ac0e7583362003e699019066f61853d66851118c6fc9bfc92dfb2afbf496cf24c3d8708448df5114ea60e7cf2bf198d5e8d018667",,"2024-06-28T08:30:00.000","30","NO CONTROLS","NO CONTROLS","RAIN","DAYLIGHT","ANGLE","NOT DIVIDED",,"STRAIGHT AND LEVEL","WET","NO DEFECTS","NOT ON SCENE (DESK REPORT)","NO INJURY / DRIVE AWAY",,,,"$500 OR LESS","2024-06-28T15:50:00.000","UNABLE TO DETERMINE","NOT APPLICABLE","2442","W","CHICAGO AVE","1212",,,,,,,"3","NO INDICATION OF INJURY","0","0","0","0","0","3","0","8","6","6","41.895834537","-87.688520844","POINT (-87.688520843737 41.895834536612)"
"252f305dc96a4e9ee1a2a07c7ed8aff4c6e6280bc5579109f58b40f4aebecc472f1143af3acaa175cee1e00fcff3ceb48eafa47b6d0968f9180b1a20e07508c2",,"2024-06-28T08:27:00.000","30","NO CONTROLS","NO CONTROLS","RAIN","DAYLIGHT","ANGLE","NOT DIVIDED",,"STRAIGHT AND LEVEL","WET","UNKNOWN","ON SCENE","INJURY AND / OR TOW DUE TO CRASH","Y","Y",,"OVER $1,500","2024-06-28T08:30:00.000","IMPROPER LANE USAGE","NOT APPLICABLE","1241","E","87TH ST","412",,,,,,,"2","REPORTED, NOT EVIDENT","1","0","0","0","1","2","0","8","6","6","41.736698914","-87.593463242","POINT (-87.593463241604 41.736698913548)"
"d99c6a31174a3d7cc9f17967d18152d1129da53e0dfd16590c9393a0e5269ae06dd3fff8fe54fe92bdd8de443a33f2b3d30fc5a874427109733f0c3b402c1f38",,"2024-06-28T08:27:00.000","30","TRAFFIC SIGNAL","FUNCTIONING PROPERLY","RAIN","DAYLIGHT","REAR END","FOUR WAY",,"STRAIGHT AND LEVEL","WET","NO DEFECTS","ON SCENE","NO INJURY / DRIVE AWAY",,,,"$500 OR LESS","2024-06-28T08:30:00.000","FOLLOWING TOO CLOSELY","NOT APPLICABLE","59","N","AUSTIN BLVD","1513",,,,,,,"2","NO INDICATION OF INJURY","0","0","0","0","0","2","0","8","6","6","41.881887611","-87.774568467","POINT (-87.774568466705 41.88188761056)"
"8ccb6124069ea29de2172cb3e258f9bcb8a7cb8e88ee74ac9f98b1e986fadf3fcff194144109388b38a250631ffd93d4228a226c122058e8da0db1e726213623",,"2024-06-28T08:20:00.000","30","NO CONTROLS","NO CONTROLS","CLEAR","DAYLIGHT","SIDESWIPE SAME DIRECTION","NOT DIVIDED",,"STRAIGHT AND LEVEL","DRY","NO DEFECTS","NOT ON SCENE (DESK REPORT)","NO INJURY / DRIVE AWAY",,,,"$501 - $1,500","2024-06-28T09:05:00.000","FAILING TO YIELD RIGHT-OF-WAY","NOT APPLICABLE","2351","N","HARLEM AVE","2512",,,,,,,"2","NO INDICATION OF INJURY","0","0","0","0","0","2","0","8","6","6","41.922557264","-87.806062795","POINT (-87.80606279482 41.92255726355)"
"6c235347eb8327c9ca4fcebfbc16e6831c3378f8bb2df1d36e014e7fa2b01dd14a27a9e7be353aefeb5637577955d3347ab015b61b02fe41e2d159970f591a2b",,"2024-06-28T08:15:00.000","30","TRAFFIC SIGNAL","FUNCTIONING PROPERLY","RAIN","DAYLIGHT","TURNING","FOUR WAY",,"STRAIGHT AND LEVEL","WET","NO DEFECTS","ON SCENE","INJURY AND / OR TOW DUE TO CRASH","Y",,,"OVER $1,500","2024-06-28T08:18:00.000","IMPROPER TURNING/NO SIGNAL","IMPROPER TURNING/NO SIGNAL","5900","N","BROADWAY","2013",,,,,,,"2","NO INDICATION OF INJURY","0","0","0","0","0","2","0","8","6","6","41.989107718","-87.660387275","POINT (-87.660387275496 41.98910771765)"
"62a6aeb058438f06a7389b2c299ddb8825c56537502d001d7f9c958231c59952692106af2484565f24bd3ae5d685a66214f46752680a321c165a06e27f2bf9ff",,"2024-06-28T08:10:00.000","30","NO CONTROLS","UNKNOWN","RAIN","DAYLIGHT","REAR END","DIVIDED - W/MEDIAN (NOT RAISED)",,"STRAIGHT AND LEVEL","WET","NO DEFECTS","ON SCENE","NO INJURY / DRIVE AWAY",,,,"$500 OR LESS","2024-06-28T08:14:00.000","FAILING TO REDUCE SPEED TO AVOID CRASH","NOT APPLICABLE","6075","N","LINCOLN AVE","1711",,,,,,,"2","NO INDICATION OF INJURY","0","0","0","0","0","2","0","8","6","6","41.992344902","-87.710323101","POINT (-87.71032310131 41.992344902465)"
"1a80aafe376ae3b52042a724a2240d87aff7f11e5a05b46c9b95be56702a7991d38952d631eb6e73f7b6302811c68f0f00b3010f8571de0ff6957668a7f0821c","N","2024-06-28T08:00:00.000","30","TRAFFIC SIGNAL","UNKNOWN","RAIN","DAYLIGHT","SIDESWIPE SAME DIRECTION","NOT DIVIDED",,"STRAIGHT AND LEVEL","UNKNOWN","UNKNOWN","NOT ON SCENE (DESK REPORT)","NO INJURY / DRIVE AWAY","Y",,,"OVER $1,500","2024-06-28T08:10:00.000","FAILING TO YIELD RIGHT-OF-WAY","IMPROPER OVERTAKING/PASSING","3401","W","ARMITAGE AVE","1422",,,,,,,"2","NO INDICATION OF INJURY","0","0","0","0","0","3","0","8","6","6","41.917231488","-87.711983389","POINT (-87.711983388795 41.917231487593)"
"1bdac62eab06388eed5f3c026493a22418eddfaff5fbffacbb49bd420a9c51f301e2121dba63ee89dab3b427093d5d933b52f79614840a73e328778c4726770f",,"2024-06-28T08:00:00.000","30","TRAFFIC SIGNAL","FUNCTIONING PROPERLY","CLOUDY/OVERCAST","DAYLIGHT","REAR END","DIVIDED - W/MEDIAN (NOT RAISED)",,"STRAIGHT AND LEVEL","WET","NO DEFECTS","ON SCENE","NO INJURY / DRIVE AWAY",,,"Y","OVER $1,500","2024-06-28T08:08:00.000","FOLLOWING TOO CLOSELY","FOLLOWING TOO CLOSELY","5300","N","WESTERN AVE","2011",,,,,,,"2","NO INDICATION OF INJURY","0","0","0","0","0","2","0","8","6","6","41.977795266","-87.689371783","POINT (-87.689371782613 41.977795265747)"
"6e51849465c1d0823a29921332e686bedd98d51bb1653c164b7c86f5d9364573ca6d20e924264cd98d48ba1eae3e47ebc28aeb59abf84c5483a8b32f2670b88c","Y","2024-06-28T08:00:00.000","30","NO CONTROLS","NO CONTROLS","CLEAR","DAYLIGHT","PARKED MOTOR VEHICLE","ONE-WAY",,"STRAIGHT AND LEVEL","UNKNOWN","UNKNOWN","NOT ON SCENE (DESK REPORT)","NO INJURY / DRIVE AWAY",,,"Y","$501 - $1,500","2024-06-28T14:00:00.000","NOT APPLICABLE","NOT APPLICABLE","1516","N","LOREL AVE","2532",,,,,,,"2","NO INDICATION OF INJURY","0","0","0","0","0","1","0","8","6","6","41.90817869","-87.759793957","POINT (-87.759793956718 41.908178689641)"
"ad73d928b3f37f1b3fb071c4ae6a69fb98c653b5d3903f7b6b667cb5565dce65af8ac1054fc2d79d4c31163ae9038012eca1a8b5ad6f77b23d9c3bb3cc0815fe",,"2024-06-28T07:54:00.000","30","TRAFFIC SIGNAL","FUNCTIONING PROPERLY","RAIN","DAYLIGHT","ANGLE","FOUR WAY",,"STRAIGHT AND LEVEL","WET","NO DEFECTS","ON SCENE","INJURY AND / OR TOW DUE TO CRASH","Y",,,"OVER $1,500","2024-06-28T07:57:00.000","DISREGARDING TRAFFIC SIGNALS","DRIVING SKILLS/KNOWLEDGE/EXPERIENCE","3199","W","DEVON AVE","2413",,"N",,,,,"2","NONINCAPACITATING INJURY","1","0","0","1","0","1","0","7","6","6","41.997280415","-87.709281894","POINT (-87.709281894471 41.997280415408)"
"43df5c07bf32a63926baf4fe96fee8386d5eb4cb334a7cafb1992d175ae710486931e3dc87eca808a1e4cc8ccccfd66d5153cec5a29f0604a6afec0527eae4c3",,"2024-06-28T07:50:00.000","30","STOP SIGN/FLASHER","FUNCTIONING PROPERLY","RAIN","DAYLIGHT","ANGLE","NOT DIVIDED",,"STRAIGHT AND LEVEL","WET","NO DEFECTS","ON SCENE","NO INJURY / DRIVE AWAY",,,"Y","OVER $1,500","2024-06-28T07:57:00.000","FAILING TO YIELD RIGHT-OF-WAY","NOT APPLICABLE","5200","W","ALTGELD ST","2515",,,,,,,"2","NO INDICATION OF INJURY","0","0","0","0","0","2","0","7","6","6","41.926072522","-87.756339493","POINT (-87.75633949291 41.926072522463)"
"5128c0c7a5a5ea933b0660aebe80c2e3fd9709e6773fe7e9c40710fbb4b9115970ff75d5c0bf118f4210caed91a737e00f7f53633ee7212c34f3d5a506f02cb9",,"2024-06-28T07:50:00.000","25","NO CONTROLS","NO CONTROLS","RAIN","DAYLIGHT","PARKED MOTOR VEHICLE","NOT DIVIDED",,"STRAIGHT AND LEVEL","WET","NO DEFECTS","ON SCENE","NO INJURY / DRIVE AWAY",,,"Y","$500 OR LESS","2024-06-28T08:18:00.000","DRIVING SKILLS/KNOWLEDGE/EXPERIENCE","FAILING TO REDUCE SPEED TO AVOID CRASH","1515","W","BRYN MAWR AVE","2013",,,,,,,"2","NO INDICATION OF INJURY","0","0","0","0","0","1","0","7","6","6","41.983389941","-87.668121132","POINT (-87.668121132356 41.983389940735)"
"2cd41eb650f41a5e99f21be1ea6067c16c026702e9d39b1fd7129f246798538515417c725d984b20cfc1ed77449f02658b17683eed59510524c07dd3191897bc",,"2024-06-28T07:45:00.000","30","TRAFFIC SIGNAL","FUNCTIONING PROPERLY","CLEAR","DAYLIGHT","TURNING","NOT DIVIDED",,"STRAIGHT AND LEVEL","DRY","NO DEFECTS","NOT ON SCENE (DESK REPORT)","NO INJURY / DRIVE AWAY",,,,"$501 - $1,500","2024-06-28T21:38:00.000","UNABLE TO DETERMINE","UNABLE TO DETERMINE","3500","S","DR MARTIN LUTHER KING JR DR","212",,,,,,,"2","NO INDICATION OF INJURY","0","0","0","0","0","2","0","7","6","6","41.831086574","-87.617460542","POINT (-87.617460541867 41.831086574167)"
"a9378d01924a2974db6833c1c672e0358d30ea28cbf909a586073c801f2fabcd1e56cd065984b9eee04c2d8b45c03b558de94039ff7d1a8cf146a3366f4a189b",,"2024-06-28T07:40:00.000","20","NO CONTROLS","NO CONTROLS","RAIN","DAYLIGHT","ANGLE","ALLEY",,"STRAIGHT AND LEVEL","WET","NO DEFECTS","ON SCENE","NO INJURY / DRIVE AWAY",,,,"$501 - $1,500","2024-06-28T07:51:00.000","FAILING TO YIELD RIGHT-OF-WAY","UNABLE TO DETERMINE","4355","W","DIVERSEY AVE","2524",,,,,,,"2","NO INDICATION OF INJURY","0","0","0","0","0","3","0","7","6","6","41.931554506","-87.736590525","POINT (-87.736590524711 41.931554505856)"
"edc9e8a4fb29842b2dcf51c0aebec3b185f4d9895a73842e792ac48737280fc3d632daf7f2321b9c53b8c5a8368ed958358bbbdc5de752129daa0311c15f277c",,"2024-06-28T07:40:00.000","10","NO CONTROLS","NO CONTROLS","CLEAR","DAYLIGHT","PEDESTRIAN","PARKING LOT",,"CURVE ON HILLCREST","DRY","NO DEFECTS","ON SCENE","INJURY AND / OR TOW DUE TO CRASH",,"Y",,"$501 - $1,500","2024-06-28T07:45:00.000","FAILING TO YIELD RIGHT-OF-WAY","FAILING TO YIELD RIGHT-OF-WAY","441","E","ONTARIO ST","1834",,,,,,,"2","NONINCAPACITATING INJURY","1","0","0","1","0","1","0","7","6","6","41.893350021","-87.616159299","POINT (-87.616159299254 41.893350021207)"
"6cb0d441f3d730f06c97c7cd3c33dda4a51da4b5881cecedac33fd3b1889f0665e1a765434c8f8316638153fa32982fbdc9b53e319b123bd15d02e97325daf92",,"2024-06-28T07:35:00.000","30","NO CONTROLS","NO CONTROLS","RAIN","DAYLIGHT","PEDALCYCLIST","NOT DIVIDED",,"STRAIGHT AND LEVEL","WET","UNKNOWN","ON SCENE","INJURY AND / OR TOW DUE TO CRASH",,,"N","$500 OR LESS","2024-06-28T07:50:00.000","FOLLOWING TOO CLOSELY","NOT APPLICABLE","158","S","PULASKI RD","1115",,"N",,,,,"2","REPORTED, NOT EVIDENT","1","0","0","0","1","1","0","7","6","6","41.878021852","-87.725726764","POINT (-87.72572676438 41.878021852294)"
"7f569e46e9d5d0ae58ce0c6ba1506dd58b998c74b53faee2ca8288018d08c4a57ec58381a5ccb4071b4e14b90a9e67150391f4c801ec280eb3c029d1c664cf57",,"2024-06-28T07:30:00.000","15","NO CONTROLS","NO CONTROLS","CLEAR","UNKNOWN","TURNING","ALLEY",,"STRAIGHT AND LEVEL","UNKNOWN","OTHER","NOT ON SCENE (DESK REPORT)","NO INJURY / DRIVE AWAY",,,,"OVER $1,500","2024-06-28T16:52:00.000","UNABLE TO DETERMINE","NOT APPLICABLE","2755","N","KOSTNER AVE","2524",,,,,,,"2","NO INDICATION OF INJURY","0","0","0","0","0","2","0","7","6","6","41.931488049","-87.736671739","POINT (-87.736671738661 41.931488049493)"
"ae59c9697cfaf8ec7a5339e9baac98f3a79010594906ff34d78aa96807ebc55451df243ba5b480ddc7a44a65c5960a8b2ccac3f6f30ffad55a645fa1a59cb619",,"2024-06-28T07:30:00.000","30","UNKNOWN","UNKNOWN","UNKNOWN","UNKNOWN","TURNING","NOT DIVIDED",,"STRAIGHT AND LEVEL","UNKNOWN","UNKNOWN","NOT ON SCENE (DESK REPORT)","INJURY AND / OR TOW DUE TO CRASH",,,"Y","$501 - $1,500","2024-06-29T07:00:00.000","UNABLE TO DETERMINE","UNABLE TO DETERMINE","5181","S","ARCHER AVE","815",,,,,,,"2","REPORTED, NOT EVIDENT","1","0","0","0","1","1","0","7","6","6","41.800011511","-87.733630872","POINT (-87.733630871796 41.800011511442)"
"f8ce6fd0ce4c594eae70eeed3b9d4d006497ff72d4060204eb8e0ff0e0005452b3c4b54a46798a221b39bde73daaa6dbd46232e273437e9427e008c699a2fa60",,"2024-06-28T07:30:00.000","30","STOP SIGN/FLASHER","FUNCTIONING PROPERLY","RAIN","DAYLIGHT","SIDESWIPE OPPOSITE DIRECTION","ONE-WAY",,"STRAIGHT AND LEVEL","WET","NO DEFECTS","ON SCENE","INJURY AND / OR TOW DUE TO CRASH","N",,,"$501 - $1,500","2024-06-28T07:30:00.000","DRIVING ON WRONG SIDE/WRONG WAY","NOT APPLICABLE","2500","E","81ST ST","422",,,,,,,"3","NONINCAPACITATING INJURY","1","0","0","1","0","3","0","7","6","6","41.748237889","-87.563690512","POINT (-87.563690511652 41.748237889187)"
"19be4038670ca6e717643aa9c589611b05fecc64ce6b50ae0bef4121bdd11509474125b4d7bfd306a6907f0313a62dcae0a07c7b6c38ad2a76afb93774a5e426",,"2024-06-28T07:29:00.000","30","NO CONTROLS","NO CONTROLS","RAIN","DAYLIGHT","SIDESWIPE SAME DIRECTION","FOUR WAY",,"STRAIGHT AND LEVEL","WET","NO DEFECTS","ON SCENE","NO INJURY / DRIVE AWAY","N",,,"$501 - $1,500","2024-06-28T07:35:00.000","FAILING TO YIELD RIGHT-OF-WAY","NOT APPLICABLE","730","S","CALIFORNIA AVE","1135",,,,,,,"2","NO INDICATION OF INJURY","0","0","0","0","0","2","0","7","6","6","41.872014973","-87.696197645","POINT (-87.696197645294 41.872014973481)"
"01668a132c879a6fb92591c8b16c644599d4d5b2a8bcee1b098c663c6203dc766b2d7d92634d0b08ac2c166ada5b2fb8186e595796f368e01a6c7ff02bf543a4",,"2024-06-28T07:23:00.000","25","STOP SIGN/FLASHER","FUNCTIONING PROPERLY","CLEAR","DAYLIGHT","PARKED MOTOR VEHICLE","ONE-WAY",,"STRAIGHT AND LEVEL","DRY","UNKNOWN","ON SCENE","INJURY AND / OR TOW DUE TO CRASH",,,,"OVER $1,500","2024-06-28T07:29:00.000","EQUIPMENT - VEHICLE CONDITION","NOT APPLICABLE","5654","N","RICHMOND ST","2011",,,,,,,"3","NO INDICATION OF INJURY","0","0","0","0","0","1","0","7","6","6","41.984714631","-87.702995733","POINT (-87.702995732765 41.984714630729)"
"a7bbb641f72313eeb69f9a2bd3fa7c6ec9875830acf1e444021d4a6feb1e2bcd5432eefd45a91f523156435ea37206e9ee9f1b623a8d6a48bd81b34f3c5443d8",,"2024-06-28T07:20:00.000","30","NO CONTROLS","NO CONTROLS","CLEAR","DAYLIGHT","REAR END","NOT DIVIDED",,"STRAIGHT AND LEVEL","DRY","NO DEFECTS","NOT ON SCENE (DESK REPORT)","NO INJURY / DRIVE AWAY",,,,"OVER $1,500","2024-06-28T07:30:00.000","FOLLOWING TOO CLOSELY","NOT APPLICABLE","6209","N","NAGLE AVE","1611",,,,,,,"2","NO INDICATION OF INJURY","0","0","0","0","0","2","0","7","6","6","41.993844794","-87.787383057","POINT (-87.787383056956 41.993844794218)"
"7942da02294c9421290778857a8d63dd31c994793c8b33dc664c9a7f0b6cf8c91ebaa4b31cc9abf4feb0cf1077ed0f0b6f30e5c121ba44f8ae5ffcf66ed2a475",,"2024-06-28T06:30:00.000","30","NO CONTROLS","NO CONTROLS","CLEAR","DAYLIGHT","TURNING","NOT DIVIDED",,"STRAIGHT AND LEVEL","DRY","NO DEFECTS","NOT ON SCENE (DESK REPORT)","NO INJURY / DRIVE AWAY",,,,"OVER $1,500","2024-06-28T07:07:00.000","FAILING TO YIELD RIGHT-OF-WAY","FAILING TO YIELD RIGHT-OF-WAY","4300","S","KEDZIE AVE","821",,,,,,,"2","NO INDICATION OF INJURY","0","0","0","0","0","2","0","6","6","6","41.815352037","-87.704406263","POINT (-87.704406262956 41.815352037319)"
"09ce615a99497cfb3b6bcd92643f8a55b5cf7b9570b1753c9fb73a0261c0c19b1c5a5502566935cbc3e3f7b30f909bd60e06004718833a143b015750ea29c841",,"2024-06-28T06:19:00.000","30","TRAFFIC SIGNAL","FUNCTIONING PROPERLY","CLEAR","DAWN","REAR END","NOT DIVIDED",,"STRAIGHT AND LEVEL","DRY","NO DEFECTS","NOT ON SCENE (DESK REPORT)","INJURY AND / OR TOW DUE TO CRASH","Y",,,"OVER $1,500","2024-06-28T06:32:00.000","FAILING TO REDUCE SPEED TO AVOID CRASH","NOT APPLICABLE","7121","N","SHERIDAN RD","2423",,,,,,,"2","NONINCAPACITATING INJURY","1","0","0","1","0","1","0","6","6","6","42.012089687","-87.662943804","POINT (-87.662943803569 42.012089686967)"
"b2f5fe17573654f45b2917341fd940224c0ed11000630f0a9c622f6579f8a029f4f3e5fdf952496ea934076247a349a8ca469ba96c8d491584f59aa348fc0972","Y","2024-06-28T06:00:00.000","30","NO CONTROLS","NO CONTROLS","RAIN","DAYLIGHT","PARKED MOTOR VEHICLE","NOT DIVIDED",,"STRAIGHT AND LEVEL","WET","UNKNOWN","ON SCENE","INJURY AND / OR TOW DUE TO CRASH",,,,"OVER $1,500","2024-06-28T06:13:00.000","UNABLE TO DETERMINE","UNABLE TO DETERMINE","3344","W","FULTON BLVD","1123",,,,,,,"4","NO INDICATION OF INJURY","0","0","0","0","0","1","0","6","6","6","41.886471464","-87.710545472","POINT (-87.710545471946 41.886471463671)"
"24b183a7dc73baf8591a01597970ff4af80cb0ff22564f22457a706b072db8379992ecbcd3d09ccbe483a50455a1ad1923bb70ad9e805b42b918051b39f12096",,"2024-06-28T05:00:00.000","30","STOP SIGN/FLASHER","FUNCTIONING PROPERLY","CLEAR","DAWN","ANGLE","FOUR WAY",,"STRAIGHT AND LEVEL","DRY","NO DEFECTS","NOT ON SCENE (DESK REPORT)","NO INJURY / DRIVE AWAY","Y",,,"OVER $1,500","2024-06-28T05:45:00.000","FAILING TO YIELD RIGHT-OF-WAY","DRIVING SKILLS/KNOWLEDGE/EXPERIENCE","7633","W","ADDISON ST","1631",,,,,,,"2","NO INDICATION OF INJURY","0","0","0","0","0","2","0","5","6","6","41.945146782","-87.818068862","POINT (-87.81806886191 41.945146781622)"
"8e0aff732acd29a96ffebc4e2e8e34b330e725ea1495888c78e08ca268de0d62f65b6f9de3e8a0c05ae0372c0cef6c4a707ccc70e372d1d412f1687474f56afa","Y","2024-06-28T05:00:00.000","30","NO CONTROLS","NO CONTROLS","UNKNOWN","UNKNOWN","PARKED MOTOR VEHICLE","NOT DIVIDED",,"STRAIGHT AND LEVEL","DRY","NO DEFECTS","ON SCENE","NO INJURY / DRIVE AWAY",,,"Y","OVER $1,500","2024-06-28T06:42:00.000","UNABLE TO DETERMINE","NOT APPLICABLE","8543","S","KEDVALE AVE","834",,,,,,,"2","NO INDICATION OF INJURY","0","0","0","0","0","1","0","5","6","6","41.737170775","-87.725007776","POINT (-87.725007776317 41.737170774797)"
"d010c713637b0a44c3b31648648e39d74b7e11f49a48a4b8f4da135b815d86103d317cb664675d646049d5945666580432297d00f2a5412dd7f25a3eed37a98a","Y","2024-06-28T05:00:00.000","25","NO CONTROLS","NO CONTROLS","CLEAR","UNKNOWN","PARKED MOTOR VEHICLE","ONE-WAY",,"STRAIGHT AND LEVEL","UNKNOWN","NO DEFECTS","ON SCENE","NO INJURY / DRIVE AWAY",,,"Y","$501 - $1,500","2024-06-28T12:14:00.000","NOT APPLICABLE","NOT APPLICABLE","4013","W","LEXINGTON ST","1132",,"N",,,,,"2","NO INDICATION OF INJURY","0","0","0","0","0","1","0","5","6","6","41.871731685","-87.725956141","POINT (-87.725956141008 41.871731684511)"