"crash_record_id","crash_date_est_i","crash_date","posted_speed_limit","traffic_control_device","device_condition","weather_condition","lighting_condition","first_crash_type","trafficway_type","lane_cnt","alignment","roadway_surface_cond","road_defect","report_type","crash_type","intersection_related_i","private_property_i","hit_and_run_i","damage","date_police_notified","prim_contributory_cause","sec_contributory_cause","street_no","street_direction","street_name","beat_of_occurrence","photos_taken_i","statements_taken_i","dooring_i","work_zone_i","work_zone_type","workers_present_i","num_units","most_severe_injury","injuries_total","injuries_fatal","injuries_incapacitating","injuries_non_incapacitating","injuries_reported_not_evident","injuries_no_indication","injuries_unknown","crash_hour","crash_day_of_week","crash_month","latitude","longitude","location"
"21906f8a19c11590f4c9db9eeb3a5e78f41084f5d66420d46e3be3c6abdc399ad980bd5476f35c6a5f9ca9e96342e887c7059b11d36cd1d92688b7a9c7e60ab3",,"2024-06-28T04:20:00.000","30","TRAFFIC SIGNAL","FUNCTIONING PROPERLY","CLEAR","DARKNESS, LIGHTED ROAD","TURNING","FOUR WAY",,"STRAIGHT AND LEVEL","DRY","UNKNOWN","ON SCENE","NO INJURY / DRIVE AWAY","Y",,,"OVER $1,500","2024-06-28T04:25:00.000","TURNING RIGHT ON RED","TURNING RIGHT ON RED","4699","S","PULASKI RD","821",,,,,,,"2","NO INDICATION OF INJURY","0","0","0","0","0","2","0","4","6","6","41.807977203","-87.723442855","POINT (-87.723442855227 41.807977202659)"
"9b9fb632dfceded08b3bb615c4e170245fe5b7958c63d19bd0e361d0b04b443fda916d3e065a6a3f9573013257647e2d415595e4eedc974ac6aa6d1c5f109738",,"2024-06-28T04:11:00.000","30","NO CONTROLS","NO CONTROLS","CLEAR","DAWN","PARKED MOTOR VEHICLE","DIVIDED - W/MEDIAN (NOT RAISED)",,"STRAIGHT AND LEVEL","DRY","UNKNOWN","ON SCENE","INJURY AND / OR TOW DUE TO CRASH",,,,"OVER $1,500","2024-06-28T04:13:00.000","UNABLE TO DETERMINE","UNABLE TO DETERMINE","10747","S","MICHIGAN AVE","513",,,,,,,"3","NO INDICATION OF INJURY","0","0","0","0","0","2","0","4","6","6","41.698515134","-87.620742573","POINT (-87.620742573285 41.698515133934)"
"fd2c4a69cba38fa54a32fd96117528bb2e71995ea879f50d32803b88dc6daa48a2047fabeffdfa78bf58daf69732bac97d2586f0d8713cfc543ee903565ea605",,"2024-06-28T03:30:00.000","30","STOP SIGN/FLASHER","NO CONTROLS","CLEAR","DARKNESS, LIGHTED ROAD","TURNING","NOT DIVIDED",,"STRAIGHT AND LEVEL","UNKNOWN","UNKNOWN","NOT ON SCENE (DESK REPORT)","NO INJURY / DRIVE AWAY","Y",,,"OVER $1,500","2024-06-28T03:30:00.000","FAILING TO REDUCE SPEED TO AVOID CRASH","UNABLE TO DETERMINE","3600","W","SHAKESPEARE AVE","2525",,,,,,,"2","NO INDICATION OF INJURY","0","0","0","0","0","2","0","3","6","6","41.920137979","-87.716971974","POINT (-87.716971974146 41.920137978644)"
"ab68cdd8546a50bdce772dff60c0e6346dedeb355a877143be78ac08735ee1f20455ccb3e4338b1cf097ec420aa568c63b7cbddada54c908a11020af9969bcf1",,"2024-06-28T03:10:00.000","30","NO CONTROLS","NO CONTROLS","CLEAR","DARKNESS, LIGHTED ROAD","PARKED MOTOR VEHICLE","ONE-WAY",,"STRAIGHT AND LEVEL","UNKNOWN","UNKNOWN","NOT ON SCENE (DESK REPORT)","NO INJURY / DRIVE AWAY",,,"Y","OVER $1,500","2024-06-29T12:45:00.000","UNABLE TO DETERMINE","NOT APPLICABLE","3940","N","SAWYER AVE","1733",,,,,,,"2","NO INDICATION OF INJURY","0","0","0","0","0","1","0","3","6","6","41.953308054","-87.709369943","POINT (-87.709369942611 41.953308053658)"
"b3af3a37ccb587ca26abad24b4969524a16f68d0bd352c2ba899771c7a6278a965b811cc22cfe14c88404a3d2c4e83c5d33644335b2487843e4e81445a4e9a80",,"2024-06-28T03:00:00.000","30","UNKNOWN","UNKNOWN","CLEAR","DUSK","SIDESWIPE SAME DIRECTION","NOT DIVIDED",,"STRAIGHT AND LEVEL","DRY","NO DEFECTS",,"INJURY AND / OR TOW DUE TO CRASH",,,"N","OVER $1,500","2024-06-28T03:35:00.000","FOLLOWING TOO CLOSELY","UNABLE TO DETERMINE","4831","W","OAKDALE AVE","2521",,,,,,,"3","NO INDICATION OF INJURY","0","0","0","0","0","2","0","3","6","6","41.934143027","-87.747965592","POINT (-87.747965591742 41.934143026865)"
"b6e51965165b2ae80967d246c405b3e7f3993a5b3ec96a3c610ed00f37d5bc4be31e06888662b395c84e84112a2fe450e5eb1754b89a57d6d817621313d1c53c",,"2024-06-28T02:50:00.000","30","TRAFFIC SIGNAL","FUNCTIONING PROPERLY","CLEAR","DARKNESS, LIGHTED ROAD","ANGLE","FOUR WAY",,"STRAIGHT AND LEVEL","DRY","NO DEFECTS","ON SCENE","INJURY AND / OR TOW DUE TO CRASH","Y",,,"OVER $1,500","2024-06-28T02:55:00.000","DISREGARDING OTHER TRAFFIC SIGNS","DISTRACTION - FROM INSIDE VEHICLE","9900","S","WESTERN AVE","2211","N","N",,,,,"2","NONINCAPACITATING INJURY","1","0","0","1","0","1","0","2","6","6","41.713569899","-87.681985722","POINT (-87.681985722044 41.713569899352)"
"62dec7086e76a21400ceca86c913e371c88a1ae00f40e306d08c4a972be3f2428b2a2fa2eaebc370fc7110e8d98ba0186c9d955ba0232dd8fe14c6958ef352a9",,"2024-06-28T01:39:00.000","35","NO CONTROLS","NO CONTROLS","CLEAR","DARKNESS, LIGHTED ROAD","TURNING","NOT DIVIDED",,"STRAIGHT AND LEVEL","DRY","NO DEFECTS","NOT ON SCENE (DESK REPORT)","INJURY AND / OR TOW DUE TO CRASH",,,,"$501 - $1,500","2024-06-28T02:08:00.000","UNABLE TO DETERMINE","NOT APPLICABLE","4120","W","47TH ST","815",,,,,,,"2","NO INDICATION OF INJURY","0","0","0","0","0","2","0","1","6","6","41.807938323","-87.727013417","POINT (-87.727013417398 41.80793832335)"
"b555686af6dc97a8942dd37bf524302c35a7ff672f536cc623b227bc066bde6139ab7b29591d037e0240cb64c55f4560fb2e365f968acca6a1aa00dd5001e57c",,"2024-06-28T01:30:00.000","30","NO CONTROLS","FUNCTIONING PROPERLY","CLEAR","DARKNESS, LIGHTED ROAD","PARKED MOTOR VEHICLE","NOT DIVIDED",,"STRAIGHT AND LEVEL","DRY","NO DEFECTS","ON SCENE","INJURY AND / OR TOW DUE TO CRASH","N",,,"OVER $1,500","2024-06-28T01:40:00.000","DRIVING ON WRONG SIDE/WRONG WAY","DRIVING ON WRONG SIDE/WRONG WAY","4507","W","55TH ST","813",,"Y",,,,,"2","NO INDICATION OF INJURY","0","0","0","0","0","1","0","1","6","6","41.792983995","-87.735728689","POINT (-87.735728688513 41.792983995088)"
"6ca0e0762301d50c65726a41e3f74648f4207be6aefbb530bb90cd31bc8a209611d24d95375a5e0ff6596eecda29f1237810ffa31e967d7e1e5ad4e6f5c1b34f",,"2024-06-28T01:27:00.000","30","NO CONTROLS","NO CONTROLS","CLEAR","DARKNESS, LIGHTED ROAD","SIDESWIPE SAME DIRECTION","NOT DIVIDED",,"STRAIGHT AND LEVEL","DRY","NO DEFECTS","ON SCENE","NO INJURY / DRIVE AWAY",,,"Y","$500 OR LESS","2024-06-28T01:28:00.000","DRIVING SKILLS/KNOWLEDGE/EXPERIENCE","FOLLOWING TOO CLOSELY","2733","W","FULLERTON AVE","1431",,"N",,,,,"2","NO INDICATION OF INJURY","0","0","0","0","0","2","0","1","6","6","41.924707688","-87.696328182","POINT (-87.696328181837 41.924707688121)"
"f37c79e14377cb283c19cdcc994dce761db0e2c84488db06587f58dbbc949f434fbe574b9b54828f3f58d2bc1eef83d9c1cb5b38754a912e6834ba3e60b081a0","N","2024-06-28T01:27:00.000","30","NO CONTROLS","NO CONTROLS","UNKNOWN","UNKNOWN","PARKED MOTOR VEHICLE","NOT DIVIDED",,"STRAIGHT AND LEVEL","UNKNOWN","NO DEFECTS","ON SCENE","NO INJURY / DRIVE AWAY",,,"Y","OVER $1,500","2024-06-28T08:10:00.000","UNABLE TO DETERMINE","UNABLE TO DETERMINE","30","S","GREEN ST","1232",,,,,,,"3","NO INDICATION OF INJURY","0","0","0","0","0","1","0","1","6","6","41.880839525","-87.648650842","POINT (-87.648650841839 41.880839525378)"
"dc89eefc7f4ba56e7ec04ac53a8f4989af442dca1e63b73fbd61beaf88f6ccaf1ebcc84abad83e5b3b423cc3a4a01cf2cb5e515837c5f51d3fb99ac3e18ad31b",,"2024-06-28T00:57:00.000","30","OTHER","FUNCTIONING PROPERLY","CLEAR","DARKNESS, LIGHTED ROAD","FIXED OBJECT","NOT DIVIDED",,"STRAIGHT AND LEVEL","DRY","OTHER","ON SCENE","INJURY AND / OR TOW DUE TO CRASH",,,,"OVER $1,500","2024-06-28T01:14:00.000","ROAD CONSTRUCTION/MAINTENANCE","NOT APPLICABLE","1614","W","DIVISION ST","1424",,"Y",,"Y","CONSTRUCTION",,"1","NONINCAPACITATING INJURY","1","0","0","1","0","0","0","0","6","6","41.903448408","-87.66811043","POINT (-87.668110430437 41.903448408215)"
"3003857be7e23c4774cb0e659d2bc35eddae43ff3f091c9db368f7f4b076fe1619a042ed5ed229d853a743787ec140f6106adee9e9b04e6320663c58a970d396",,"2024-06-28T00:55:00.000","30","NO CONTROLS","NO CONTROLS","CLEAR","DARKNESS, LIGHTED ROAD","REAR END","NOT DIVIDED",,"STRAIGHT AND LEVEL","DRY","NO DEFECTS","ON SCENE","INJURY AND / OR TOW DUE TO CRASH",,,,"OVER $1,500","2024-06-28T01:00:00.000","FAILING TO REDUCE SPEED TO AVOID CRASH","FOLLOWING TOO CLOSELY","6823","S","WESTERN AVE","832",,,,,,,"2","NO INDICATION OF INJURY","0","0","0","0","0","2","0","0","6","6","41.769440376","-87.683226979","POINT (-87.68322697888 41.769440376368)"
"4d9f16e4b8dac5ad83c5b90a3c4abfa73247bb88dbba0d49c017bc97ef115d2b520f40a75a951d3698697544edf063715396b17e7ed91f4d0c2b85539021e497",,"2024-06-28T00:10:00.000","30","STOP SIGN/FLASHER","FUNCTIONING PROPERLY","CLEAR","DARKNESS, LIGHTED ROAD","HEAD ON","NOT DIVIDED",,"STRAIGHT AND LEVEL","DRY","NO DEFECTS","ON SCENE","INJURY AND / OR TOW DUE TO CRASH",,,,"OVER $1,500","2024-06-28T00:10:00.000","DRIVING ON WRONG SIDE/WRONG WAY","UNABLE TO DETERMINE","1307","N","CALIFORNIA AVE","1423",,,,,,,"2","REPORTED, NOT EVIDENT","1","0","0","0","1","3","0","0","6","6","41.905004913","-87.696784463","POINT (-87.696784462998 41.905004912898)"
"3859f827125e575da8c811087496b2505b30a5cf4f8fd267e7909cd5fdff96dfc714fbb5b540153cc3670e2b45e53cbdc8f1bae4b8f3bbb9a717423f00e02b14",,"2024-06-28T00:05:00.000","30","STOP SIGN/FLASHER","FUNCTIONING PROPERLY","CLEAR","DARKNESS, LIGHTED ROAD","ANGLE","FOUR WAY",,"STRAIGHT AND LEVEL","DRY","NO DEFECTS","ON SCENE","INJURY AND / OR TOW DUE TO CRASH","Y",,"Y","OVER $1,500","2024-06-28T00:06:00.000","FAILING TO YIELD RIGHT-OF-WAY","NOT APPLICABLE","8300","S","CARPENTER ST","613",,,,,,,"2","REPORTED, NOT EVIDENT","2","0","0","0","2","1","0","0","6","6","41.743178115","-87.650043475","POINT (-87.65004347506 41.743178114681)"
"a9f2f93cb6a6509f8cc57ff52b6d20a33bb6642ece3c2d195086b7e450193b7a6a8830a10391cf875d92cb1bed870d755bcb5f712a5a4f27dc03847a3b056370",,"2024-06-28T00:00:00.000","25","STOP SIGN/FLASHER","UNKNOWN","UNKNOWN","DARKNESS","REAR END","ONE-WAY",,"STRAIGHT AND LEVEL","UNKNOWN","UNKNOWN","NOT ON SCENE (DESK REPORT)","INJURY AND / OR TOW DUE TO CRASH",,,"Y","OVER $1,500","2024-06-28T19:00:00.000","UNABLE TO DETERMINE","UNABLE TO DETERMINE","1707","N","LINDER AVE","2532",,,,,,,"2","NONINCAPACITATING INJURY","1","0","0","1","0","1","0","0","6","6","41.911501021","-87.762925317","POINT (-87.762925317361 41.911501021291)"
"d4c8af29f758b1068897e103908139e6f1f29001c361eac32320542932eee53f70e4ebde58edb3880366b96446cee00ac80ce4c47ac6d81096557c2f4ec89e72",,"2024-06-27T23:35:00.000","30","TRAFFIC SIGNAL","FUNCTIONING PROPERLY","CLEAR","DARKNESS","TURNING","FOUR WAY",,"STRAIGHT AND LEVEL","DRY","NO DEFECTS","NOT ON SCENE (DESK REPORT)","NO INJURY / DRIVE AWAY","Y",,,"OVER $1,500","2024-06-28T00:10:00.000","IMPROPER OVERTAKING/PASSING","IMPROPER OVERTAKING/PASSING","1956","W","35TH ST","912",,,,,,,"2","NO INDICATION OF INJURY","0","0","0","0","0","3","0","23","5","6","41.830501233","-87.675136984","POINT (-87.675136984335 41.830501233375)"
"d8f9a55b5a6e9238fdb01233b5361c1cc7ea93a6268d3de09da9703d26d2b860e6acb32281ead6a0b5817cb38d0915b5b4053ceb2166e13c00a56c9382947a04",,"2024-06-27T23:35:00.000","30","TRAFFIC SIGNAL","FUNCTIONING PROPERLY","CLEAR","DARKNESS, LIGHTED ROAD","SIDESWIPE SAME DIRECTION","DIVIDED - W/MEDIAN (NOT RAISED)",,"STRAIGHT AND LEVEL","DRY","NO DEFECTS","NOT ON SCENE (DESK REPORT)","NO INJURY / DRIVE AWAY","Y",,"Y","OVER $1,500","2024-06-27T23:55:00.000","FAILING TO YIELD RIGHT-OF-WAY","IMPROPER OVERTAKING/PASSING","1200","W","HOLLYWOOD AVE","2013",,,,,,,"2","NO INDICATION OF INJURY","0","0","0","0","0","2","0","23","5","6","41.985576045","-87.660176491","POINT (-87.660176491432 41.985576045424)"
"b32226f01e2b69698c0ffc94ed2c355744b6223c140b2b03c137a83048c9301d8de446c3f3b1813af3b901e64a86f10f8f3d77ec42c7762fa79203e43b1ee022",,"2024-06-27T23:34:00.000","30","TRAFFIC SIGNAL","FUNCTIONING PROPERLY","CLEAR","DARKNESS, LIGHTED ROAD","REAR END","DIVIDED - W/MEDIAN (NOT RAISED)",,"STRAIGHT AND LEVEL","DRY","NO DEFECTS","ON SCENE","INJURY AND / OR TOW DUE TO CRASH",,,"Y","$500 OR LESS","2024-06-27T23:59:00.000","FAILING TO YIELD RIGHT-OF-WAY","DRIVING SKILLS/KNOWLEDGE/EXPERIENCE","1359","N","CENTRAL AVE","2532",,,,,,,"2","NO INDICATION OF INJURY","0","0","0","0","0","3","0","23","5","6","41.905716824","-87.7656362","POINT (-87.765636199712 41.905716823748)"
"5cb54c15cbecff61b601e862100659947e08791149decbaed0de6d544b890eb4d4bd10be4999c425fef181f278182e947e5181e50d0d44081d920a9eef22dcb8",,"2024-06-27T23:29:00.000","30","NO CONTROLS","NO CONTROLS","CLEAR","DARKNESS, LIGHTED ROAD","PARKED MOTOR VEHICLE","NOT DIVIDED",,"STRAIGHT AND LEVEL","DRY","NO DEFECTS","ON SCENE","NO INJURY / DRIVE AWAY",,,"Y","$500 OR LESS","2024-06-27T23:54:00.000","UNABLE TO DETERMINE","UNABLE TO DETERMINE","5457","W","AUGUSTA BLVD","1524",,,,,,,"2","NO INDICATION OF INJURY","0","0","0","0","0","1","0","23","5","6","41.898409793","-87.763019234","POINT (-87.763019234278 41.898409792638)"
"a01283c4abbd4afabb1da11ef693ab3ffec472029b1109817dc1c4540ced3d6d5706769862e21218067f86fd7001a17e59841596327634e937d4f35e33af5412","Y","2024-06-27T23:29:00.000","30","TRAFFIC SIGNAL","FUNCTIONING PROPERLY","CLEAR","DUSK","TURNING","OTHER",,"STRAIGHT AND LEVEL","DRY","NO DEFECTS","ON SCENE","INJURY AND / OR TOW DUE TO CRASH","Y",,,"OVER $1,500","2024-06-27T23:30:00.000","FAILING TO YIELD RIGHT-OF-WAY","NOT APPLICABLE","2076","S","CLARK ST","131",,"Y",,,,,"2","NO INDICATION OF INJURY","0","0","0","0","0","2","0","23","5","6","41.854225185","-87.630280532","POINT (-87.630280531539 41.854225184781)"
"609f785ccf420000f9086e128a11d7bfff91821341d328da9106c4c5b182c726dd7c69fb9537c8853fa1de167c42b337c00f8ebba51162d0b4491136717f2659",,"2024-06-27T23:15:00.000","25","NO CONTROLS","NO CONTROLS","CLEAR","DAWN","PARKED MOTOR VEHICLE","ONE-WAY",,"STRAIGHT AND LEVEL","DRY","NO DEFECTS","ON SCENE","NO INJURY / DRIVE AWAY",,,"Y","OVER $1,500","2024-06-27T23:31:00.000","UNABLE TO DETERMINE","NOT APPLICABLE","9302","S","NORMAL AVE","2223",,,,,,,"2","NO INDICATION OF INJURY","0","0","0","0","0","1","0","23","5","6","41.725062805","-87.636170739","POINT (-87.636170738972 41.725062804812)"
"e98678d0db4d07c4adc6e42ad6aab9d635d55105eea0cb4eba71b190f4bba85da6b6a4c0fc850e717ed2027463f46e800ff043853bba011fc26b97c2a77f59d3","Y","2024-06-27T23:08:00.000","15","NO CONTROLS","NO CONTROLS","CLEAR","DARKNESS, LIGHTED ROAD","FIXED OBJECT","PARKING LOT",,"STRAIGHT AND LEVEL","DRY","NO DEFECTS","ON SCENE","INJURY AND / OR TOW DUE TO CRASH",,"Y","Y","OVER $1,500","2024-06-27T23:10:00.000","FAILING TO REDUCE SPEED TO AVOID CRASH","UNABLE TO DETERMINE","2959","W","FULTON ST","1222",,,,,,,"1","NO INDICATION OF INJURY","0","0","0","0","0","1","0","23","5","6","41.886373231","-87.701234307","POINT (-87.701234306969 41.886373230918)"
"089ced46ce94d9c2e861b51bd4a7817fc8befdaf3b214c0d193c97867fee218bd67808f7978d1621298e8f3413dc1801b03ba3b3da332d68d23f1c72843b6c44",,"2024-06-27T23:00:00.000","30","TRAFFIC SIGNAL","FUNCTIONING PROPERLY","CLEAR","DARKNESS, LIGHTED ROAD","TURNING","NOT DIVIDED",,"STRAIGHT AND LEVEL","DRY","NO DEFECTS","NOT ON SCENE (DESK REPORT)","NO INJURY / DRIVE AWAY","Y",,,"OVER $1,500","2024-06-27T23:30:00.000","IMPROPER TURNING/NO SIGNAL","FAILING TO REDUCE SPEED TO AVOID CRASH","200","W","MADISON ST","122",,,,,,,"2","NO INDICATION OF INJURY","0","0","0","0","0","2","0","23","5","6","41.88205499","-87.633899901","POINT (-87.633899901163 41.882054989975)"
"b42e72f6919ab23c8068fbfdab142aaecfa12c5cde0d72b09aeb96247955eff55356582db6cd2af066fae0f00eb95350cf73332f6b9d3a755a62f43141fe6080",,"2024-06-27T22:59:00.000","30","TRAFFIC SIGNAL","FUNCTIONING PROPERLY","CLEAR","DARKNESS","REAR END","CENTER TURN LANE",,"STRAIGHT AND LEVEL","DRY","NO DEFECTS","NOT ON SCENE (DESK REPORT)","NO INJURY / DRIVE AWAY",,,,"OVER $1,500","2024-06-27T23:30:00.000","FAILING TO REDUCE SPEED TO AVOID CRASH","NOT APPLICABLE","34","S","HALSTED ST","1232","Y",,,,,,"2","NO INDICATION OF INJURY","0","0","0","0","0","2","0","22","5","6","41.880736975","-87.647475456","POINT (-87.647475455534 41.8807369747)"
"01f65a78714a60a73fdd517c8b1ad23f22e8381048864257248078dc57d23c606a512a03d513e739b81a2b549da81df17ec882eba598557a461d4650b48bec9f",,"2024-06-27T22:45:00.000","30","TRAFFIC SIGNAL","FUNCTIONING PROPERLY","CLEAR","DARKNESS, LIGHTED ROAD","TURNING","FOUR WAY",,"STRAIGHT AND LEVEL","DRY","NO DEFECTS","ON SCENE","INJURY AND / OR TOW DUE TO CRASH","Y",,,"OVER $1,500","2024-06-27T22:58:00.000","FAILING TO YIELD RIGHT-OF-WAY","NOT APPLICABLE","6701","S","CICERO AVE","833",,"Y",,,,,"2","NO INDICATION OF INJURY","0","0","0","0","0","4","0","22","5","6","41.771044801","-87.741905632","POINT (-87.741905631651 41.771044801146)"
"fdecd1ea39676626d87cdc8e6db9b6991156bc5ab9b0fd259c7efba77f1c73f13683d6773c805cb9ca666311dad45e59f9a7c76c7a449e13693ff6a0906b2d62","Y","2024-06-27T22:30:00.000","30","UNKNOWN","UNKNOWN","CLEAR","UNKNOWN","SIDESWIPE SAME DIRECTION","NOT DIVIDED",,"STRAIGHT AND LEVEL","DRY","UNKNOWN","ON SCENE","NO INJURY / DRIVE AWAY",,,"Y","$500 OR LESS","2024-06-27T23:21:00.000","UNABLE TO DETERMINE","UNABLE TO DETERMINE","1614","W","BELMONT AVE","1922",,,,,,,"2","NO INDICATION OF INJURY","0","0","0","0","0","4","0","22","5","6","41.939797426","-87.669314665","POINT (-87.669314664902 41.939797425555)"
"cf57472c71d1116ea351c3ef111d13c263a9cddb8d277f6d28ba6efd775add5d7cf5032f69ae05c7b038d927892f5984b346018b543d6ab3915e8ea97baf1b12",,"2024-06-27T22:29:00.000","30","NO CONTROLS","NO CONTROLS","CLEAR","DARKNESS, LIGHTED ROAD","PARKED MOTOR VEHICLE","NOT DIVIDED",,"STRAIGHT AND LEVEL","DRY","NO DEFECTS","ON SCENE","NO INJURY / DRIVE AWAY",,,"N","OVER $1,500","2024-06-28T00:06:00.000","UNABLE TO DETERMINE","UNABLE TO DETERMINE","308","W","CHESTNUT ST","1823",,,,,,,"2","NO INDICATION OF INJURY","0","0","0","0","0","1","0","22","5","6","41.898286326","-87.636172674","POINT (-87.636172673563 41.898286325858)"
"8747f283b8c19c68f07fb3b1c680a7716eae4adc6255da95d1c740a4f9555f6e4c849a786530296bb1ef14b6cd803cdfffa4e1434f4340bf04d3846895ae4b4e",,"2024-06-27T22:20:00.000","30","NO CONTROLS","NO CONTROLS","CLEAR","DARKNESS, LIGHTED ROAD","REAR END","NOT DIVIDED",,"STRAIGHT AND LEVEL","DRY","UNKNOWN","NOT ON SCENE (DESK REPORT)","NO INJURY / DRIVE AWAY",,,,"OVER $1,500","2024-06-27T22:40:00.000","UNABLE TO DETERMINE","NOT APPLICABLE","2257","W","DEVON AVE","2413",,,,,,,"2","NO INDICATION OF INJURY","0","0","0","0","0","2","0","22","5","6","41.997666735","-87.687225493","POINT (-87.6872254933 41.997666734985)"
"f27eecf1859af5d966f9f4e6924fdb0680ebf383ba3e5aa946406fa563da901b2a491d63f13c4223f211d8f65510ffc7c7c244b06cdae815e6bcb353c8058d00",,"2024-06-27T22:20:00.000","30","TRAFFIC SIGNAL","UNKNOWN","UNKNOWN","UNKNOWN","REAR END","DIVIDED - W/MEDIAN (NOT RAISED)",,"STRAIGHT AND LEVEL","UNKNOWN","UNKNOWN","NOT ON SCENE (DESK REPORT)","NO INJURY / DRIVE AWAY",,,"Y","OVER $1,500","2024-06-28T10:30:00.000","FOLLOWING TOO CLOSELY","DRIVING SKILLS/KNOWLEDGE/EXPERIENCE","351","N","AUSTIN BLVD","1512",,,,,,,"2","NO INDICATION OF INJURY","0","0","0","0","0","3","0","22","5","6","41.887026049","-87.774732043","POINT (-87.774732043061 41.887026048576)"
"635bc4eba10b4d993148f57a425acf4c98da05f3d994e746d5b7dee918f7a04935559859bd13db53e696bbf96c0ef99d6e8a1f9e1cf056452cc97319f5051008",,"2024-06-27T22:16:00.000","25","NO CONTROLS","NO CONTROLS","CLEAR","DARKNESS, LIGHTED ROAD","PARKED MOTOR VEHICLE","ONE-WAY",,"STRAIGHT AND LEVEL","DRY","NO DEFECTS","ON SCENE","INJURY AND / OR TOW DUE TO CRASH",,,"Y","OVER $1,500","2024-06-27T23:02:00.000","UNABLE TO DETERMINE","UNABLE TO DETERMINE","5403","W","RICE ST","1524",,,,,,,"2","NO INDICATION OF INJURY","0","0","0","0","0","1","0","22","5","6","41.895690794","-87.76089061","POINT (-87.760890609512 41.895690793722)"
"b75d5673a0f6f5ccbbe2dd5665209207f79f49a571656e5bebb5331c1dd3e7ef1fe8af5b9b32c1dd7d23e44d72cb81acbcdf5f99ef38c195c48e845893ca5a52",,"2024-06-27T22:10:00.000","30","UNKNOWN","UNKNOWN","CLEAR","DARKNESS, LIGHTED ROAD","ANGLE","FOUR WAY",,"STRAIGHT AND LEVEL","DRY","UNKNOWN","NOT ON SCENE (DESK REPORT)","NO INJURY / DRIVE AWAY",,,,"OVER $1,500","2024-06-28T02:58:00.000","DISREGARDING STOP SIGN","DISREGARDING STOP SIGN","7900","S","ESSEX AVE","422",,,,,,,"2","NO INDICATION OF INJURY","0","0","0","0","0","2","0","22","5","6","41.751673412","-87.56395209","POINT (-87.563952089612 41.751673411906)"
"831895c254ff08143e014e105979dbfc3d3dea2d98d78a5b0970a4d49144840aeb8f7acc4c3075fc666d568fd1c6603d0c282997684be2fe4f5ed9911f742411",,"2024-06-27T22:00:00.000","30","STOP SIGN/FLASHER","FUNCTIONING PROPERLY","UNKNOWN","UNKNOWN","REAR END","DIVIDED - W/MEDIAN (NOT RAISED)",,"STRAIGHT AND LEVEL","UNKNOWN","UNKNOWN","ON SCENE","NO INJURY / DRIVE AWAY",,,,"$501 - $1,500","2024-06-27T23:00:00.000","UNABLE TO DETERMINE","UNABLE TO DETERMINE","6021","W","DIVERSEY AVE","2512",,,,,,,"2","NO INDICATION OF INJURY","0","0","0","0","0","3","0","22","5","6","41.931017325","-87.776804753","POINT (-87.776804752997 41.931017324917)"
"b1ee02a4280e565feed458c55433a32655c35e7a31bf2674f8f9443436d2ad35b6def2193a5d783df4b6ee8c8ee434f8db453b5e2d4bd2a4b7173a90b87a7a98",,"2024-06-27T21:58:00.000","30","NO CONTROLS","NO CONTROLS","CLEAR","UNKNOWN","FIXED OBJECT","DIVIDED - W/MEDIAN (NOT RAISED)",,"STRAIGHT AND LEVEL","DRY","NO DEFECTS","ON SCENE","INJURY AND / OR TOW DUE TO CRASH",,,,"OVER $1,500","2024-06-27T21:58:00.000","NOT APPLICABLE","UNABLE TO DETERMINE","4904","S","HALSTED ST","933",,,,,,,"1","NO INDICATION OF INJURY","0","0","0","0","0","1","0","21","5","6","41.804878794","-87.645576364","POINT (-87.645576364398 41.804878794444)"
"ad192eb25781114fdd25400f693247473132bd6e10adee08a904ab17f852089f4b8d14a63e3b9af1d49296ce14cd4a0052c7a14b4d4a39ea9674245c51f64162",,"2024-06-27T21:47:00.000","20","NO CONTROLS","NO CONTROLS","CLEAR","DARKNESS, LIGHTED ROAD","OTHER OBJECT","PARKING LOT",,"STRAIGHT AND LEVEL","DRY","NO DEFECTS","NOT ON SCENE (DESK REPORT)","NO INJURY / DRIVE AWAY",,"Y",,"$501 - $1,500","2024-06-28T07:00:00.000","UNABLE TO DETERMINE","NOT APPLICABLE","6221","W","WRIGHTWOOD AVE","2512",,,,,,,"1","NO INDICATION OF INJURY","0","0","0","0","0","1","0","21","5","6","41.927289082","-87.781543302","POINT (-87.78154330179 41.927289082194)"
"0b90f3b9908293d77d9e6e3ba36236fe3341a51e56d61c5b4863876ec8a2488c1d542a16e835d0808d5aca1478520876776b1083b475acf04dc22e353356e27c",,"2024-06-27T21:43:00.000","10","NO CONTROLS","NO CONTROLS","CLEAR","DARKNESS, LIGHTED ROAD","REAR TO SIDE","PARKING LOT",,"STRAIGHT AND LEVEL","DRY","NO DEFECTS","NOT ON SCENE (DESK REPORT)","NO INJURY / DRIVE AWAY",,,,"$501 - $1,500","2024-06-27T22:35:00.000","FAILING TO YIELD RIGHT-OF-WAY","NOT APPLICABLE","2719","N","CALIFORNIA AVE","1411",,,,,,,"2","NO INDICATION OF INJURY","0","0","0","0","0","3","0","21","5","6","41.930878417","-87.697439658","POINT (-87.697439657518 41.930878417182)"
"0ac6ee3f7fef9b744d86cf7dc6ec8d1396a87d16f1c3f80391fe55b9619e40db68b7969bf54ad2c64389b17c5de8d12323a0e7be5da5af10a627ce8b1debb8cd",,"2024-06-27T21:36:00.000","30","TRAFFIC SIGNAL","FUNCTIONING PROPERLY","CLEAR","DARKNESS, LIGHTED ROAD","REAR END","DIVIDED - W/MEDIAN (NOT RAISED)",,"STRAIGHT AND LEVEL","UNKNOWN","UNKNOWN","NOT ON SCENE (DESK REPORT)","NO INJURY / DRIVE AWAY",,,"Y","OVER $1,500","2024-06-27T22:00:00.000","UNABLE TO DETERMINE","UNABLE TO DETERMINE","5627","W","GRAND AVE","2515",,,,,,,"3","NO INDICATION OF INJURY","0","0","0","0","0","8","0","21","5","6","41.918865551","-87.767010874","POINT (-87.767010873939 41.918865551309)"