"crash_record_id","crash_date_est_i","crash_date","posted_speed_limit","traffic_control_device","device_condition","weather_condition","lighting_condition","first_crash_type","trafficway_type","lane_cnt","alignment","roadway_surface_cond","road_defect","report_type","crash_type","intersection_related_i","private_property_i","hit_and_run_i","damage","date_police_notified","prim_contributory_cause","sec_contributory_cause","street_no","street_direction","street_name","beat_of_occurrence","photos_taken_i","statements_taken_i","dooring_i","work_zone_i","work_zone_type","workers_present_i","num_units","most_severe_injury","injuries_total","injuries_fatal","injuries_incapacitating","injuries_non_incapacitating","injuries_reported_not_evident","injuries_no_indication","injuries_unknown","crash_hour","crash_day_of_week","crash_month","latitude","longitude","location"
"734569ab4d6579193f2642a5bc6ada654d88d6ec7fff5af2bee56c4510f745ad929f90b4b9575c0cff24e59261330d272d26437f73e0cc1aa4e061abd92c4596",,"2024-06-27T16:53:00.000","30","UNKNOWN","FUNCTIONING PROPERLY","CLEAR","DAYLIGHT","ANGLE","T-INTERSECTION",,"STRAIGHT AND LEVEL","DRY","NO DEFECTS","ON SCENE","INJURY AND / OR TOW DUE TO CRASH",,"Y",,"OVER $1,500","2024-06-27T16:53:00.000","FAILING TO YIELD RIGHT-OF-WAY","IMPROPER OVERTAKING/PASSING","1152","N","MONITOR AVE","1511",,,,,,,"2","NO INDICATION OF INJURY","0","0","0","0","0","3","0","16","5","6","41.901789116","-87.771862858","POINT (-87.77186285781 41.901789115792)"
"702a2178b473887d9d129d511a11958f6cff80023b09db6247123658da40c76a59c837750f2a727c8b42df3932807761d47ec9b0f66e929cd08e58342b67b028",,"2024-06-27T16:52:00.000","30","UNKNOWN","UNKNOWN","CLEAR","DAYLIGHT","REAR END","NOT DIVIDED",,"STRAIGHT AND LEVEL","UNKNOWN","UNKNOWN","NOT ON SCENE (DESK REPORT)","NO INJURY / DRIVE AWAY",,,,"OVER $1,500","2024-06-27T18:20:00.000","UNABLE TO DETERMINE","UNABLE TO DETERMINE","1706","W","CHICAGO AVE","1213",,,,,,,"2","NO INDICATION OF INJURY","0","0","0","0","0","2","0","16","5","6","41.896137909","-87.670029894","POINT (-87.670029894482 41.896137908936)"
"2ae2fd9be6a0d647f8ade7aa76da984c9675252c4a4f5606279c5bdeed89b1a7b79ff85c9c251cca89b7f65e1eb70ade54788fbfdb657bdd54c3fc86b610de29",,"2024-06-27T16:50:00.000","20","UNKNOWN","UNKNOWN","CLEAR","DAYLIGHT","PARKED MOTOR VEHICLE","PARKING LOT",,"STRAIGHT AND LEVEL","DRY","UNKNOWN","ON SCENE","NO INJURY / DRIVE AWAY",,,"N","OVER $1,500","2024-06-27T17:45:00.000","UNABLE TO DETERMINE","UNABLE TO DETERMINE","7308","S","RIDGELAND AVE","324",,,,,,,"2","NO INDICATION OF INJURY","0","0","0","0","0","1","0","16","5","6","41.762168276","-87.582477179","POINT (-87.582477179174 41.762168275633)"
"0b011c6657958c224031bba8728a80c625d936ae0aa03684d18a35539efc3e82a92cc9302cb5a59d049fd1a0d080684cbe96f745d3fa9fd7acb81c7ded64d7d7",,"2024-06-27T16:45:00.000","30","NO CONTROLS","NO CONTROLS","CLEAR","DAYLIGHT","TURNING","NOT DIVIDED",,"STRAIGHT AND LEVEL","DRY","UNKNOWN","NOT ON SCENE (DESK REPORT)","NO INJURY / DRIVE AWAY",,,,"$501 - $1,500","2024-06-27T18:00:00.000","UNABLE TO DETERMINE","UNABLE TO DETERMINE","7340","N","CLARK ST","2424",,,,,,,"2","NO INDICATION OF INJURY","0","0","0","0","0","2","0","16","5","6","42.014975692","-87.675176199","POINT (-87.67517619872 42.014975691711)"
"edb07efe966048fb588f2f2f3618f71b4e11febd2f44105fea4664d6a29de0d6292012b3a447ac946b23dca0b6ecdf7e0d97647fd9e9e2491cfaf1b760e8019e",,"2024-06-27T16:45:00.000","30","NO CONTROLS","NO CONTROLS","CLEAR","DAYLIGHT","PEDALCYCLIST","NOT DIVIDED",,"STRAIGHT AND LEVEL","DRY","NO DEFECTS","ON SCENE","INJURY AND / OR TOW DUE TO CRASH",,,,"$501 - $1,500","2024-06-27T16:56:00.000","UNABLE TO DETERMINE","NOT APPLICABLE","432","W","BELMONT AVE","1925",,,,,,,"2","NONINCAPACITATING INJURY","1","0","0","1","0","1","0","16","5","6","41.940205866","-87.640956411","POINT (-87.640956410716 41.94020586618)"
"b6198740504a11ddd99b4fd31b0fce62f2c29f231d8c72a455ed30c55590b61f0c481d81ed550b81915aa3038b6aa533b5e16518eebfc3c6ff328bcdd47550a9",,"2024-06-27T16:40:00.000","15","NO CONTROLS","NO CONTROLS","CLEAR","DAYLIGHT","SIDESWIPE SAME DIRECTION","OTHER",,"STRAIGHT AND LEVEL","DRY","UNKNOWN","ON SCENE","NO INJURY / DRIVE AWAY",,,,"OVER $1,500","2024-06-27T16:44:00.000","IMPROPER OVERTAKING/PASSING","UNABLE TO DETERMINE","5701","S","CICERO AVE","813",,,,,,,"2","NO INDICATION OF INJURY","0","0","0","0","0","3","0","16","5","6","41.789338642","-87.741352563","POINT (-87.741352562622 41.789338641753)"
"0ab557f3abc909eb67a8834345ddfaf6b19af44a19cc7705adc7c95612804028f5e4915cdbed688520ae871858545343de0cb1e0606bbf9b13b7f6346bf624e3",,"2024-06-27T16:30:00.000","30","TRAFFIC SIGNAL","FUNCTIONING PROPERLY","CLEAR","DAYLIGHT","TURNING","NOT DIVIDED",,"STRAIGHT AND LEVEL","DRY","NO DEFECTS","NOT ON SCENE (DESK REPORT)","NO INJURY / DRIVE AWAY","Y",,,"OVER $1,500","2024-06-27T17:09:00.000","NOT APPLICABLE","NOT APPLICABLE","6700","S","JEFFERY BLVD","332",,,,,,,"2","NO INDICATION OF INJURY","0","0","0","0","0","2","0","16","5","6","41.773368409","-87.576638552","POINT (-87.576638552177 41.773368408547)"
"425d15ffb9d944817e792f16552f8f9ebd53e7f476bc7c8dc78222f1d0e0d7de5e4f42607beb250e37e2014050556fe6dcc764fb3e6a2089381972b2e118730b",,"2024-06-27T16:30:00.000","30","NO CONTROLS","NO CONTROLS","CLEAR","DAYLIGHT","FIXED OBJECT","ONE-WAY",,"STRAIGHT AND LEVEL","DRY","NO DEFECTS","ON SCENE","NO INJURY / DRIVE AWAY",,,,"OVER $1,500","2024-06-29T10:30:00.000","PHYSICAL CONDITION OF DRIVER","FAILING TO YIELD RIGHT-OF-WAY","4902","S","WINCHESTER AVE","931",,,,,,,"1","NO INDICATION OF INJURY","0","0","0","0","0","1","0","16","5","6","41.804777966","-87.673523756","POINT (-87.673523755658 41.804777966285)"
"92dad40ce3f85fad2f9131509938b3511790a35a6f738d2b5751b508e33eb8d1170c603bf95fb069210dd4bb30e8d7d8fe7799d5e63d28fc5c68168ccca70d78",,"2024-06-27T16:30:00.000","30","TRAFFIC SIGNAL","FUNCTIONING PROPERLY","CLEAR","DAYLIGHT","REAR END","NOT DIVIDED",,"STRAIGHT AND LEVEL","DRY","NO DEFECTS","NOT ON SCENE (DESK REPORT)","NO INJURY / DRIVE AWAY",,,,"$500 OR LESS","2024-06-27T17:50:00.000","FOLLOWING TOO CLOSELY","UNABLE TO DETERMINE","4200","N","OAK PARK AVE","1632",,,,,,,"2","NO INDICATION OF INJURY","0","0","0","0","0","2","0","16","5","6","41.956439869","-87.797570946","POINT (-87.797570946409 41.956439869471)"
"072396d7079b77de0d421bd099d28a93f5d55045c967c995fbd03cfbdb2318d41ab413c79709ef2008bba9146ebce4907a2a0a0256fd42c05255f279c7d4a667",,"2024-06-27T16:28:00.000","30","STOP SIGN/FLASHER","FUNCTIONING PROPERLY","CLEAR","DAYLIGHT","TURNING","FOUR WAY",,"STRAIGHT AND LEVEL","DRY","NO DEFECTS","ON SCENE","INJURY AND / OR TOW DUE TO CRASH","Y",,,"OVER $1,500","2024-06-27T16:30:00.000","FAILING TO YIELD RIGHT-OF-WAY","NOT APPLICABLE","1929","N","ELSTON AVE","1433",,,,,,,"2","INCAPACITATING INJURY","1","0","1","0","0","1","0","16","5","6","41.917277432","-87.666857783","POINT (-87.666857782746 41.917277431859)"
"64a9c828ca54d26e659e977ea7164eacf558e07de93faf7096fcd8b0ed5e7455c87ab267e49ca78e6086b7ed2e156d32b1e1aff547a542a2c3165628647748a3",,"2024-06-27T16:23:00.000","25","STOP SIGN/FLASHER","FUNCTIONING PROPERLY","CLEAR","DAYLIGHT","PARKED MOTOR VEHICLE","NOT DIVIDED",,"STRAIGHT AND LEVEL","DRY","UNKNOWN","ON SCENE","INJURY AND / OR TOW DUE TO CRASH",,,,"OVER $1,500","2024-06-27T16:24:00.000","UNDER THE INFLUENCE OF ALCOHOL/DRUGS (USE WHEN ARREST IS EFFECTED)","FAILING TO REDUCE SPEED TO AVOID CRASH","3834","S","SACRAMENTO AVE","911",,,,,,,"3","NONINCAPACITATING INJURY","1","0","0","1","0","0","0","16","5","6","41.823482584","-87.699672392","POINT (-87.699672392306 41.823482583853)"
"7f4bedab0383ea86a6f439afacde20da867788ef5c0f921d17f38784d6327b11d461f1d919fa5281d8165d4ae19696e178ef92ed15573eacf9a4dbeef0013994",,"2024-06-27T16:20:00.000","30","NO CONTROLS","NO CONTROLS","CLEAR","DAYLIGHT","TURNING","NOT DIVIDED",,"STRAIGHT AND LEVEL","DRY","NO DEFECTS","NOT ON SCENE (DESK REPORT)","NO INJURY / DRIVE AWAY",,,,"$501 - $1,500","2024-06-27T17:00:00.000","FAILING TO YIELD RIGHT-OF-WAY","FAILING TO YIELD RIGHT-OF-WAY","5149","N","LECLAIRE AVE","1623",,,,,,,"2","NO INDICATION OF INJURY","0","0","0","0","0","2","0","16","5","6","41.974909322","-87.755128364","POINT (-87.755128364359 41.97490932212)"
"01a8bca976705565c2a464cc8b931d1456decee7025a1f7925db0a483c380eac4917d865629f2a145b59ec31e10e142fcf179542df7463cb8d4cafd762b98fb2",,"2024-06-27T16:16:00.000","30","NO CONTROLS","NO CONTROLS","CLEAR","DAYLIGHT","FIXED OBJECT","ALLEY",,"STRAIGHT AND LEVEL","DRY","UNKNOWN","ON SCENE","NO INJURY / DRIVE AWAY",,,,"OVER $1,500","2024-06-27T16:30:00.000","NOT APPLICABLE","NOT APPLICABLE","5818","S","RACINE AVE","713",,,,,,,"1","NO INDICATION OF INJURY","0","0","0","0","0","2","0","16","5","6","41.788124008","-87.65486457","POINT (-87.65486457034 41.788124007608)"
"4dac1c955b765d6a8ff9cbc0c68e80ab7bda4ee79bdc7f6132d05e37572ff0e5764882b5ca2d2f42ba6cb1fe9d24984b7874711174cba644f34ce8035b6e4c8e",,"2024-06-27T16:15:00.000","30","NO CONTROLS","NO CONTROLS","CLEAR","DAYLIGHT","TURNING","NOT DIVIDED",,"STRAIGHT AND LEVEL","DRY","NO DEFECTS","ON SCENE","NO INJURY / DRIVE AWAY",,,,"OVER $1,500","2024-06-27T16:23:00.000","UNABLE TO DETERMINE","NOT APPLICABLE","3615","N","ARTESIAN AVE","1921",,,,,,,"2","NO INDICATION OF INJURY","0","0","0","0","0","2","0","16","5","6","41.947212462","-87.689337136","POINT (-87.689337135619 41.947212462014)"
"ff662b46c4ae41dadd79ea2b6b1ed9287bca12d4a48030224e753245d1f2a8cbad2af361ca19af1306c70273b8ccee82bf8d41edae4c96c857e2a8c9dedfb518",,"2024-06-27T16:15:00.000","30","NO CONTROLS","NO CONTROLS","CLEAR","DAYLIGHT","REAR END","NOT DIVIDED",,"STRAIGHT AND LEVEL","DRY","NO DEFECTS","NOT ON SCENE (DESK REPORT)","NO INJURY / DRIVE AWAY",,,,"OVER $1,500","2024-06-28T19:51:00.000","NOT APPLICABLE","NOT APPLICABLE","916","N","HAMLIN AVE","1112",,,,,,,"2","NO INDICATION OF INJURY","0","0","0","0","0","3","0","16","5","6","41.897779054","-87.72141641","POINT (-87.721416409818 41.897779053557)"
"5554d236468d68f6c450f2b5a81752c7477d9d19b093954367ac2742bc3253cf2a1c0fccb1244bda8a28b5c950a15bc14bd894130a9df3935c31dc7d020bdf1d",,"2024-06-27T16:12:00.000","30","NO CONTROLS","NO CONTROLS","CLEAR","DAYLIGHT","TURNING","DIVIDED - W/MEDIAN (NOT RAISED)",,"STRAIGHT AND LEVEL","DRY","UNKNOWN","ON SCENE","INJURY AND / OR TOW DUE TO CRASH",,,,"OVER $1,500","2024-06-27T16:48:00.000","IMPROPER TURNING/NO SIGNAL","NOT APPLICABLE","2538","W","ROOSEVELT RD","1135",,,,,,,"2","NO INDICATION OF INJURY","0","0","0","0","0","2","0","16","5","6","41.866682773","-87.690097037","POINT (-87.690097037397 41.866682773311)"
"8cbc7051af97af5ef5536197b9ff48580c7bbbbdea53c1b3164859a2397f2a8673346f266b9643d3868c78fbda047ef313220ec5023e7b0bc878a7c5150b5cf6",,"2024-06-27T16:11:00.000","30","TRAFFIC SIGNAL","FUNCTIONING PROPERLY","CLEAR","DAYLIGHT","SIDESWIPE SAME DIRECTION","NOT DIVIDED",,"STRAIGHT AND LEVEL","UNKNOWN","UNKNOWN",,"NO INJURY / DRIVE AWAY",,,,"$501 - $1,500","2024-06-27T18:11:00.000","IMPROPER LANE USAGE","NOT APPLICABLE","801","W","59TH ST","712",,,,,,,"2","NO INDICATION OF INJURY","0","0","0","0","0","2","0","16","5","6","41.786914575","-87.645026687","POINT (-87.645026687021 41.786914575108)"
"a4021b06e1e562c9496a06c3c93bbd518a574df289263e7e61a0a414dae23f7d868a4b5fcbeb133bde098398591e8e2181aa906a78688687fe0388be0c00a936",,"2024-06-27T16:08:00.000","30","STOP SIGN/FLASHER","FUNCTIONING PROPERLY","CLEAR","DAYLIGHT","TURNING","NOT DIVIDED",,"STRAIGHT AND LEVEL","DRY","NO DEFECTS","ON SCENE","NO INJURY / DRIVE AWAY",,,"Y","OVER $1,500","2024-06-27T17:20:00.000","FAILING TO YIELD RIGHT-OF-WAY","FAILING TO YIELD RIGHT-OF-WAY","1900","W","GRAND AVE","1221",,,,,,,"2","NO INDICATION OF INJURY","0","0","0","0","0","2","0","16","5","6","41.890972465","-87.674590583","POINT (-87.674590583081 41.890972465107)"
"0d896c49e0a3f50a38e3deb76ff02e976352d74049fcef0e94bb7f05f19dafa45e0a690102e715705c364ad2ae99fb76f66783c37abc25f487644caf7e083754",,"2024-06-27T16:00:00.000","30","TRAFFIC SIGNAL","FUNCTIONING PROPERLY","CLEAR","DAYLIGHT","ANGLE","FOUR WAY",,"STRAIGHT AND LEVEL","UNKNOWN","UNKNOWN","NOT ON SCENE (DESK REPORT)","NO INJURY / DRIVE AWAY",,,,"$500 OR LESS","2024-06-27T16:23:00.000","FAILING TO YIELD RIGHT-OF-WAY","UNABLE TO DETERMINE","6700","S","WESTERN AVE","832",,,,,,,"2","NO INDICATION OF INJURY","0","0","0","0","0","2","0","16","5","6","41.771884028","-87.683588402","POINT (-87.683588402063 41.771884027712)"
"12b1dcc16e2606d72d71e77c9e187cc914a409a653b7fcc2b9227c01859eb501c9cff4c53f6aa248e5bd70c9251c48a1c89f804e92f5c225b74f30862eeb6133",,"2024-06-27T16:00:00.000","30","UNKNOWN","UNKNOWN","CLEAR","DAYLIGHT","TURNING","NOT DIVIDED",,"STRAIGHT AND LEVEL","UNKNOWN","UNKNOWN",,"NO INJURY / DRIVE AWAY","Y",,,"OVER $1,500","2024-06-27T16:30:00.000","UNABLE TO DETERMINE","UNABLE TO DETERMINE","980","N","WOOD ST","1212",,,,,,,"2","NO INDICATION OF INJURY","0","0","0","0","0","2","0","16","5","6","41.899573131","-87.672427498","POINT (-87.672427497922 41.899573130785)"
"3c0c51c16264b3e2e5062eba5008e2becc0a9196fb4097c5fb6e23f1ae52a403fdeb80b99f1261fc031e70c46c989d411cf7c916646701f37ce4e82604701825",,"2024-06-27T16:00:00.000","30","UNKNOWN","UNKNOWN","CLEAR","DAYLIGHT","SIDESWIPE SAME DIRECTION","FOUR WAY",,"STRAIGHT AND LEVEL","DRY","NO DEFECTS","NOT ON SCENE (DESK REPORT)","NO INJURY / DRIVE AWAY","Y",,,"OVER $1,500","2024-06-27T19:50:00.000","UNABLE TO DETERMINE","NOT APPLICABLE","2100","W","OGDEN AVE","1225",,,,,,,"2","NO INDICATION OF INJURY","0","0","0","0","0","2","0","16","5","6","41.870501258","-87.67931537","POINT (-87.679315369508 41.87050125845)"
"7a9245c0456002f7981416b3f98fed7b563ba00f021ae6c74309d21f54b265b38578926e421392ebb9c1d8a0bc55db103d593b084d2ad01426569c06505315ce",,"2024-06-27T16:00:00.000","30","TRAFFIC SIGNAL","UNKNOWN","CLEAR","DAYLIGHT","SIDESWIPE SAME DIRECTION","NOT DIVIDED",,"STRAIGHT AND LEVEL","UNKNOWN","UNKNOWN","NOT ON SCENE (DESK REPORT)","NO INJURY / DRIVE AWAY","Y",,"Y","$501 - $1,500","2024-06-27T17:10:00.000","FAILING TO YIELD RIGHT-OF-WAY","NOT APPLICABLE","6720","N","SHERIDAN RD","2432",,,,,,,"2","NO INDICATION OF INJURY","0","0","0","0","0","3","0","16","5","6","42.004231826","-87.660985474","POINT (-87.660985474192 42.004231826077)"
"acbe6b8cddf515a1a3e88253eca9bd0d2bff67ece41ded43fcddae85a863d72e241078a6203a773d5d44ca4f27f788633efb769eb1620330c06a3cc18582af90",,"2024-06-27T16:00:00.000","30","NO CONTROLS","NO CONTROLS","CLEAR","DAYLIGHT","SIDESWIPE OPPOSITE DIRECTION","NOT DIVIDED",,"STRAIGHT AND LEVEL","DRY","UNKNOWN","ON SCENE","INJURY AND / OR TOW DUE TO CRASH",,,,"OVER $1,500","2024-06-27T16:05:00.000","UNABLE TO DETERMINE","UNABLE TO DETERMINE","1735","N","CLYBOURN AVE","1813",,,,,,,"2","NO INDICATION OF INJURY","0","0","0","0","0","2","0","16","5","6","41.912699166","-87.65179446","POINT (-87.651794459756 41.912699166397)"
"dbf74cb5d68a60f37790254b4e14b7714aaffeb90df7d56d1f148a85846c00a06a4735392e0d2d75b45d3af32243535d52aa1201be681add5b598df3149aaba4",,"2024-06-27T16:00:00.000","30","NO CONTROLS","NO CONTROLS","CLEAR","DAYLIGHT","ANGLE","NOT DIVIDED",,"STRAIGHT AND LEVEL","DRY","NO DEFECTS","NOT ON SCENE (DESK REPORT)","NO INJURY / DRIVE AWAY",,,,"$501 - $1,500","2024-06-27T16:30:00.000","FAILING TO YIELD RIGHT-OF-WAY","FAILING TO YIELD RIGHT-OF-WAY","6312","N","HARLEM AVE","1612",,,,,,,"2","NO INDICATION OF INJURY","0","0","0","0","0","2","0","16","5","6","41.995789594","-87.806959756","POINT (-87.80695975617 41.995789593895)"
"f0b255c96812d922150e3b9a4436e2ea3d688afff631d84e70ad74356ca741d7245b245a8967fe61543287a89ecd22400cfc9c3f6be03057eba7ec6a0b9e78fe",,"2024-06-27T15:58:00.000","30","NO CONTROLS","NO CONTROLS","CLEAR","DAYLIGHT","PARKED MOTOR VEHICLE","ONE-WAY",,"STRAIGHT AND LEVEL","DRY","NO DEFECTS","ON SCENE","NO INJURY / DRIVE AWAY",,,,"OVER $1,500","2024-06-27T16:00:00.000","UNABLE TO DETERMINE","UNABLE TO DETERMINE","444","W","ST JAMES PL","1935",,,,,,,"2","NO INDICATION OF INJURY","0","0","0","0","0","3","0","15","5","6","41.928223478","-87.640917328","POINT (-87.640917328153 41.928223478144)"
"d92e52e14543f4be24e2f637845c6fcb6879d3575615cbd5276571b6b78c4ada7bf7d7e73871bbb3ed9243694e4d7a45f597a03d50801508db3473215f916e84",,"2024-06-27T15:50:00.000","30","NO CONTROLS","NO CONTROLS","CLEAR","DAYLIGHT","SIDESWIPE SAME DIRECTION","NOT DIVIDED",,"STRAIGHT AND LEVEL","DRY","NO DEFECTS","NOT ON SCENE (DESK REPORT)","NO INJURY / DRIVE AWAY",,,,"$501 - $1,500","2024-06-27T21:10:00.000","FAILING TO YIELD RIGHT-OF-WAY","IMPROPER OVERTAKING/PASSING","4727","W","MONTROSE AVE","1722",,,,,,,"2","NO INDICATION OF INJURY","0","0","0","0","0","2","0","15","5","6","41.960628146","-87.74624647","POINT (-87.74624647022 41.960628146188)"
"6b6cc55995fba504140af171eac237d673d1e0a9b0def0370d47311023be08859d001d2e388cd21d48cfbe5d2b90f9d520a46937138c520a22b622ddbd356f1a",,"2024-06-27T15:47:00.000","25","NO CONTROLS","NO CONTROLS","CLEAR","DAYLIGHT","SIDESWIPE SAME DIRECTION","DIVIDED - W/MEDIAN (NOT RAISED)",,"STRAIGHT AND LEVEL","DRY","NO DEFECTS","NOT ON SCENE (DESK REPORT)","NO INJURY / DRIVE AWAY",,,"Y","OVER $1,500","2024-06-27T15:55:00.000","IMPROPER LANE USAGE","UNABLE TO DETERMINE","4101","W","LAWRENCE AVE","1722",,,,,,,"2","NO INDICATION OF INJURY","0","0","0","0","0","2","0","15","5","6","41.968104654","-87.730537781","POINT (-87.730537780991 41.968104654364)"
"856f723168d7354d4da20a16024ba17a47746659293b2efab6c1f04d50ad8739f4b90c8451a419df5ce25f323e2e0fdf7241503aecd711ed21a82fe06c33a5e4",,"2024-06-27T15:47:00.000","30","NO CONTROLS","NO CONTROLS","CLEAR","DAYLIGHT","PEDALCYCLIST","NOT DIVIDED",,"STRAIGHT AND LEVEL","DRY","NO DEFECTS",,"INJURY AND / OR TOW DUE TO CRASH",,,"Y","$501 - $1,500","2024-06-27T16:09:00.000","FAILING TO YIELD RIGHT-OF-WAY","NOT APPLICABLE","5423","W","DIVERSEY AVE","2514",,,,,,,"3","NONINCAPACITATING INJURY","2","0","0","2","0","0","0","15","5","6","41.931217151","-87.76226148","POINT (-87.762261480356 41.931217151129)"
"f01bee493378017492db1b40ceb81dee446065db810ab6d9c639b77f87dcff619f88b40812e6b884fc7de3e63a29aea749e22224b0d4d26323d190f0cb1edec7",,"2024-06-27T15:39:00.000","30","TRAFFIC SIGNAL","FUNCTIONING PROPERLY","CLEAR","DAYLIGHT","REAR END","FOUR WAY",,"STRAIGHT AND LEVEL","DRY","UNKNOWN","NOT ON SCENE (DESK REPORT)","NO INJURY / DRIVE AWAY",,,,"$501 - $1,500","2024-06-27T16:30:00.000","UNABLE TO DETERMINE","NOT APPLICABLE","1576","N","WESTERN AVE","1423",,,,,,,"2","NO INDICATION OF INJURY","0","0","0","0","0","2","0","15","5","6","41.910227003","-87.687364926","POINT (-87.687364926355 41.910227002615)"
"213920f7b009273db7710d865b408c2ea30b5be829cbc0adb387f57af991f780b4f4972543bdc6aff395e77b892901c43778373edc0728715cd5d94ad47c9468",,"2024-06-27T15:30:00.000","30","TRAFFIC SIGNAL","FUNCTIONING PROPERLY","CLEAR","DAYLIGHT","REAR END","NOT DIVIDED",,"STRAIGHT AND LEVEL","DRY","NO DEFECTS","NOT ON SCENE (DESK REPORT)","NO INJURY / DRIVE AWAY",,,,"$501 - $1,500","2024-06-27T16:10:00.000","FAILING TO REDUCE SPEED TO AVOID CRASH","NOT APPLICABLE","200","E","115TH ST","531",,,,,,,"3","NO INDICATION OF INJURY","0","0","0","0","0","4","0","15","5","6","41.685485763","-87.617989874","POINT (-87.617989874375 41.685485762797)"
"65b5e69b5a254152a0abd1358c88f7da57f8f64203fa6c35b3a982dd2e986575b832c07082dc9ade01dcec7ecf84f74a1f48248619855a3136ed2bb012a31ffe",,"2024-06-27T15:30:00.000","35","NO CONTROLS","NO CONTROLS","CLEAR","DAYLIGHT","SIDESWIPE SAME DIRECTION","NOT DIVIDED",,"STRAIGHT AND LEVEL","DRY","UNKNOWN","NOT ON SCENE (DESK REPORT)","NO INJURY / DRIVE AWAY",,,"Y","OVER $1,500","2024-06-27T16:00:00.000","IMPROPER OVERTAKING/PASSING","UNABLE TO DETERMINE","2143","W","MARQUETTE RD","726",,,,,,,"2","NO INDICATION OF INJURY","0","0","0","0","0","6","0","15","5","6","41.771914475","-87.677950596","POINT (-87.677950595784 41.771914475201)"
"7408d2089a9d4d7adc190af7f2f1171b6c2fd411f468353702ed3c6e29c4b5e4fe434ea0dcd076bd14a754940b4d02a13d409361da9e0e87cc4c01f3dd2f99e4",,"2024-06-27T15:30:00.000","25","NO CONTROLS","NO CONTROLS","CLEAR","DAYLIGHT","REAR END","DIVIDED - W/MEDIAN (NOT RAISED)",,"STRAIGHT AND LEVEL","DRY","NO DEFECTS","NOT ON SCENE (DESK REPORT)","NO INJURY / DRIVE AWAY",,,,"OVER $1,500","2024-06-27T15:42:00.000","FOLLOWING TOO CLOSELY","UNABLE TO DETERMINE","4400","W","LAWRENCE AVE","1712",,,,,,,"2","NO INDICATION OF INJURY","0","0","0","0","0","2","0","15","5","6","41.968242774","-87.737968778","POINT (-87.737968778247 41.968242773953)"
"a4341679250cc86914513a63d75846b610633e739b5fb6ec7feb54791b88e9344f21bca2f31c50c83cf16f1bef6d9f71cc77c1ae94f5a58cdf9fe7c0084cb573","Y","2024-06-27T15:30:00.000","20","NO CONTROLS","NO CONTROLS","CLEAR","DAYLIGHT","PARKED MOTOR VEHICLE","DIVIDED - W/MEDIAN (NOT RAISED)",,"STRAIGHT AND LEVEL","DRY","NO DEFECTS","NOT ON SCENE (DESK REPORT)","NO INJURY / DRIVE AWAY",,,"Y","OVER $1,500","2024-06-29T11:50:00.000","UNABLE TO DETERMINE","UNABLE TO DETERMINE","5530","W","CORCORAN PL","1523",,,,,,,"2","NO INDICATION OF INJURY","0","0","0","0","0","1","0","15","5","6","41.887333734","-87.764772818","POINT (-87.764772818345 41.887333733544)"
"c1927decff898933a8ab44cca2632b89cddd2616cf0dccbd7732c12b0a886ceac6c9dd6b292a53ebbcffe0536b16bad2c19e1b760fc72e7d01b094a4feedd0e0",,"2024-06-27T15:30:00.000","30","TRAFFIC SIGNAL","FUNCTIONING PROPERLY","CLEAR","DAYLIGHT","ANGLE","FOUR WAY",,"STRAIGHT AND LEVEL","DRY","NO DEFECTS","ON SCENE","INJURY AND / OR TOW DUE TO CRASH","Y",,,"OVER $1,500","2024-06-27T15:35:00.000","UNABLE TO DETERMINE","UNABLE TO DETERMINE","800","W","59TH ST","712",,,,,,,"2","NO INDICATION OF INJURY","0","0","0","0","0","2","0","15","5","6","41.787134075","-87.645032001","POINT (-87.645032000935 41.787134075078)"
"57f13d4beca51d4ad474802ba67be99af6533ba8004f9bd58529107f912695fdf6ccb82c0a2dfd4743da273f5246e6d841e5b415628439cc13a3c546f925abd1",,"2024-06-27T15:20:00.000","30","TRAFFIC SIGNAL","FUNCTIONING PROPERLY","CLEAR","DAYLIGHT","SIDESWIPE SAME DIRECTION","NOT DIVIDED",,"STRAIGHT AND LEVEL","DRY","UNKNOWN","NOT ON SCENE (DESK REPORT)","NO INJURY / DRIVE AWAY",,,,"OVER $1,500","2024-06-27T17:10:00.000","UNABLE TO DETERMINE","UNABLE TO DETERMINE","3200","W","ROOSEVELT RD","1134",,,,,,,"2","NO INDICATION OF INJURY","0","0","0","0","0","2","0","15","5","6","41.866513888","-87.705733599","POINT (-87.705733599026 41.866513888192)"
"5f5238ff13b6cea56164b731467057a7c4358899e21a17f1af3d06e0221277a00703cba247e2edbe83c2790afb3684706ef2957c2a98ab91ccbbd75bf9b8e664",,"2024-06-27T15:15:00.000","30","NO CONTROLS","NO CONTROLS","CLEAR","DAYLIGHT","PARKED MOTOR VEHICLE","NOT DIVIDED",,"STRAIGHT AND LEVEL","DRY","NO DEFECTS","NOT ON SCENE (DESK REPORT)","INJURY AND / OR TOW DUE TO CRASH",,,,"$500 OR LESS","2024-06-27T17:25:00.000","UNABLE TO DETERMINE","UNABLE TO DETERMINE","3822","S","CAMPBELL AVE","911",,,,,,,"2","REPORTED, NOT EVIDENT","1","0","0","0","1","2","0","15","5","6","41.824124199","-87.68747384","POINT (-87.687473839567 41.824124198513)"