"crash_record_id","crash_date_est_i","crash_date","posted_speed_limit","traffic_control_device","device_condition","weather_condition","lighting_condition","first_crash_type","trafficway_type","lane_cnt","alignment","roadway_surface_cond","road_defect","report_type","crash_type","intersection_related_i","private_property_i","hit_and_run_i","damage","date_police_notified","prim_contributory_cause","sec_contributory_cause","street_no","street_direction","street_name","beat_of_occurrence","photos_taken_i","statements_taken_i","dooring_i","work_zone_i","work_zone_type","workers_present_i","num_units","most_severe_injury","injuries_total","injuries_fatal","injuries_incapacitating","injuries_non_incapacitating","injuries_reported_not_evident","injuries_no_indication","injuries_unknown","crash_hour","crash_day_of_week","crash_month","latitude","longitude","location"
"e96ca6c38dd04ba9c30b506282251b5cfe9d3bb93744cfec40be1effe4d8d65a9e6b9555f51cd98b00f6c428d07dcb6daa65656a27fd0749e0bf345a1ccb205c",,"2024-06-27T15:15:00.000","30","NO CONTROLS","NO CONTROLS","CLEAR","DAYLIGHT","REAR END","NOT DIVIDED",,"STRAIGHT AND LEVEL","DRY","NO DEFECTS","NOT ON SCENE (DESK REPORT)","NO INJURY / DRIVE AWAY",,,,"$501 - $1,500","2024-06-27T15:16:00.000","UNABLE TO DETERMINE","NOT APPLICABLE","2415","W","BARRY AVE","1931",,,,,,,"2","NO INDICATION OF INJURY","0","0","0","0","0","2","0","15","5","6","41.937527171","-87.688653807","POINT (-87.688653806561 41.93752717052)"
"7c76aad9ed31f0810ab177146dfde8ce836f6d0b3ecd59dc0908002fe83c7caa44fb083aa9106626efa81f9a59811b07747d9211dfb29ab761449bbac3416638",,"2024-06-27T15:10:00.000","30","NO CONTROLS","NO CONTROLS","CLEAR","DAYLIGHT","REAR END","NOT DIVIDED",,"STRAIGHT AND LEVEL","DRY","NO DEFECTS","NOT ON SCENE (DESK REPORT)","NO INJURY / DRIVE AWAY",,,,"OVER $1,500","2024-06-27T20:20:00.000","FOLLOWING TOO CLOSELY","UNABLE TO DETERMINE","5720","N","HARLEM AVE","1612",,,,,,,"2","NO INDICATION OF INJURY","0","0","0","0","0","2","0","15","5","6","41.985203175","-87.807070828","POINT (-87.807070827564 41.985203175494)"
"a87e912e379c97fb672fb618e6f21e7674c8ba47f1a5d9ee6ecec0ddb4c4f9f17494dbba261600de2239b1e8440baa53f9d9a05bb254d47a93d86621756919c3",,"2024-06-27T15:10:00.000","30","NO CONTROLS","NO CONTROLS","CLEAR","DAYLIGHT","SIDESWIPE SAME DIRECTION","ONE-WAY",,"STRAIGHT AND LEVEL","DRY","NO DEFECTS","NOT ON SCENE (DESK REPORT)","NO INJURY / DRIVE AWAY",,,"Y","OVER $1,500","2024-06-27T16:50:00.000","UNABLE TO DETERMINE","UNABLE TO DETERMINE","308","S","JEFFERSON ST","121",,,,,,,"2","NO INDICATION OF INJURY","0","0","0","0","0","2","0","15","5","6","41.877694835","-87.642673068","POINT (-87.642673067831 41.877694835141)"
"c046a36a546ac8950df93ff74ac4918cf9a4bc358cf02a4a5e7b2ac3fb4511e3e8d5b4e2cc41fe9779bcb933415006417f72b905c51c3f426398048bfe01a36e",,"2024-06-27T15:00:00.000","30","STOP SIGN/FLASHER","FUNCTIONING PROPERLY","CLEAR","DAYLIGHT","ANGLE","NOT DIVIDED",,"STRAIGHT AND LEVEL","DRY","NO DEFECTS","NOT ON SCENE (DESK REPORT)","NO INJURY / DRIVE AWAY","Y",,,"OVER $1,500","2024-06-27T17:05:00.000","FAILING TO YIELD RIGHT-OF-WAY","NOT APPLICABLE","3901","W","MARQUETTE RD","833",,,,,,,"2","NO INDICATION OF INJURY","0","0","0","0","0","2","0","15","5","6","41.771299978","-87.720243189","POINT (-87.720243188952 41.771299978149)"
"c82047df9db2582c5d82d95e94c07dcfc3e30381314b676ffc22a232f39f34a3980567a03b096a3ff842f81dd6ca1ae5eaa046627d1b188440c6d83a2b5581d5",,"2024-06-27T15:00:00.000","35","NO CONTROLS","NO CONTROLS","CLEAR","DAYLIGHT","ANGLE","NOT DIVIDED",,"STRAIGHT AND LEVEL","DRY","NO DEFECTS","ON SCENE","INJURY AND / OR TOW DUE TO CRASH",,,,"OVER $1,500","2024-06-27T15:44:00.000","IMPROPER OVERTAKING/PASSING","IMPROPER LANE USAGE","7799","S","KEDZIE AVE","835",,,,,,,"2","NO INDICATION OF INJURY","0","0","0","0","0","2","0","15","5","6","41.751724631","-87.702304447","POINT (-87.702304446956 41.751724630713)"
"d75cab40d0eb2293bfa4b8ea4beccfc1a60fd875f6065815c03c13cd8f02a7a7b07491af50a07df9f4c57bf6a16a654118e4945380af3db8ec606fd4b258e9f7",,"2024-06-27T15:00:00.000","30","TRAFFIC SIGNAL","FUNCTIONING PROPERLY","CLEAR","DAYLIGHT","TURNING","ONE-WAY",,"STRAIGHT AND LEVEL","DRY","NO DEFECTS","NOT ON SCENE (DESK REPORT)","NO INJURY / DRIVE AWAY","Y",,,"OVER $1,500","2024-06-28T14:20:00.000","FAILING TO YIELD RIGHT-OF-WAY","NOT APPLICABLE","6059","S","MICHIGAN AVE","311",,,,,,,"2","NO INDICATION OF INJURY","0","0","0","0","0","3","0","15","5","6","41.783861953","-87.622037768","POINT (-87.622037768035 41.783861952841)"
"f4ec00b9dd1813cc5bf8fec8223c3027bd7b0174bfe0a16cb4de5b7d2ba8f921e05abb4cdf41559a97a769a05f230460b57a3da6347b6573a7bea0414deb9b3c","Y","2024-06-27T15:00:00.000","30","NO CONTROLS","NO CONTROLS","CLEAR","DAYLIGHT","REAR END","DIVIDED - W/MEDIAN (NOT RAISED)",,"STRAIGHT AND LEVEL","DRY","NO DEFECTS","NOT ON SCENE (DESK REPORT)","NO INJURY / DRIVE AWAY",,,"Y","OVER $1,500","2024-06-27T22:00:00.000","FOLLOWING TOO CLOSELY","NOT APPLICABLE","5641","W","GRAND AVE","2515",,,,,,,"2","NO INDICATION OF INJURY","0","0","0","0","0","2","0","15","5","6","41.918947879","-87.767459672","POINT (-87.767459672185 41.918947878784)"
"331fed317eb44632dea9e1ddfe4a89503c3cfeda7fbcc1c06479adb09e3072a714ed9b98a79029353f253c8d5d1c8ba4c0561338f9abbf10e12177c970121c03",,"2024-06-27T14:45:00.000","30","NO CONTROLS","NO CONTROLS","CLEAR","DAYLIGHT","TURNING","DIVIDED - W/MEDIAN (NOT RAISED)",,"STRAIGHT AND LEVEL","DRY","UNKNOWN","NOT ON SCENE (DESK REPORT)","INJURY AND / OR TOW DUE TO CRASH","Y",,,"OVER $1,500","2024-06-27T16:10:00.000","UNABLE TO DETERMINE","UNABLE TO DETERMINE","4132","W","OGDEN AVE","1013",,,,,,,"3","NO INDICATION OF INJURY","0","0","0","0","0","3","0","14","5","6","41.850135345","-87.727799227","POINT (-87.727799226811 41.850135345427)"
"6b0d1e6703bdedd576d38a1959923b2e06b2ecfcbbd6e80d11266bf4de0154df4647d9cb7fa10ee3724c4dbb5fc15a2830034b07f928b9f45cc4f09b8360d31d",,"2024-06-27T14:42:00.000","30","NO CONTROLS","NO CONTROLS","CLEAR","DAYLIGHT","PEDALCYCLIST","T-INTERSECTION",,"STRAIGHT AND LEVEL","DRY","NO DEFECTS","ON SCENE","INJURY AND / OR TOW DUE TO CRASH","Y",,,"OVER $1,500","2024-06-27T14:47:00.000","UNABLE TO DETERMINE","NOT APPLICABLE","1521","N","DAMEN AVE","1424",,,,,,,"2","INCAPACITATING INJURY","1","0","1","0","0","1","0","14","5","6","41.908926932","-87.677273998","POINT (-87.677273998008 41.908926932497)"
"9f834e2ba25a7fb40a0531fff2e5e1766ce0cc46e16332199ba92bc7571d20837a8e1e41f9ec8b1812705e626fa7c547a9b7235c9418c12043e45ce9eff8c436",,"2024-06-27T14:41:00.000","30","TRAFFIC SIGNAL","FUNCTIONING PROPERLY","CLEAR","DAYLIGHT","TURNING","FOUR WAY",,"STRAIGHT AND LEVEL","DRY","NO DEFECTS","NOT ON SCENE (DESK REPORT)","NO INJURY / DRIVE AWAY",,,,"$500 OR LESS","2024-06-27T18:15:00.000","FAILING TO YIELD RIGHT-OF-WAY","FAILING TO YIELD RIGHT-OF-WAY","4798","W","DIVERSEY AVE","2521",,,,,,,"2","NO INDICATION OF INJURY","0","0","0","0","0","2","0","14","5","6","41.931643674","-87.746534179","POINT (-87.746534178949 41.931643673553)"
"4c2b6fe610865de2df34c054ae7b3ae04dbed9a88537a1709b3834442de5b777cee0a980ea5ccb919ea6ec357dccd5443f5d776146c725dae184b23a7584058a",,"2024-06-27T14:30:00.000","30","TRAFFIC SIGNAL","UNKNOWN","CLEAR","DAYLIGHT","TURNING","NOT DIVIDED",,"STRAIGHT AND LEVEL","DRY","UNKNOWN","NOT ON SCENE (DESK REPORT)","NO INJURY / DRIVE AWAY","Y",,,"OVER $1,500","2024-06-27T15:30:00.000","FAILING TO YIELD RIGHT-OF-WAY","FAILING TO YIELD RIGHT-OF-WAY","599","S","ASHLAND AVE","1231",,,,,,,"2","NO INDICATION OF INJURY","0","0","0","0","0","2","0","14","5","6","41.8742514","-87.666453359","POINT (-87.666453358949 41.87425139966)"
"4cc5236bcb07f715b13996a3428ad63d0de511e9c33330ed364b864474e2ad1793e213f1d67d025cef888caba0f1b7bdd2733017301af58065297be4c1eb0912",,"2024-06-27T14:30:00.000","30","TRAFFIC SIGNAL","FUNCTIONING PROPERLY","CLEAR","DAYLIGHT","PEDALCYCLIST","NOT DIVIDED",,"STRAIGHT AND LEVEL","DRY","NO DEFECTS","NOT ON SCENE (DESK REPORT)","INJURY AND / OR TOW DUE TO CRASH",,,"Y","$500 OR LESS","2024-06-27T17:00:00.000","IMPROPER TURNING/NO SIGNAL","IMPROPER LANE USAGE","5001","S","ARCHER AVE","815",,,,,,,"2","REPORTED, NOT EVIDENT","1","0","0","0","1","1","0","14","5","6","41.802195996","-87.723391077","POINT (-87.723391077163 41.802195996067)"
"bbc2f9f58cacb77be7c41a7e71c1f2dbf9fb66312dd3de781fa43ed56ccd1b518e76eb106cb1e4c118bde3c28b1389c755bf2e63c418bc370afa7136f8ea5e08",,"2024-06-27T14:30:00.000","30","NO CONTROLS","NO CONTROLS","CLEAR","DAYLIGHT","PARKED MOTOR VEHICLE","ONE-WAY",,"STRAIGHT AND LEVEL","DRY","UNKNOWN","ON SCENE","INJURY AND / OR TOW DUE TO CRASH",,,,"OVER $1,500","2024-06-27T15:53:00.000","UNABLE TO DETERMINE","UNABLE TO DETERMINE","1411","W","105TH ST","2212",,,,,,,"2","NO INDICATION OF INJURY","0","0","0","0","0","1","0","14","5","6","41.703015782","-87.657883973","POINT (-87.657883973169 41.703015782148)"
"c13c2bcf5ce6c46ec9037d917d0afd3030904b16b51a9391f5e7d0856d366dc226cec970d147ed49b05eb38400875db6387fffe2f4051e27f59d2168b2be1af6",,"2024-06-27T14:30:00.000","30","NO CONTROLS","NO CONTROLS","CLEAR","DAYLIGHT","PARKED MOTOR VEHICLE","NOT DIVIDED",,"STRAIGHT AND LEVEL","DRY","NO DEFECTS","NOT ON SCENE (DESK REPORT)","NO INJURY / DRIVE AWAY",,,"Y","$501 - $1,500","2024-06-27T19:58:00.000","NOT APPLICABLE","NOT APPLICABLE","4136","W","78TH ST","834",,,,,,,"2","NO INDICATION OF INJURY","0","0","0","0","0","1","0","14","5","6","41.751402121","-87.724404092","POINT (-87.72440409175 41.751402121329)"
"d31dc4909cf60cf72e61df1744331217be69e984fabcdc3ba9d6da7651120ff8d2610ae9ce60eeaabfe48a86d9988b3ed2caae8ae6312b3165f2980720aeabee",,"2024-06-27T14:30:00.000","30","NO CONTROLS","NO CONTROLS","CLEAR","DAYLIGHT","ANGLE","NOT DIVIDED",,"STRAIGHT AND LEVEL","DRY","UNKNOWN","NOT ON SCENE (DESK REPORT)","NO INJURY / DRIVE AWAY",,,,"$501 - $1,500","2024-06-27T19:30:00.000","FAILING TO YIELD RIGHT-OF-WAY","NOT APPLICABLE","2212","W","NORTH AVE","1434",,,,,,,"2","NO INDICATION OF INJURY","0","0","0","0","0","2","0","14","5","6","41.910495743","-87.682916402","POINT (-87.682916402029 41.910495742962)"
"d3ff027d50a0fbbd30c4076b769f869112784b79616786d1a7d711b01183f397d2ec1097adf626887d2b1851e1f1f91e3faa440ddb5a47b8b43f12ed974eff5d",,"2024-06-27T14:30:00.000","30","UNKNOWN","UNKNOWN","CLEAR","DAYLIGHT","REAR END","ONE-WAY",,"STRAIGHT AND LEVEL","UNKNOWN","UNKNOWN","NOT ON SCENE (DESK REPORT)","NO INJURY / DRIVE AWAY",,,,"$501 - $1,500","2024-06-27T15:25:00.000","UNABLE TO DETERMINE","NOT APPLICABLE","5518","N","WINTHROP AVE","2023",,,,,,,"2","NO INDICATION OF INJURY","0","0","0","0","0","2","0","14","5","6","41.982431515","-87.658128786","POINT (-87.658128785753 41.982431515424)"
"f6459b9be7d9344a929a05a1547669d6f6ce4e0fd67ca23fc249ef43b162a9cbef5d6e38c7be1a72b32251c416b062f8e95e331ab0a9c29dcf53edb85971df8e",,"2024-06-27T14:27:00.000","30","STOP SIGN/FLASHER","FUNCTIONING PROPERLY","CLEAR","DAYLIGHT","TURNING","FOUR WAY",,"STRAIGHT AND LEVEL","DRY","NO DEFECTS","ON SCENE","NO INJURY / DRIVE AWAY","Y",,,"OVER $1,500","2024-06-27T14:42:00.000","FAILING TO YIELD RIGHT-OF-WAY","NOT APPLICABLE","1348","S","SPAULDING AVE","1021",,"N",,,,,"2","NO INDICATION OF INJURY","0","0","0","0","0","5","0","14","5","6","41.863013025","-87.70815531","POINT (-87.708155309933 41.863013025343)"
"f97deabc32b46f027fc2a68a7791d96bf8ef3e76298ae596ea469af2d53d1822c0b8ff25ec2820603fd9535cbf54d8ef6950f12483cd9814d1795aae32a561ac",,"2024-06-27T14:27:00.000","30","TRAFFIC SIGNAL","FUNCTIONING PROPERLY","CLEAR","DAYLIGHT","REAR END","DIVIDED - W/MEDIAN (NOT RAISED)",,"STRAIGHT AND LEVEL","DRY","NO DEFECTS","NOT ON SCENE (DESK REPORT)","NO INJURY / DRIVE AWAY",,,,"OVER $1,500","2024-06-27T14:40:00.000","UNABLE TO DETERMINE","UNABLE TO DETERMINE","4750","W","MADISON ST","1113",,,,,,,"2","NO INDICATION OF INJURY","0","0","0","0","0","5","0","14","5","6","41.880612703","-87.744853404","POINT (-87.744853404164 41.880612703208)"
"84c03a0365a5e3b7c0f366a8562f38297b5fe33a6520e4415563eda65e2c41367865cb60ae3be5bba146ce1dabbccadde3998eb3b2b6fec8fd70f7d69d4c0735",,"2024-06-27T14:20:00.000","30","TRAFFIC SIGNAL","FUNCTIONING PROPERLY","CLEAR","DAYLIGHT","REAR END","FOUR WAY",,"STRAIGHT AND LEVEL","DRY","NO DEFECTS","NOT ON SCENE (DESK REPORT)","NO INJURY / DRIVE AWAY",,,,"OVER $1,500","2024-06-27T15:30:00.000","UNABLE TO DETERMINE","UNABLE TO DETERMINE","201","S","ASHLAND AVE","1231",,,,,,,"2","NO INDICATION OF INJURY","0","0","0","0","0","4","0","14","5","6","41.878836042","-87.666602526","POINT (-87.666602525618 41.878836041756)"
"417235243fadaf8902cdd97b71019fc5309a304b556a79fff73724425a4cd75fd84c31080b14674a4268210a693574b71ad0ca08b7174259851808becf2b9d10",,"2024-06-27T14:10:00.000","30","STOP SIGN/FLASHER","FUNCTIONING PROPERLY","CLEAR","DAYLIGHT","REAR END","NOT DIVIDED",,"STRAIGHT AND LEVEL","DRY","NO DEFECTS","NOT ON SCENE (DESK REPORT)","NO INJURY / DRIVE AWAY",,,,"OVER $1,500","2024-06-27T14:25:00.000","FOLLOWING TOO CLOSELY","NOT APPLICABLE","6741","W","ARCHER AVE","811",,,,,,,"2","NO INDICATION OF INJURY","0","0","0","0","0","2","0","14","5","6","41.792062971","-87.790748846","POINT (-87.79074884578 41.792062971177)"
"0660c19138f66a8b8235b2aaacd7cb8e44eca9ac8463c20253b7dc985bfa43276420ad679bdcf6d4cea2c9b70e6e80c4aa3d768ea8349525f75264ea4a4967d8","Y","2024-06-27T14:00:00.000","30","NO CONTROLS","NO CONTROLS","CLEAR","DAYLIGHT","PEDESTRIAN","NOT DIVIDED",,"STRAIGHT AND LEVEL","DRY","NO DEFECTS","ON SCENE","INJURY AND / OR TOW DUE TO CRASH",,,,"$500 OR LESS","2024-06-27T14:05:00.000","UNABLE TO DETERMINE","UNABLE TO DETERMINE","7126","S","WESTERN AVE","832",,,,,,,"2","REPORTED, NOT EVIDENT","1","0","0","0","1","1","0","14","5","6","41.763871927","-87.683366322","POINT (-87.683366321915 41.763871926769)"
"09a3cfa3afef301b2fa7606974d5062ebf99523efe3c4627ddbbeb24dddd6ee99a554d4178751aa84c6015ae88e2aaad5b4f62da3b93d77ec30eca3e519a0529",,"2024-06-27T13:55:00.000","30","NO CONTROLS","NO CONTROLS","CLEAR","DAYLIGHT","REAR END","DIVIDED - W/MEDIAN (NOT RAISED)",,"STRAIGHT AND LEVEL","DRY","NO DEFECTS","NOT ON SCENE (DESK REPORT)","NO INJURY / DRIVE AWAY",,,,"$500 OR LESS","2024-06-27T14:40:00.000","UNABLE TO DETERMINE","NOT APPLICABLE","2036","W","FOSTER AVE","2012",,,,,,,"2","NO INDICATION OF INJURY","0","0","0","0","0","2","0","13","5","6","41.976118017","-87.680892182","POINT (-87.680892182437 41.976118016638)"
"21d208c4cd769431e9a3d185378e1b25ad4a2f308cbc05198fef93b47309df5c06caed827937b974b888b973803ff8d5983e24b26d484719558334bc08657254",,"2024-06-27T13:55:00.000","30","NO CONTROLS","NO CONTROLS","CLEAR","DAYLIGHT","REAR END","NOT DIVIDED",,"STRAIGHT AND LEVEL","DRY","NO DEFECTS","NOT ON SCENE (DESK REPORT)","NO INJURY / DRIVE AWAY",,,,"$501 - $1,500","2024-06-27T14:58:00.000","FOLLOWING TOO CLOSELY","NOT APPLICABLE","6719","W","ARCHER AVE","811",,,,,,,"2","NO INDICATION OF INJURY","0","0","0","0","0","2","0","13","5","6","41.792077002","-87.789950039","POINT (-87.789950038892 41.792077002099)"
"1ad1393630a2815dc221f0f4bb03e9d1cad922b96a907351325a6056cadfc516d19d3087ab082872ad11414aff357e9134e7fae40f3c60b0f1fe55d1c0f9c6b6",,"2024-06-27T13:50:00.000","30","NO CONTROLS","NO CONTROLS","CLEAR","DAYLIGHT","PARKED MOTOR VEHICLE","DIVIDED - W/MEDIAN (NOT RAISED)",,"STRAIGHT AND LEVEL","DRY","NO DEFECTS","NOT ON SCENE (DESK REPORT)","NO INJURY / DRIVE AWAY",,,"Y","OVER $1,500","2024-06-27T14:09:00.000","UNABLE TO DETERMINE","NOT APPLICABLE","4416","W","26TH ST","1013",,,,,,,"2","NO INDICATION OF INJURY","0","0","0","0","0","3","0","13","5","6","41.844215224","-87.734975898","POINT (-87.734975898252 41.844215224222)"
"45a470cf5a269b6731a4f460c6e571dba70c7058dd77b4bba0d72ff849a3fd41c22356fd1264742d83736a18ac026929628caec1727e03afe14c2bde5248903b",,"2024-06-27T13:50:00.000","30","TRAFFIC SIGNAL","FUNCTIONING PROPERLY","CLEAR","DAYLIGHT","REAR END","FOUR WAY",,"STRAIGHT AND LEVEL","DRY","NO DEFECTS","NOT ON SCENE (DESK REPORT)","INJURY AND / OR TOW DUE TO CRASH","Y",,,"OVER $1,500","2024-06-27T16:42:00.000","UNABLE TO DETERMINE","UNABLE TO DETERMINE","7300","S","SOUTH CHICAGO AVE","323","Y",,,,,,"2","NO INDICATION OF INJURY","0","0","0","0","0","2","0","13","5","6","41.762118522","-87.60054649","POINT (-87.600546490421 41.762118521643)"
"1d30e06040b5ebb015eb6453c26f8977fe52377370664d084ba3cc0834b9d41321f4e2e7ea2a8561f311b9c4e1d447b344a04e1ab6d00634ab4b7a4f11f64c25",,"2024-06-27T13:45:00.000","30","STOP SIGN/FLASHER","NO CONTROLS","CLEAR","DAYLIGHT","REAR END","NOT DIVIDED",,"STRAIGHT AND LEVEL","DRY","UNKNOWN","NOT ON SCENE (DESK REPORT)","NO INJURY / DRIVE AWAY","Y",,,"$501 - $1,500","2024-06-27T15:30:00.000","FAILING TO YIELD RIGHT-OF-WAY","FAILING TO YIELD RIGHT-OF-WAY","209","S","ASHLAND AVE","1231",,,,,,,"2","NO INDICATION OF INJURY","0","0","0","0","0","2","0","13","5","6","41.878595247","-87.666590074","POINT (-87.666590073832 41.878595247147)"
"3a5000b5aa84f4fd2e03a72603aea2dbc4cfbd00fb60653db4db46b89ee00304a1ac5923b3dd56a6a89e47fb8785bc10dc2d53e35e8b7976ee3c5b68781c9afa",,"2024-06-27T13:45:00.000","10","NO CONTROLS","NO CONTROLS","CLEAR","DAYLIGHT","ANGLE","PARKING LOT",,"STRAIGHT AND LEVEL","DRY","NO DEFECTS","NOT ON SCENE (DESK REPORT)","NO INJURY / DRIVE AWAY",,,,"OVER $1,500","2024-06-27T14:20:00.000","FAILING TO YIELD RIGHT-OF-WAY","NOT APPLICABLE","5401","S","WENTWORTH AVE","225",,,,,,,"2","NO INDICATION OF INJURY","0","0","0","0","0","2","0","13","5","6","41.796234875","-87.630404924","POINT (-87.630404924387 41.796234875219)"
"5082d6e9f9c5c96660e7ec7fd416549e50d3130af3fc5cd39b5aeaa06e2480b32219aba47c883b845ba11577217a9701322a2ddde9c7fceaffb88be8aa908db7",,"2024-06-27T13:45:00.000","10","NO CONTROLS","NO CONTROLS","CLEAR","DAYLIGHT","PARKED MOTOR VEHICLE","PARKING LOT",,"STRAIGHT AND LEVEL","DRY","NO DEFECTS","NOT ON SCENE (DESK REPORT)","NO INJURY / DRIVE AWAY",,"N","Y","OVER $1,500","2024-06-27T14:11:00.000","NOT APPLICABLE","NOT APPLICABLE","7023","S","WESTERN AVE","832",,,,,,,"2","NO INDICATION OF INJURY","0","0","0","0","0","2","0","13","5","6","41.765808797","-87.683126741","POINT (-87.683126740762 41.765808797298)"
"dfe71505bf033546727e0e6cea5c84a82d9b0993036bf93ae605b586f3004b98421cb0c42181dfd5b9faafe7ccebba24558da334ec058e1625e1a0dbe0986bb7",,"2024-06-27T13:45:00.000","30","NO CONTROLS","NO CONTROLS","CLEAR","DAYLIGHT","SIDESWIPE SAME DIRECTION","ONE-WAY",,"STRAIGHT AND LEVEL","DRY","NO DEFECTS","ON SCENE","INJURY AND / OR TOW DUE TO CRASH",,,,"OVER $1,500","2024-06-27T15:39:00.000","UNABLE TO DETERMINE","UNABLE TO DETERMINE","325","W","HURON ST","1831",,,,,,,"2","NO INDICATION OF INJURY","0","0","0","0","0","3","0","13","5","6","41.894645646","-87.63678754","POINT (-87.636787540353 41.894645646071)"
"9c2ba0a58404e79cf774cab8cfd748ac17a9145e4e882bcc090aa4ad6eff2721183e97deb60bcb651d7d75ade31a8e84364d344b05c3e01348fb6e63d6c162dd",,"2024-06-27T13:43:00.000","30","NO CONTROLS","NO CONTROLS","CLEAR","DAYLIGHT","REAR END","NOT DIVIDED",,"STRAIGHT AND LEVEL","DRY","NO DEFECTS","ON SCENE","NO INJURY / DRIVE AWAY",,,,"$500 OR LESS","2024-06-27T13:46:00.000","FOLLOWING TOO CLOSELY","FOLLOWING TOO CLOSELY","23","E","ROOSEVELT RD","131",,,,,,,"2","NO INDICATION OF INJURY","0","0","0","0","0","3","0","13","5","6","41.867318442","-87.626289156","POINT (-87.626289155908 41.867318442005)"
"2b70d5832779b01c93cdba2e77456e876aa6eec785a4448730ba9484dc65b1890a1f58c41dbd33ba900ef69616c908823fb47bd8b215bb5385ce7d2228e220ed",,"2024-06-27T13:40:00.000","30","NO CONTROLS","NO CONTROLS","CLEAR","DAYLIGHT","PARKED MOTOR VEHICLE","NOT DIVIDED",,"STRAIGHT AND LEVEL","DRY","NO DEFECTS","NOT ON SCENE (DESK REPORT)","NO INJURY / DRIVE AWAY",,,,"OVER $1,500","2024-06-27T14:30:00.000","IMPROPER BACKING","UNABLE TO DETERMINE","6201","S","WASHTENAW AVE","825",,,,,,,"2","NO INDICATION OF INJURY","0","0","0","0","0","2","0","13","5","6","41.780887453","-87.690858764","POINT (-87.690858763751 41.780887453382)"
"f9f6c65a264126df60420a081986acb3d75746e36c4f1ceecf6982bab3cd28262f7aea07cee42767c408bd5675a01375e2ed9191afdfb56c4428126ed4b3b99b",,"2024-06-27T13:40:00.000","25","TRAFFIC SIGNAL","UNKNOWN","CLEAR","DAYLIGHT","SIDESWIPE OPPOSITE DIRECTION","FOUR WAY",,"STRAIGHT AND LEVEL","UNKNOWN","UNKNOWN","NOT ON SCENE (DESK REPORT)","NO INJURY / DRIVE AWAY",,,,"OVER $1,500","2024-06-27T15:00:00.000","UNABLE TO DETERMINE","UNABLE TO DETERMINE","1919","N","CICERO AVE","2533",,,,,,,"2","NO INDICATION OF INJURY","0","0","0","0","0","2","0","13","5","6","41.915710146","-87.745907755","POINT (-87.745907754514 41.915710145553)"
"adb94471b814b4f25e982a4e60bdffcd2f13d26670c251a052805f3c5d8fbc243bf6d77b1d33d69d3fea0c82c37534f2e67bc41388f487e2402096e9306d976b",,"2024-06-27T13:35:00.000","30","NO CONTROLS","NO CONTROLS","CLEAR","DAYLIGHT","REAR END","NOT DIVIDED",,"STRAIGHT AND LEVEL","DRY","UNKNOWN","NOT ON SCENE (DESK REPORT)","NO INJURY / DRIVE AWAY",,,"Y","OVER $1,500","2024-06-29T14:20:00.000","FOLLOWING TOO CLOSELY","FOLLOWING TOO CLOSELY","2100","W","95TH ST","2221",,,,,,,"2","NO INDICATION OF INJURY","0","0","0","0","0","2","0","13","5","6","41.721150554","-87.675015326","POINT (-87.675015325514 41.721150554364)"
"0147471c548730cb0bed45e6a8ad41e3433efa641bb99229755f4d2272e15ae9281ba65e71d627b36781d87c74514694dcf5060749e7883ea6f82bbc108e7b01",,"2024-06-27T13:30:00.000","30","NO CONTROLS","NO CONTROLS","CLEAR","DAYLIGHT","PARKED MOTOR VEHICLE","NOT DIVIDED",,"STRAIGHT AND LEVEL","UNKNOWN","UNKNOWN","NOT ON SCENE (DESK REPORT)","NO INJURY / DRIVE AWAY",,,,"OVER $1,500","2024-06-27T14:42:00.000","UNABLE TO DETERMINE","UNABLE TO DETERMINE","4800","N","LAVERGNE AVE","1623",,,,,,,"2","NO INDICATION OF INJURY","0","0","0","0","0","1","0","13","5","6","41.968014932","-87.752781144","POINT (-87.752781143691 41.968014931853)"
"a199482a4b2fbdc1a0d4eafa32134ed1cd61873920637fc1d217bca9f0628aabcb52fafa269abecf380450c288ea04170f9ef6b81429ab443d2c4d39c2fba339",,"2024-06-27T13:30:00.000","30","NO CONTROLS","NO CONTROLS","CLEAR","DAYLIGHT","ANGLE","ONE-WAY",,"STRAIGHT AND LEVEL","DRY","NO DEFECTS","NOT ON SCENE (DESK REPORT)","NO INJURY / DRIVE AWAY",,,,"$501 - $1,500","2024-06-27T15:45:00.000","FAILING TO YIELD RIGHT-OF-WAY","FAILING TO YIELD RIGHT-OF-WAY","2409","N","SPRINGFIELD AVE","2524",,,,,,,"2","NO INDICATION OF INJURY","0","0","0","0","0","2","0","13","5","6","41.92483732","-87.724189647","POINT (-87.724189647346 41.924837320222)"
"d57dce9a920b23ce322a89b4703d043fbe98c9b651e8fabd466484a0e50da04fda35e623393da1bb95b788c3495c1e1d5c069c7eabcfca0375d4ed3e17fbf7f2",,"2024-06-27T13:30:00.000","30","NO CONTROLS","NO CONTROLS","CLEAR","DAYLIGHT","REAR END","ONE-WAY",,"STRAIGHT AND LEVEL","DRY","NO DEFECTS","NOT ON SCENE (DESK REPORT)","NO INJURY / DRIVE AWAY",,,,"OVER $1,500","2024-06-27T14:20:00.000","FOLLOWING TOO CLOSELY","UNABLE TO DETERMINE","5834","W","GRAND AVE","2515",,,,,,,"3","NO INDICATION OF INJURY","0","0","0","0","0","6","0","13","5","6","41.920015118","-87.772030457","POINT (-87.77203045687 41.920015118054)"