"crash_record_id","crash_date_est_i","crash_date","posted_speed_limit","traffic_control_device","device_condition","weather_condition","lighting_condition","first_crash_type","trafficway_type","lane_cnt","alignment","roadway_surface_cond","road_defect","report_type","crash_type","intersection_related_i","private_property_i","hit_and_run_i","damage","date_police_notified","prim_contributory_cause","sec_contributory_cause","street_no","street_direction","street_name","beat_of_occurrence","photos_taken_i","statements_taken_i","dooring_i","work_zone_i","work_zone_type","workers_present_i","num_units","most_severe_injury","injuries_total","injuries_fatal","injuries_incapacitating","injuries_non_incapacitating","injuries_reported_not_evident","injuries_no_indication","injuries_unknown","crash_hour","crash_day_of_week","crash_month","latitude","longitude","location"
"d66aeed99288fb08e68f41acaac4b704441e5354aeee80e250f57e9827bd3130b0d68e72cbe4d7ef7cfa91ef7f80e43f842859b97d06f91ede47a71acb2c9b34",,"2024-06-27T13:28:00.000","25","NO CONTROLS","NO CONTROLS","CLEAR","DAYLIGHT","PARKED MOTOR VEHICLE","ONE-WAY",,"STRAIGHT AND LEVEL","DRY","NO DEFECTS","ON SCENE","INJURY AND / OR TOW DUE TO CRASH",,,"Y","OVER $1,500","2024-06-27T17:05:00.000","UNABLE TO DETERMINE","UNABLE TO DETERMINE","4426","S","MICHIGAN AVE","215",,,,,,,"2","REPORTED, NOT EVIDENT","1","0","0","0","1","1","0","13","5","6","41.813886266","-87.623107529","POINT (-87.623107529269 41.813886266057)"
"faf8f5304d0f45d44be2c6b1d9074f7bb976fa9a387ebab03d8c2165ddfdc989460db537ee48956dd0750d032865168f395bdea34c9e7e26e7ed3f8d9cd2ecdb",,"2024-06-27T13:20:00.000","30","NO CONTROLS","NO CONTROLS","CLEAR","DAYLIGHT","PEDESTRIAN","FOUR WAY",,"STRAIGHT AND LEVEL","DRY","NO DEFECTS","ON SCENE","INJURY AND / OR TOW DUE TO CRASH","Y",,"Y","$500 OR LESS","2024-06-27T13:28:00.000","UNABLE TO DETERMINE","NOT APPLICABLE","2700","W","LAWRENCE AVE","2031",,,,,,,"2","REPORTED, NOT EVIDENT","1","0","0","0","1","1","0","13","5","6","41.968661574","-87.69630637","POINT (-87.696306370217 41.968661574024)"
"be902d054e98683481d88d86cc0c75b94671e7b3eca4b3f378a633f43c0b14f59ac37621c052375812f64281865876ef51286bce6a2f2791a1813d4db07fb30c",,"2024-06-27T13:18:00.000","30","NO CONTROLS","NO CONTROLS","CLEAR","DAYLIGHT","REAR END","DIVIDED - W/MEDIAN (NOT RAISED)",,"STRAIGHT AND LEVEL","DRY","NO DEFECTS","ON SCENE","INJURY AND / OR TOW DUE TO CRASH",,,,"OVER $1,500","2024-06-27T13:18:00.000","UNABLE TO DETERMINE","UNABLE TO DETERMINE","5918","N","JERSEY AVE","1711",,,,,,,"3","NONINCAPACITATING INJURY","2","0","0","1","1","3","0","13","5","6","41.989070737","-87.710796423","POINT (-87.710796422898 41.989070736989)"
"3dc23095a4e5f77b3cd15cdfa509fb53ff758f259c9f8271768172664bc9f8b91a391b92af18ab91acb457af3dd76e246b347480c36390e93b1b86f16e99e99e",,"2024-06-27T13:15:00.000","30","NO CONTROLS","NO CONTROLS","CLEAR","DAYLIGHT","FIXED OBJECT","NOT DIVIDED",,"STRAIGHT AND LEVEL","DRY","NO DEFECTS","ON SCENE","INJURY AND / OR TOW DUE TO CRASH",,"Y",,"OVER $1,500","2024-06-27T13:15:00.000","UNABLE TO DETERMINE","UNABLE TO DETERMINE","7780","W","TALCOTT AVE","1612",,,,,,,"1","NO INDICATION OF INJURY","0","0","0","0","0","2","0","13","5","6","41.993206325","-87.821575789","POINT (-87.821575788668 41.993206324944)"
"afbe6800047a38ff271c7068ea43934a7ad6fde9ac6f1407ca93494352a9bfc7d6fb7853f1691d121acf297e2a0ee4f1948cdf079792916840a1b9ed6925b20c",,"2024-06-27T13:15:00.000","30","NO CONTROLS","NO CONTROLS","CLEAR","DAYLIGHT","REAR END","NOT DIVIDED",,"STRAIGHT AND LEVEL","DRY","NO DEFECTS","NOT ON SCENE (DESK REPORT)","NO INJURY / DRIVE AWAY",,,,"$501 - $1,500","2024-06-28T06:30:00.000","FAILING TO REDUCE SPEED TO AVOID CRASH","NOT APPLICABLE","5303","W","NORTH AVE","2532",,,,,,,"2","NO INDICATION OF INJURY","0","0","0","0","0","2","0","13","5","6","41.909356886","-87.758477961","POINT (-87.758477961384 41.909356885528)"
"81ff57706d7ef1c1f2bfac3704cd31a86d758620ccfe0e0b52200246672f3c1081025da590d29ff23985dc0368ca6e19024616d9b98704064d09f17fcc0cfcde",,"2024-06-27T13:10:00.000","30","NO CONTROLS","NO CONTROLS","CLEAR","DAYLIGHT","SIDESWIPE OPPOSITE DIRECTION","DIVIDED - W/MEDIAN (NOT RAISED)",,"STRAIGHT AND LEVEL","UNKNOWN","UNKNOWN","NOT ON SCENE (DESK REPORT)","NO INJURY / DRIVE AWAY",,,"Y","$501 - $1,500","2024-06-27T13:28:00.000","UNABLE TO DETERMINE","UNABLE TO DETERMINE","3609","W","LAKE ST","1123","Y",,,,,,"2","NO INDICATION OF INJURY","0","0","0","0","0","3","0","13","5","6","41.884829603","-87.716360381","POINT (-87.716360380746 41.8848296026)"
"5ddfaf4cdc6775f2da9bde512796de9885800c9827b54dddc6b6ec8a828a2c8f66198c71c3377101be9942720c4f0a8221bbe4a7d5c464ecdc00d6b188170dda",,"2024-06-27T13:05:00.000","30","NO CONTROLS","NO CONTROLS","CLEAR","DAYLIGHT","TURNING","DIVIDED - W/MEDIAN (NOT RAISED)",,"STRAIGHT AND LEVEL","DRY","NO DEFECTS","ON SCENE","INJURY AND / OR TOW DUE TO CRASH",,,,"OVER $1,500","2024-06-27T14:40:00.000","FAILING TO YIELD RIGHT-OF-WAY","FAILING TO YIELD RIGHT-OF-WAY","2807","S","WESTERN AVE","1034",,,,,,,"2","NO INDICATION OF INJURY","0","0","0","0","0","2","0","13","5","6","41.840945154","-87.685127051","POINT (-87.685127051216 41.840945154179)"
"64c42abae26041080f91fe29f9981aebf572063d655702aacd84450420d95c5653bb29507ad32abb79053515f34ea78872084199ddbe6340d9f182edfcfc004d",,"2024-06-27T13:05:00.000","30","NO CONTROLS","NO CONTROLS","CLEAR","DAYLIGHT","PARKED MOTOR VEHICLE","NOT DIVIDED",,"STRAIGHT AND LEVEL","DRY","NO DEFECTS","ON SCENE","NO INJURY / DRIVE AWAY",,,,"OVER $1,500","2024-06-27T13:07:00.000","IMPROPER TURNING/NO SIGNAL","NOT APPLICABLE","4614","N","SACRAMENTO AVE","1713",,,,,,,"2","NO INDICATION OF INJURY","0","0","0","0","0","3","0","13","5","6","41.965244528","-87.703630823","POINT (-87.703630822936 41.965244528333)"
"b9fdbb147049865f8a97d7276075aeffd639845e2f3f37f480bd257e410a48bb67d308c546cdbb24a5a2e092d9ff9c040cc7796e0609ecca89623f7b59413e8a",,"2024-06-27T13:00:00.000","30","NO CONTROLS","NO CONTROLS","CLEAR","DAYLIGHT","PARKED MOTOR VEHICLE","NOT DIVIDED",,"STRAIGHT AND LEVEL","DRY","NO DEFECTS","NOT ON SCENE (DESK REPORT)","NO INJURY / DRIVE AWAY",,,,"$500 OR LESS","2024-06-27T13:50:00.000","UNABLE TO DETERMINE","UNABLE TO DETERMINE","6967","W","BYRON ST","1632",,,,,,,"2","NO INDICATION OF INJURY","0","0","0","0","0","1","0","13","5","6","41.950738536","-87.800993977","POINT (-87.800993976816 41.950738535917)"
"f741510762639ccb0baadb8f2aeffa72d32af2dd42d2b24c0e09f2a48ad5cd145d1848868df45f217f34731a104729773e394716495f8ec2227a08b3124b1422",,"2024-06-27T13:00:00.000","30","UNKNOWN","UNKNOWN","CLEAR","DAYLIGHT","REAR END","NOT DIVIDED",,"STRAIGHT AND LEVEL","UNKNOWN","UNKNOWN","NOT ON SCENE (DESK REPORT)","NO INJURY / DRIVE AWAY",,,,"OVER $1,500","2024-06-27T13:55:00.000","UNABLE TO DETERMINE","NOT APPLICABLE","3212","W","ADDISON ST","1733",,,,,,,"2","NO INDICATION OF INJURY","0","0","0","0","0","2","0","13","5","6","41.946736269","-87.708425979","POINT (-87.708425979206 41.946736269406)"
"3a8d1363cd829fbb091f13f6641bb2bd9c9bbcab46af412aac385a4177e635dab2bac794e5468b60418c0e8a1bf260d71f3427a950f393fec82c48799150c39b",,"2024-06-27T12:57:00.000","30","NO CONTROLS","NO CONTROLS","CLEAR","DAYLIGHT","PARKED MOTOR VEHICLE","NOT DIVIDED",,"STRAIGHT AND LEVEL","DRY","NO DEFECTS","ON SCENE","NO INJURY / DRIVE AWAY",,,"Y","$501 - $1,500","2024-06-27T12:59:00.000","IMPROPER BACKING","UNABLE TO DETERMINE","5529","W","MONTROSE AVE","1624",,,,,,,"2","NO INDICATION OF INJURY","0","0","0","0","0","1","0","12","5","6","41.96038847","-87.765970109","POINT (-87.765970109277 41.960388470409)"
"c5b19157c28866ebde97c2359fe639811221fb99cfbb13ce4f9cf2438bb11b70dee88433754feebde3cca39d5b1a9ca07a72e37e314cc38d09109e3c47442063",,"2024-06-27T12:54:00.000","30","UNKNOWN","UNKNOWN","UNKNOWN","UNKNOWN","SIDESWIPE SAME DIRECTION","NOT DIVIDED",,"STRAIGHT AND LEVEL","UNKNOWN","UNKNOWN","NOT ON SCENE (DESK REPORT)","NO INJURY / DRIVE AWAY","Y",,,"$501 - $1,500","2024-06-27T13:35:00.000","DRIVING SKILLS/KNOWLEDGE/EXPERIENCE","UNABLE TO DETERMINE","2020","S","ARCHER AVE","131",,,,,,,"2","NO INDICATION OF INJURY","0","0","0","0","0","2","0","12","5","6","41.854975156","-87.630740815","POINT (-87.630740814768 41.854975156151)"
"75c4bd649012f436c479bff2b578ff1cff65452f5d16645a95ac934cf250cbab43e5b70b4a140663e3bcaf91cd0bb458eb196dd418a2695f8f6ff7300773e088",,"2024-06-27T12:50:00.000","15","NO CONTROLS","NO CONTROLS","CLEAR","DAYLIGHT","OTHER OBJECT","ALLEY",,"STRAIGHT AND LEVEL","DRY","UNKNOWN","ON SCENE","NO INJURY / DRIVE AWAY",,,"Y","OVER $1,500","2024-06-27T16:09:00.000","IMPROPER BACKING","NOT APPLICABLE","5030","W","LAWRENCE AVE","1623",,,,,,,"1","NO INDICATION OF INJURY","0","0","0","0","0","1","0","12","5","6","41.968060746","-87.753901713","POINT (-87.753901712711 41.968060746447)"
"1a40fbf2ed29f2ea5045710700024f4fba738238057a4424b569385266417fe75d0a8550cac78882bd6988fe1e9abde96e654c8a272ee1c51186f1424b8f80e3",,"2024-06-27T12:45:00.000","20","NO CONTROLS","NO CONTROLS","CLEAR","DAYLIGHT","PARKED MOTOR VEHICLE","PARKING LOT",,"STRAIGHT AND LEVEL","DRY","NO DEFECTS","ON SCENE","NO INJURY / DRIVE AWAY",,,"Y","OVER $1,500","2024-06-27T13:19:00.000","UNABLE TO DETERMINE","UNABLE TO DETERMINE","2228","S","WESTERN AVE","1034",,,,,,,"2","NO INDICATION OF INJURY","0","0","0","0","0","1","0","12","5","6","41.851217114","-87.685764506","POINT (-87.685764506424 41.85121711426)"
"ade2a3917701e0372f4e4221acc2125a8ba5262dc5d908d1d9362590867c7ae4b1c4c60d2047a6939db7623364ccfa52c0255c17cb2120b27ba0b4228e08a6eb",,"2024-06-27T12:45:00.000","30","TRAFFIC SIGNAL","FUNCTIONING PROPERLY","CLEAR","DAYLIGHT","PEDALCYCLIST","FOUR WAY",,"STRAIGHT AND LEVEL","DRY","NO DEFECTS","ON SCENE","INJURY AND / OR TOW DUE TO CRASH","N",,,"$500 OR LESS","2024-06-27T12:45:00.000","UNABLE TO DETERMINE","UNABLE TO DETERMINE","7400","S","HALSTED ST","733",,,,,,,"2","REPORTED, NOT EVIDENT","1","0","0","0","1","2","0","12","5","6","41.759674582","-87.644420239","POINT (-87.644420238889 41.759674581874)"
"bff280ec154c0ec0bca0a35ea4975bf0ee1f47a597a2a5821da52aa0d33d45d77b97096b756a172ffc6ead11d22509d66b67212b6fb979e479d4a3f33adf9444",,"2024-06-27T12:45:00.000","30","NO CONTROLS","NO CONTROLS","CLEAR","DAYLIGHT","SIDESWIPE SAME DIRECTION","NOT DIVIDED",,"STRAIGHT AND LEVEL","DRY","NO DEFECTS","NOT ON SCENE (DESK REPORT)","NO INJURY / DRIVE AWAY",,,,"$501 - $1,500","2024-06-27T13:55:00.000","IMPROPER OVERTAKING/PASSING","IMPROPER OVERTAKING/PASSING","6600","W","IRVING PARK RD","1632",,,,,,,"2","NO INDICATION OF INJURY","0","0","0","0","0","2","0","12","5","6","41.952934829","-87.791711967","POINT (-87.791711966955 41.952934828618)"
"320721b9f87845090aebe0ec562f39221dc54abf3ca4e14dc7ec4cba44c9286204f45879a913cf6df1acc75cfb1b9ff10328d78823e0078683654a38cdac7154",,"2024-06-27T12:44:00.000","20","NO CONTROLS","NO CONTROLS","CLEAR","DAYLIGHT","FIXED OBJECT","PARKING LOT",,"STRAIGHT AND LEVEL","DRY","NO DEFECTS","ON SCENE","NO INJURY / DRIVE AWAY",,"Y",,"$500 OR LESS","2024-06-27T12:44:00.000","UNABLE TO DETERMINE","UNABLE TO DETERMINE","6354","S","CALUMET AVE","312",,"Y",,,,,"1","NO INDICATION OF INJURY","0","0","0","0","0","1","0","12","5","6","41.779052245","-87.617449819","POINT (-87.617449818501 41.779052244921)"
"4686a00fd4602c155c95432050a15e4a6b7839d3bab9c24f4eda23df1546c86f297869c310e7583246378beaa1b048beee01823c3c70bd35eaddd54df8147d79",,"2024-06-27T12:41:00.000","15","NO CONTROLS","NO CONTROLS","CLEAR","DAYLIGHT","ANGLE","PARKING LOT",,"STRAIGHT AND LEVEL","DRY","NO DEFECTS","ON SCENE","NO INJURY / DRIVE AWAY",,"Y","Y","$501 - $1,500","2024-06-27T13:17:00.000","FAILING TO REDUCE SPEED TO AVOID CRASH","NOT APPLICABLE","9211","S","COMMERCIAL AVE","424",,,,,,,"2","NO INDICATION OF INJURY","0","0","0","0","0","2","0","12","5","6","41.727880191","-87.551061228","POINT (-87.55106122806 41.727880191213)"
"0fa59ab0206027d36565482bf05a3255e6e044c9c3824f9129437b70d9b887f87f72033814fa0df8c9e444532563c90f684d8dcc052b7a67487c02b2bd4b350f",,"2024-06-27T12:40:00.000","30","NO CONTROLS","NO CONTROLS","CLEAR","DAYLIGHT","ANGLE","NOT DIVIDED",,"STRAIGHT AND LEVEL","DRY","NO DEFECTS","NOT ON SCENE (DESK REPORT)","NO INJURY / DRIVE AWAY",,,,"OVER $1,500","2024-06-27T13:10:00.000","DRIVING SKILLS/KNOWLEDGE/EXPERIENCE","NOT APPLICABLE","5534","S","ST LOUIS AVE","822",,,,,,,"2","NO INDICATION OF INJURY","0","0","0","0","0","2","0","12","5","6","41.792351773","-87.711024169","POINT (-87.711024169163 41.792351773241)"
"32745af34857d568ad2a128bfbf96f146c1be3b180d0611579a285586403761cb958735f98e438842f3a34b488664babadf35d76a772e0253acc2d9bf9004798",,"2024-06-27T12:32:00.000","30","TRAFFIC SIGNAL","FUNCTIONING PROPERLY","CLEAR","DAYLIGHT","ANGLE","DIVIDED - W/MEDIAN (NOT RAISED)",,"STRAIGHT AND LEVEL","DRY","NO DEFECTS","ON SCENE","INJURY AND / OR TOW DUE TO CRASH","Y",,,"OVER $1,500","2024-06-27T12:32:00.000","DISREGARDING TRAFFIC SIGNALS","NOT APPLICABLE","2300","W","LOGAN BLVD","1432",,,,,,,"2","NONINCAPACITATING INJURY","2","0","0","2","0","2","0","12","5","6","41.930504358","-87.685561053","POINT (-87.685561052555 41.930504357598)"
"15543ca67182b8e9fd7421a703986a38d31716b3d1f4d41530b6b7d4408a26bf4604bef398a717fb78c88383cee6da04ead2af138175b95df93073ca3cedd4cd",,"2024-06-27T12:30:00.000","15","NO CONTROLS","NO CONTROLS","CLEAR","DAYLIGHT","PARKED MOTOR VEHICLE","PARKING LOT",,"STRAIGHT AND LEVEL","DRY","NO DEFECTS","NOT ON SCENE (DESK REPORT)","NO INJURY / DRIVE AWAY",,"Y","Y","$501 - $1,500","2024-06-27T13:10:00.000","UNABLE TO DETERMINE","UNABLE TO DETERMINE","8721","S","STONY ISLAND AVE","412",,,,,,,"2","NO INDICATION OF INJURY","0","0","0","0","0","1","0","12","5","6","41.736267893","-87.585063969","POINT (-87.585063969477 41.73626789254)"
"17a5d55adf8c0225c511542b9b42367934c2d37bf315094abb573a36e1d3b1c9a48c3092873ccf8e9f7a81012053bc2f8f1b239193a765ba21c045c78c9efc33",,"2024-06-27T12:30:00.000","30","NO CONTROLS","NO CONTROLS","CLEAR","DAYLIGHT","PARKED MOTOR VEHICLE","T-INTERSECTION",,"STRAIGHT AND LEVEL","DRY","NO DEFECTS","ON SCENE","NO INJURY / DRIVE AWAY","Y",,,"$501 - $1,500","2024-06-27T12:38:00.000","FAILING TO REDUCE SPEED TO AVOID CRASH","UNABLE TO DETERMINE","3831","W","ARMITAGE AVE","2535",,,,"Y","UNKNOWN",,"2","NO INDICATION OF INJURY","0","0","0","0","0","4","0","12","5","6","41.917097258","-87.722941548","POINT (-87.722941547836 41.917097258235)"
"5cb330925ba84923f946a5caa673f2063144275690d4868449968c4d8a7a0844568cdf83c418f23755f3928c300c8cbd13bad2d67dbadd7d3ee25efd786b375e",,"2024-06-27T12:30:00.000","30","TRAFFIC SIGNAL","FUNCTIONING PROPERLY","CLEAR","DAYLIGHT","SIDESWIPE SAME DIRECTION","NOT DIVIDED",,"STRAIGHT AND LEVEL","DRY","NO DEFECTS","NOT ON SCENE (DESK REPORT)","NO INJURY / DRIVE AWAY",,,,"OVER $1,500","2024-06-27T13:25:00.000","UNABLE TO DETERMINE","NOT APPLICABLE","59","E","47TH ST","224",,,,,,,"2","NO INDICATION OF INJURY","0","0","0","0","0","2","0","12","5","6","41.80916267","-87.6237346","POINT (-87.623734600402 41.809162669668)"
"acae6d03ef69989614208b086be6f4553c04f4c905c9a679316a777472c188f8c046e480e3e2df07414128b867a3851376e54db49c10ccce0a7367faf2597487",,"2024-06-27T12:30:00.000","30","NO CONTROLS","NO CONTROLS","CLEAR","DAYLIGHT","TURNING","NOT DIVIDED",,"STRAIGHT AND LEVEL","DRY","NO DEFECTS","NOT ON SCENE (DESK REPORT)","NO INJURY / DRIVE AWAY",,,"N","$501 - $1,500","2024-06-27T16:31:00.000","UNABLE TO DETERMINE","DRIVING SKILLS/KNOWLEDGE/EXPERIENCE","8300","S","HOLLAND RD","622",,,,,,,"2","NO INDICATION OF INJURY","0","0","0","0","0","2","0","12","5","6","41.743427333","-87.632181132","POINT (-87.632181132025 41.743427333057)"
"3e6cc1474c5e3e039f85b7cb089bb684283202a462e34efce6c55bd2b8624ca53638c72a03006cafc949bd756912ad29ce6ed7d2ead8c5d25569240db7e8a108",,"2024-06-27T12:23:00.000","30","NO CONTROLS","NO CONTROLS","CLEAR","DAYLIGHT","OTHER NONCOLLISION","ALLEY",,"STRAIGHT AND LEVEL","DRY","NO DEFECTS","ON SCENE","NO INJURY / DRIVE AWAY",,,,"$501 - $1,500","2024-06-27T12:41:00.000","DISTRACTION - FROM OUTSIDE VEHICLE","IMPROPER BACKING","5030","W","PENSACOLA AVE","1624",,,,,,,"1","NO INDICATION OF INJURY","0","0","0","0","0","1","0","12","5","6","41.959849446","-87.753210081","POINT (-87.753210080699 41.959849446083)"
"12ba44e88489cdf676556f1bbf61dc4c5eb6678d82e49aff8ed2a8aa80ddb88311814cf7918d4fc5f8ed6c135f6ab0cb872694f864578912666a90b0e6aecf3f",,"2024-06-27T12:15:00.000","35","NO CONTROLS","NO CONTROLS","CLEAR","DAYLIGHT","REAR END","DIVIDED - W/MEDIAN BARRIER",,"STRAIGHT AND LEVEL","DRY","NO DEFECTS","NOT ON SCENE (DESK REPORT)","NO INJURY / DRIVE AWAY",,,,"OVER $1,500","2024-06-27T13:11:00.000","FOLLOWING TOO CLOSELY","NOT APPLICABLE","542","S","LAKE SHORE DR SB","114",,,,,,,"2","NO INDICATION OF INJURY","0","0","0","0","0","2","0","12","5","6","41.874918058","-87.617496442","POINT (-87.617496442201 41.874918058222)"
"4c320e6b35711306f2d3ce4286c49925c46a40517b5041aa8d211915ec8585b509856e887cac9127ab6ad2921e5e83b644902cbeda62d2cef5259571f8aff211",,"2024-06-27T12:15:00.000","30","NO CONTROLS","NO CONTROLS","CLEAR","DAYLIGHT","PARKED MOTOR VEHICLE","NOT DIVIDED",,"STRAIGHT AND LEVEL","DRY","NO DEFECTS","NOT ON SCENE (DESK REPORT)","NO INJURY / DRIVE AWAY",,,,"OVER $1,500","2024-06-27T15:00:00.000","UNABLE TO DETERMINE","UNABLE TO DETERMINE","2045","W","AUGUSTA BLVD","1212",,,,,,,"2","NO INDICATION OF INJURY","0","0","0","0","0","1","0","12","5","6","41.899410693","-87.678944026","POINT (-87.678944026285 41.899410692582)"
"59eed081c32e8d990b35e745754e34f127d90710f1ee3e5d355730cf10be5b461038a3be8e9981bac881061f6b9f354379db6d0f9f8bba18b2889e8758b0a5aa",,"2024-06-27T12:13:00.000","30","NO CONTROLS","NO CONTROLS","CLEAR","DAYLIGHT","TURNING","NOT DIVIDED",,"STRAIGHT AND LEVEL","DRY","NO DEFECTS","NOT ON SCENE (DESK REPORT)","NO INJURY / DRIVE AWAY",,,,"OVER $1,500","2024-06-27T18:35:00.000","UNABLE TO DETERMINE","NOT APPLICABLE","2725","W","MEDILL AVE","1431",,,,,,,"2","NO INDICATION OF INJURY","0","0","0","0","0","3","0","12","5","6","41.923754858","-87.696649468","POINT (-87.696649467648 41.923754857802)"
"cb4c87ce1a41d650607a118ce94de2e45994935cddd7f7a5d86d1c36a33fd51f192a1ce024a56a36e37a00936d165227b769ac063d1e330e5140bef8b3ced100",,"2024-06-27T12:13:00.000","30","NO CONTROLS","NO CONTROLS","CLEAR","DAYLIGHT","SIDESWIPE SAME DIRECTION","DIVIDED - W/MEDIAN (NOT RAISED)",,"STRAIGHT AND LEVEL","DRY","NO DEFECTS","ON SCENE","INJURY AND / OR TOW DUE TO CRASH",,,,"OVER $1,500","2024-06-27T12:13:00.000","UNABLE TO DETERMINE","UNABLE TO DETERMINE","3401","W","DEVON AVE","1711",,,,,,,"2","NO INDICATION OF INJURY","0","0","0","0","0","3","0","12","5","6","41.997198399","-87.714346233","POINT (-87.714346233033 41.997198398678)"
"c8ba1dc04aa818b08eeee94b74fbc1d1f9d7a04baf45d735c39c876f47c3a8e35a1095d19af055d1d685340a37fa2dce8e3d4e241e5b60fd6488b5a244df21db",,"2024-06-27T12:10:00.000","25","STOP SIGN/FLASHER","NO CONTROLS","UNKNOWN","DAYLIGHT","ANGLE","T-INTERSECTION",,"STRAIGHT AND LEVEL","UNKNOWN","UNKNOWN","NOT ON SCENE (DESK REPORT)","NO INJURY / DRIVE AWAY",,,,"$500 OR LESS","2024-06-27T15:00:00.000","UNABLE TO DETERMINE","UNABLE TO DETERMINE","2252","E","73RD ST","333",,,,,,,"2","NO INDICATION OF INJURY","0","0","0","0","0","2","0","12","5","6","41.762700093","-87.569191706","POINT (-87.56919170627 41.762700092905)"
"310246661acc6ef551e492d6d42153f90b0dbcbff8e941369e4d075bf2d1e6471ddcab1283897453f2f95cae43fcfd2c5fb872ebb5c365743e3f884230678d3e",,"2024-06-27T12:05:00.000","30","TRAFFIC SIGNAL","FUNCTIONING PROPERLY","CLEAR","DAYLIGHT","REAR END","NOT DIVIDED",,"STRAIGHT AND LEVEL","DRY","NO DEFECTS","NOT ON SCENE (DESK REPORT)","NO INJURY / DRIVE AWAY","Y",,,"OVER $1,500","2024-06-27T13:10:00.000","FAILING TO REDUCE SPEED TO AVOID CRASH","DISTRACTION - FROM OUTSIDE VEHICLE","4500","W","63RD ST","813",,,,,,,"2","NO INDICATION OF INJURY","0","0","0","0","0","2","0","12","5","6","41.778624993","-87.735029364","POINT (-87.735029364106 41.778624993141)"
"a8822f3e6e99371f015e9ae7fbcc579a4ddec6a623a5b3c9233cebe363115cd02df167ee6b5db8122c43f95654b38832a06e99cb6e67c19e076c502ad334f658",,"2024-06-27T12:05:00.000","30","NO CONTROLS","NO CONTROLS","CLEAR","DAYLIGHT","PARKED MOTOR VEHICLE","NOT DIVIDED",,"STRAIGHT AND LEVEL","DRY","NO DEFECTS","NOT ON SCENE (DESK REPORT)","NO INJURY / DRIVE AWAY",,,"Y","$501 - $1,500","2024-06-27T20:35:00.000","UNABLE TO DETERMINE","UNABLE TO DETERMINE","2060","N","KOLMAR AVE","2522",,,,,,,"2","NO INDICATION OF INJURY","0","0","0","0","0","1","0","12","5","6","41.918625358","-87.740196506","POINT (-87.740196505647 41.918625357879)"
"25abd0aeb7c7ba53cb7dfc02618cbde86da982bb6549e69f0c62c12bf2034b68114c782211eb321610409580410eeb33b9229b3e29c3e65336367ff6fd8581e3",,"2024-06-27T12:00:00.000","30","NO CONTROLS","NO CONTROLS","CLEAR","DAYLIGHT","SIDESWIPE SAME DIRECTION","NOT DIVIDED",,"STRAIGHT AND LEVEL","DRY","NO DEFECTS","NOT ON SCENE (DESK REPORT)","NO INJURY / DRIVE AWAY",,,"Y","OVER $1,500","2024-06-27T12:26:00.000","UNABLE TO DETERMINE","NOT APPLICABLE","813","S","KOSTNER AVE","1131",,,,,,,"2","NO INDICATION OF INJURY","0","0","0","0","0","3","0","12","5","6","41.870321553","-87.73496532","POINT (-87.734965319919 41.870321553402)"
"79f7fc3f29013f517971ec0503aa7bb52f81434eeb1109065a271d426efa7732d8bcaac4a240491c9b33b04eed418abb1091fd6b6a021ebd5ed008c6fe944267",,"2024-06-27T12:00:00.000","20","NO CONTROLS","NO CONTROLS","CLEAR","DAYLIGHT","PARKED MOTOR VEHICLE","ONE-WAY",,"STRAIGHT AND LEVEL","DRY","NO DEFECTS","ON SCENE","NO INJURY / DRIVE AWAY",,,"Y","OVER $1,500","2024-06-27T12:00:00.000","DRIVING ON WRONG SIDE/WRONG WAY","NOT APPLICABLE","2259","S","ST LOUIS AVE","1024",,,,,,,"2","NO INDICATION OF INJURY","0","0","0","0","0","1","0","12","5","6","41.849936208","-87.712361968","POINT (-87.712361967705 41.849936208481)"
"8719c5bbf3efb4e4d64a588893b058d79316e7d74689c1d4fa435ab68ea898c331d49d4886d41c1ca9107bbd42e1d58a4a077fb392f79ff7b3a44a29fb7d9aee",,"2024-06-27T12:00:00.000","25","NO CONTROLS","NO CONTROLS","CLEAR","DAYLIGHT","PARKED MOTOR VEHICLE","NOT DIVIDED",,"STRAIGHT AND LEVEL","DRY","NO DEFECTS","ON SCENE","NO INJURY / DRIVE AWAY",,,,"$501 - $1,500","2024-06-27T16:46:00.000","IMPROPER BACKING","IMPROPER BACKING","6532","S","KIMBARK AVE","321",,,,,,,"2","NO INDICATION OF INJURY","0","0","0","0","0","1","0","12","5","6","41.775893574","-87.594689725","POINT (-87.594689724691 41.775893574401)"
"b3fda1ba102b5bd038cce749a184cb35365dbea2de4c3a24d09fa8befeb5bc9941f4430a99ebe53e0e31f7fedbe58977dd836d3a674289407878864278be3dfd",,"2024-06-27T11:44:00.000","30","NO CONTROLS","NO CONTROLS","CLEAR","DAYLIGHT","SIDESWIPE SAME DIRECTION","NOT DIVIDED",,"STRAIGHT AND LEVEL","DRY","NO DEFECTS","NOT ON SCENE (DESK REPORT)","NO INJURY / DRIVE AWAY",,,"Y","OVER $1,500","2024-06-27T12:39:00.000","UNABLE TO DETERMINE","NOT APPLICABLE","1500","N","LAKE SHORE DR","1824",,,,,,,"2","NO INDICATION OF INJURY","0","0","0","0","0","2","0","11","5","6","41.90959743","-87.626312214","POINT (-87.626312214236 41.909597430399)"