"crash_record_id","crash_date_est_i","crash_date","posted_speed_limit","traffic_control_device","device_condition","weather_condition","lighting_condition","first_crash_type","trafficway_type","lane_cnt","alignment","roadway_surface_cond","road_defect","report_type","crash_type","intersection_related_i","private_property_i","hit_and_run_i","damage","date_police_notified","prim_contributory_cause","sec_contributory_cause","street_no","street_direction","street_name","beat_of_occurrence","photos_taken_i","statements_taken_i","dooring_i","work_zone_i","work_zone_type","workers_present_i","num_units","most_severe_injury","injuries_total","injuries_fatal","injuries_incapacitating","injuries_non_incapacitating","injuries_reported_not_evident","injuries_no_indication","injuries_unknown","crash_hour","crash_day_of_week","crash_month","latitude","longitude","location"
"3ab1279b2ae70f406566e2fdd69707777bcceef9cbd6993c025f664a8ec64b177324d6b367c363825e2a9304c98d91b4726fa59e28b02222aabeec87762e9067",,"2024-06-27T09:40:00.000","30","TRAFFIC SIGNAL","FUNCTIONING PROPERLY","CLEAR","DAYLIGHT","PEDALCYCLIST","DIVIDED - W/MEDIAN (NOT RAISED)",,"STRAIGHT AND LEVEL","UNKNOWN","UNKNOWN","NOT ON SCENE (DESK REPORT)","NO INJURY / DRIVE AWAY","Y",,,"OVER $1,500","2024-06-27T13:59:00.000","FAILING TO YIELD RIGHT-OF-WAY","FAILING TO YIELD RIGHT-OF-WAY","1000","W","IRVING PARK RD","1915",,,,,,,"2","NO INDICATION OF INJURY","0","0","0","0","0","2","0","9","5","6","41.954596922","-87.654627247","POINT (-87.654627247399 41.954596922053)"
"a88a2c03c6575985048b5d3b9596b87f0a94de1a0cf4f94e107dcf9006e8e5aada1c88de67696fb73968d957112543673360cf0a0b49f4289e21939f20b55444",,"2024-06-27T09:40:00.000","30","TRAFFIC SIGNAL","FUNCTIONING PROPERLY","CLEAR","DAYLIGHT","SIDESWIPE SAME DIRECTION","NOT DIVIDED",,"STRAIGHT AND LEVEL","DRY","NO DEFECTS","NOT ON SCENE (DESK REPORT)","NO INJURY / DRIVE AWAY",,,,"OVER $1,500","2024-06-27T10:56:00.000","IMPROPER LANE USAGE","UNABLE TO DETERMINE","6325","W","55TH ST","811",,,,,,,"2","NO INDICATION OF INJURY","0","0","0","0","0","2","0","9","5","6","41.792220751","-87.780555301","POINT (-87.780555301487 41.792220750885)"
"2cc1952834f3dbee0133057a2c103a1b1036b434aee9ce8b57a02b95be131e0d45eea0c04167f2c2bd63abc9065ac265846fc8f8a5f72506f9ec3a3bf63313b4",,"2024-06-27T09:35:00.000","30","NO CONTROLS","NO CONTROLS","CLEAR","DAYLIGHT","SIDESWIPE SAME DIRECTION","NOT DIVIDED",,"STRAIGHT AND LEVEL","DRY","NO DEFECTS","ON SCENE","NO INJURY / DRIVE AWAY",,,"Y","$500 OR LESS","2024-06-27T10:10:00.000","UNABLE TO DETERMINE","UNABLE TO DETERMINE","2020","E","130TH ST","434",,,,,,,"2","NO INDICATION OF INJURY","0","0","0","0","0","2","0","9","5","6","41.659313336","-87.5746037","POINT (-87.57460369997 41.659313335976)"
"06aede9f2ff713b6620b7f30fefff09fc4ee4ba2d36997313e0f984901497f127f5693892908ed070c2ea02024e85bab2e93ad3e232b579def02066d7b3abbdb",,"2024-06-27T09:30:00.000","30","NO CONTROLS","NO CONTROLS","CLEAR","DAYLIGHT","REAR TO SIDE","PARKING LOT",,"STRAIGHT AND LEVEL","DRY","NO DEFECTS","NOT ON SCENE (DESK REPORT)","NO INJURY / DRIVE AWAY",,"N",,"OVER $1,500","2024-06-27T10:30:00.000","DRIVING SKILLS/KNOWLEDGE/EXPERIENCE","UNABLE TO DETERMINE","1856","N","LECLAIRE AVE","2533",,,,,,,"2","NO INDICATION OF INJURY","0","0","0","0","0","2","0","9","5","6","41.914624584","-87.752981314","POINT (-87.752981313983 41.914624583962)"
"69edba16b77460522c97cd4683a95cdcc3c8b09bc6e7b40decffe9a5ec07cff8a171d0e12be7c33f9d3793fffc04e7995881f1fd6b30b8c38a3fb058f3f8837c","Y","2024-06-27T09:30:00.000","30","NO CONTROLS","NO CONTROLS","UNKNOWN","UNKNOWN","PARKED MOTOR VEHICLE","ONE-WAY",,"STRAIGHT AND LEVEL","DRY","NO DEFECTS","ON SCENE","NO INJURY / DRIVE AWAY",,,"Y","OVER $1,500","2024-06-27T09:45:00.000","UNABLE TO DETERMINE","UNABLE TO DETERMINE","1727","E","69TH ST","332",,,,,,,"2","NO INDICATION OF INJURY","0","0","0","0","0","1","0","9","5","6","41.769626599","-87.58271244","POINT (-87.582712439989 41.769626599364)"
"dd9c81948de2712986fd28f0929c45e537db2b509539bb77f7e13d4590bdd902382272ce37242daaa650e8275883b51925e87058f3c808b1c8d826214c98cf24",,"2024-06-27T09:30:00.000","30","TRAFFIC SIGNAL","FUNCTIONING PROPERLY","CLEAR","DAYLIGHT","REAR END","DIVIDED - W/MEDIAN BARRIER",,"STRAIGHT AND LEVEL","DRY","NO DEFECTS","ON SCENE","INJURY AND / OR TOW DUE TO CRASH",,,,"OVER $1,500","2024-06-27T09:37:00.000","FOLLOWING TOO CLOSELY","NOT APPLICABLE","2602","W","LOGAN BLVD","1411",,,,,,,"2","NONINCAPACITATING INJURY","2","0","0","1","1","0","0","9","5","6","41.928617678","-87.692798089","POINT (-87.692798088518 41.928617678281)"
"fafd801e7ff9048b51206668ab6c1b124e6c136e2bca440ed689f6876bcc4f31259d0509cb12e7e27602ddd23b3ba12c2752f9ee512b17afa87ea58233ca7872",,"2024-06-27T09:30:00.000","30","TRAFFIC SIGNAL","FUNCTIONING PROPERLY","CLEAR","DAYLIGHT","ANGLE","FOUR WAY",,"STRAIGHT AND LEVEL","DRY","NO DEFECTS","ON SCENE","INJURY AND / OR TOW DUE TO CRASH","Y",,,"OVER $1,500","2024-06-27T09:35:00.000","FAILING TO REDUCE SPEED TO AVOID CRASH","FAILING TO YIELD RIGHT-OF-WAY","2800","N","CALIFORNIA AVE","1411",,,,,,,"2","NO INDICATION OF INJURY","0","0","0","0","0","2","0","9","5","6","41.932120719","-87.6977653","POINT (-87.697765300365 41.932120719106)"
"caa107cf4e91ff52192f18a11f5c72505f0a1dd0e3b0b755ae08b48cf57dc35c91513db67ce07eb69139e646562861fadba5137eed7cbfe028f09bab61c52193",,"2024-06-27T09:26:00.000","35","TRAFFIC SIGNAL","FUNCTIONING PROPERLY","CLEAR","DAYLIGHT","PEDALCYCLIST","Y-INTERSECTION",,"CURVE, LEVEL","DRY","NO DEFECTS","ON SCENE","INJURY AND / OR TOW DUE TO CRASH",,,,"$500 OR LESS","2024-06-27T09:30:00.000","FOLLOWING TOO CLOSELY","DRIVING SKILLS/KNOWLEDGE/EXPERIENCE","3912","N","CLARENDON AVE","1923",,"Y",,,,,"2","REPORTED, NOT EVIDENT","1","0","0","0","1","1","0","9","5","6","41.953212723","-87.649816276","POINT (-87.649816275697 41.953212722704)"
"c45455a1dedfd2bbd6789a476d8804e2931959900aa50876be93b5c26fc3d047117fc328625957ff05a24ba5a98b6bc1afb56a286956b6380029ee2bde1735a8",,"2024-06-27T09:25:00.000","30","STOP SIGN/FLASHER","FUNCTIONING PROPERLY","CLEAR","DAYLIGHT","ANGLE","FOUR WAY",,"STRAIGHT AND LEVEL","DRY","NO DEFECTS","ON SCENE","NO INJURY / DRIVE AWAY","Y",,"N","OVER $1,500","2024-06-27T09:27:00.000","FAILING TO YIELD RIGHT-OF-WAY","NOT APPLICABLE","6000","W","ALTGELD ST","2512",,,,,,,"2","NO INDICATION OF INJURY","0","0","0","0","0","2","0","9","5","6","41.925763636","-87.775841765","POINT (-87.775841764854 41.925763635626)"
"2e548e181b39f5365e1c86c88d4f24c90b4397c0a091031fc29f71f3b53bb7c3e45927bf795eebd313c3be49d3bce8547e907c6d962510571fd87ac0b358a91a",,"2024-06-27T09:15:00.000","25","NO CONTROLS","NO CONTROLS","CLEAR","DAYLIGHT","PARKED MOTOR VEHICLE","NOT DIVIDED",,"STRAIGHT AND LEVEL","DRY","NO DEFECTS","NOT ON SCENE (DESK REPORT)","NO INJURY / DRIVE AWAY",,,,"$501 - $1,500","2024-06-28T07:05:00.000","UNABLE TO DETERMINE","UNABLE TO DETERMINE","13","E","53RD ST","225",,,,,,,"2","NO INDICATION OF INJURY","0","0","0","0","0","1","0","9","5","6","41.798016015","-87.625163115","POINT (-87.625163114657 41.798016015124)"
"1bb37c18886a63fd2bb16b56ad8c0de86be67ae352b0784689c457dafa2ec6628b8a3b143ec625ba74d88e6768dc2f177f2f9408699a4c48ea68d60be09a97f3",,"2024-06-27T09:02:00.000","30","UNKNOWN","UNKNOWN","CLEAR","DAYLIGHT","HEAD ON","FOUR WAY",,"STRAIGHT AND LEVEL","DRY","UNKNOWN","ON SCENE","INJURY AND / OR TOW DUE TO CRASH",,,,"OVER $1,500","2024-06-27T09:03:00.000","DRIVING ON WRONG SIDE/WRONG WAY","NOT APPLICABLE","6259","S","INDIANA AVE","311",,,,,,,"2","NO INDICATION OF INJURY","0","0","0","0","0","2","0","9","5","6","41.780353233","-87.620280129","POINT (-87.620280129083 41.780353233357)"
"425ff16007b935636384d4edbf50bca6fbc9a95a36e247542de8616ad4cb447ffa2b7098b5ef3680cd75a9e86776eb0fcd63a32d8a1eb37b35850292271f9123",,"2024-06-27T09:00:00.000","40","NO CONTROLS","NO CONTROLS","CLEAR","DAYLIGHT","ANGLE","NOT DIVIDED",,"STRAIGHT AND LEVEL","DRY","NO DEFECTS","NOT ON SCENE (DESK REPORT)","NO INJURY / DRIVE AWAY",,,,"OVER $1,500","2024-06-27T10:00:00.000","FAILING TO YIELD RIGHT-OF-WAY","NOT APPLICABLE","7064","N","SHERIDAN RD","2423",,,,,,,"2","NO INDICATION OF INJURY","0","0","0","0","0","2","0","9","5","6","42.011009534","-87.662838","POINT (-87.662838000224 42.0110095344)"
"6c9c2a2e9cd91df8b1df3cf59b7cf036fa010c9040fe29a0e38c313c11a96124c0bd11838d7824722325665cd709c3dcdbafa748ce056d40e86c36450a828b20",,"2024-06-27T09:00:00.000","30","NO CONTROLS","NO CONTROLS","CLEAR","DAYLIGHT","REAR END","DIVIDED - W/MEDIAN BARRIER",,"STRAIGHT AND LEVEL","DRY","NO DEFECTS","NOT ON SCENE (DESK REPORT)","NO INJURY / DRIVE AWAY",,,,"OVER $1,500","2024-06-27T09:52:00.000","FOLLOWING TOO CLOSELY","UNABLE TO DETERMINE","4720","N","ASHLAND AVE","1912",,,,,,,"2","NO INDICATION OF INJURY","0","0","0","0","0","2","0","9","5","6","41.967707576","-87.669560332","POINT (-87.669560331949 41.967707576368)"
"b0a949e2719357400270ccbe86c1bc353489afb077a57907c7dd9fbc71079d419b8bf82022743edf65bbae246d256432d9386e037b14aa6a667e5f9f2ec5b955",,"2024-06-27T09:00:00.000","30","UNKNOWN","UNKNOWN","CLEAR","DAYLIGHT","REAR END","NOT DIVIDED",,"STRAIGHT AND LEVEL","UNKNOWN","UNKNOWN","NOT ON SCENE (DESK REPORT)","NO INJURY / DRIVE AWAY",,,,"OVER $1,500","2024-06-27T17:50:00.000","UNABLE TO DETERMINE","UNABLE TO DETERMINE","4720","N","ASHLAND AVE","1912",,,,,,,"2","NO INDICATION OF INJURY","0","0","0","0","0","2","0","9","5","6","41.967707576","-87.669560332","POINT (-87.669560331949 41.967707576368)"
"2a896f77328324b1c274987d529d63199ef0ce83c5bd476e58e28509ace1eb5625bf03daba674f720a21cc6e6d1843e5ceb6dede703d3796d8a65a15404e4ada",,"2024-06-27T08:55:00.000","30","TRAFFIC SIGNAL","FUNCTIONING PROPERLY","CLEAR","DAYLIGHT","REAR END","DIVIDED - W/MEDIAN BARRIER",,"STRAIGHT AND LEVEL","DRY","NO DEFECTS","ON SCENE","NO INJURY / DRIVE AWAY","Y",,,"OVER $1,500","2024-06-27T09:40:00.000","UNABLE TO DETERMINE","UNABLE TO DETERMINE","141","S","WACKER DR","122",,,,,,,"2","NO INDICATION OF INJURY","0","0","0","0","0","2","0","8","5","6","41.879646851","-87.636563157","POINT (-87.636563157239 41.879646851072)"
"8a79cd3a481b4f4da77446ea364a310464b952b9a15d01e0f6dfbf7f63be78a82da02f90ee74afd80c7b05112350f58f18b072d23035c83d0c870427bdacb8c4",,"2024-06-27T08:50:00.000","30","NO CONTROLS","NO CONTROLS","CLEAR","DAYLIGHT","SIDESWIPE SAME DIRECTION","NOT DIVIDED",,"STRAIGHT AND LEVEL","DRY","NO DEFECTS","ON SCENE","INJURY AND / OR TOW DUE TO CRASH",,,,"OVER $1,500","2024-06-27T08:52:00.000","FAILING TO YIELD RIGHT-OF-WAY","VISION OBSCURED (SIGNS, TREE LIMBS, BUILDINGS, ETC.)","4580","N","ELSTON AVE","1722",,,,,,,"2","NO INDICATION OF INJURY","0","0","0","0","0","2","0","8","5","6","41.96410301","-87.734524038","POINT (-87.734524038133 41.964103009977)"
"d35094a001c00ae82fe1dfbfdf0e01d179ee67dcf357aee00e3e630337d7213b7f4c357cfde207e4d992cc28308f0174a5793bcee2839e4e8d8c6046bc77aac1",,"2024-06-27T08:49:00.000","30","NO CONTROLS","NO CONTROLS","CLEAR","DAYLIGHT","SIDESWIPE SAME DIRECTION","NOT DIVIDED",,"STRAIGHT AND LEVEL","DRY","NO DEFECTS","NOT ON SCENE (DESK REPORT)","NO INJURY / DRIVE AWAY",,,,"OVER $1,500","2024-06-27T09:30:00.000","IMPROPER OVERTAKING/PASSING","NOT APPLICABLE","3847","W","47TH ST","821",,,,,,,"2","NO INDICATION OF INJURY","0","0","0","0","0","4","0","8","5","6","41.807798847","-87.720546079","POINT (-87.720546078674 41.807798847322)"
"448092e72002318f380d79e991c37996db7d3882487e1252eb957be530d0faabec08acdfbcf7a1bff4629dda6784dc102ef441c1416825ec0f28f9bb53ca4a17",,"2024-06-27T08:45:00.000","30","NO CONTROLS","NO CONTROLS","CLEAR","DAYLIGHT","SIDESWIPE OPPOSITE DIRECTION","OTHER",,"STRAIGHT AND LEVEL","DRY","NO DEFECTS","ON SCENE","INJURY AND / OR TOW DUE TO CRASH",,,,"OVER $1,500","2024-06-27T08:50:00.000","NOT APPLICABLE","OPERATING VEHICLE IN ERRATIC, RECKLESS, CARELESS, NEGLIGENT OR AGGRESSIVE MANNER","2328","W","LUNT AVE","2411",,,,,,,"2","NONINCAPACITATING INJURY","1","0","0","1","0","2","0","8","5","6","42.008749416","-87.689248848","POINT (-87.689248848078 42.008749415782)"
"eff43ef9e96bc5fc2567421920e40fe789d2343cb6f8af307661266874437765dd5677a9363bac18eeab3aba5b0188bb3d0336e8c40b35c014ba11af3fde3f7d",,"2024-06-27T08:45:00.000","35","TRAFFIC SIGNAL","FUNCTIONING PROPERLY","CLEAR","DAYLIGHT","TURNING","NOT DIVIDED",,"STRAIGHT AND LEVEL","DRY","NO DEFECTS","ON SCENE","INJURY AND / OR TOW DUE TO CRASH",,,,"OVER $1,500","2024-06-27T08:53:00.000","FAILING TO YIELD RIGHT-OF-WAY","FAILING TO YIELD RIGHT-OF-WAY","2241","S","ASHLAND AVE","1235",,,,,,,"2","NONINCAPACITATING INJURY","1","0","0","1","0","1","0","8","5","6","41.851035235","-87.665874662","POINT (-87.665874662212 41.851035235144)"
"a3bb478150dad925c0e1a681313484089e8bf53ae64e2135c0aae0adf6725a409e6fef0d12ca4c27d0ea6b273e3f033d31e4fb84bb8fc0a2d5a641e7d3a3cb0d",,"2024-06-27T08:40:00.000","25","TRAFFIC SIGNAL","FUNCTIONING PROPERLY","CLEAR","DAWN","TURNING","FOUR WAY",,"STRAIGHT AND LEVEL","DRY","NO DEFECTS","ON SCENE","INJURY AND / OR TOW DUE TO CRASH","Y",,,"OVER $1,500","2024-06-27T08:48:00.000","UNABLE TO DETERMINE","NOT APPLICABLE","5511","N","HARLEM AVE","1613",,,,,,,"2","REPORTED, NOT EVIDENT","2","0","0","0","2","4","0","8","5","6","41.981451461","-87.806793349","POINT (-87.806793349091 41.981451461205)"
"2103cbc2a5c064c18ff0fa51a8a4652f47f6e20d138497399bdb287f9d366c5559ecf55ee4855e37d8d348b2814dbd415437de76a62ced8b443d80b8616bc191",,"2024-06-27T08:30:00.000","15","NO CONTROLS","NO CONTROLS","CLEAR","DAYLIGHT","SIDESWIPE OPPOSITE DIRECTION","PARKING LOT",,"STRAIGHT AND LEVEL","DRY","NO DEFECTS","NOT ON SCENE (DESK REPORT)","NO INJURY / DRIVE AWAY",,,"Y","$501 - $1,500","2024-06-27T09:15:00.000","DRIVING SKILLS/KNOWLEDGE/EXPERIENCE","UNABLE TO DETERMINE","4302","S","ASHLAND AVE","924",,,,,,,"2","NO INDICATION OF INJURY","0","0","0","0","0","2","0","8","5","6","41.815722227","-87.66529164","POINT (-87.665291640366 41.81572222702)"
"439a5ffb7750b2e0678615cd2689d8c0b5a0646af6531391b85a1ba27bc837afa8bb041645b3807ceb0abf827355864a94154cd3527d61cf49fea93177807259",,"2024-06-27T08:20:00.000","30","YIELD","FUNCTIONING PROPERLY","CLEAR","DAYLIGHT","TURNING","NOT DIVIDED",,"STRAIGHT AND LEVEL","DRY","NO DEFECTS","NOT ON SCENE (DESK REPORT)","NO INJURY / DRIVE AWAY","Y",,,"$501 - $1,500","2024-06-27T08:55:00.000","IMPROPER TURNING/NO SIGNAL","IMPROPER TURNING/NO SIGNAL","2129","N","WESTERN AVE","1432",,,,,,,"2","NO INDICATION OF INJURY","0","0","0","0","0","2","0","8","5","6","41.920718676","-87.687365521","POINT (-87.687365520576 41.920718675604)"
"c38a12b4ba1d03e1fe096034d9b9f90a82925ed92173da6a34183ce7e5f8c272e847fc8caffb9e1996524cad4595f4a02402a2c03224668eaae9a7d003505278",,"2024-06-27T08:18:00.000","30","TRAFFIC SIGNAL","FUNCTIONING PROPERLY","CLEAR","DAYLIGHT","SIDESWIPE SAME DIRECTION","FOUR WAY",,"STRAIGHT AND LEVEL","DRY","UNKNOWN","ON SCENE","NO INJURY / DRIVE AWAY","Y",,,"OVER $1,500","2024-06-27T08:28:00.000","UNABLE TO DETERMINE","UNABLE TO DETERMINE","2","N","CLINTON ST","121",,,,,,,"2","NO INDICATION OF INJURY","0","0","0","0","0","2","0","8","5","6","41.881924027","-87.641341777","POINT (-87.641341777299 41.881924026548)"
"9c045b2a2208d9586de0565d7b36896937b1925f9cca2de123c211547924e3778fe5fe3b5b4d3b7126737218d7d7472540832d1c319a0ba49d4cf996e9c432f1",,"2024-06-27T08:15:00.000","30","NO CONTROLS","NO CONTROLS","UNKNOWN","DAYLIGHT","TURNING","NOT DIVIDED",,"STRAIGHT AND LEVEL","UNKNOWN","UNKNOWN","NOT ON SCENE (DESK REPORT)","NO INJURY / DRIVE AWAY",,,,"OVER $1,500","2024-06-28T12:30:00.000","FAILING TO YIELD RIGHT-OF-WAY","UNABLE TO DETERMINE","5033","N","ELSTON AVE","1712",,,,,,,"2","NO INDICATION OF INJURY","0","0","0","0","0","2","0","8","5","6","41.972349283","-87.746825086","POINT (-87.746825085785 41.97234928256)"
"6df1743a548afc6fc411b99b219440e16e4896746cb2309a2832070edce8e7f11a4592011365fc47c80307d3c8fa551625c6e0fad2297825a3d4d83b35a8dc55",,"2024-06-27T08:14:00.000","35","TRAFFIC SIGNAL","FUNCTIONING PROPERLY","CLEAR","DAYLIGHT","REAR END","DIVIDED - W/MEDIAN BARRIER",,"STRAIGHT AND LEVEL","DRY","NO DEFECTS","NOT ON SCENE (DESK REPORT)","NO INJURY / DRIVE AWAY","Y",,,"OVER $1,500","2024-06-27T09:53:00.000","FOLLOWING TOO CLOSELY","DRIVING SKILLS/KNOWLEDGE/EXPERIENCE","240","E","WACKER DR","114",,,,,,,"2","NO INDICATION OF INJURY","0","0","0","0","0","2","0","8","5","6","41.888113206","-87.620917317","POINT (-87.620917316869 41.888113205954)"
"6ef2dd8f77b52193b6fe014673eae660f4ce57c6d9ea8bc438fb80f06c6b87ff3c9a6afb742a28e1657f01a31e9b1c61f36a9e83033c55ba459e03d4f7dee877",,"2024-06-27T08:10:00.000","30","TRAFFIC SIGNAL","FUNCTIONING PROPERLY","CLEAR","DAYLIGHT","PEDESTRIAN","DIVIDED - W/MEDIAN BARRIER",,"STRAIGHT AND LEVEL","DRY","NO DEFECTS","ON SCENE","INJURY AND / OR TOW DUE TO CRASH",,,,"$500 OR LESS","2024-06-27T08:15:00.000","TURNING RIGHT ON RED","FAILING TO YIELD RIGHT-OF-WAY","474","N","LAKE SHORE DR","1834",,,,,,,"2","NONINCAPACITATING INJURY","1","0","0","1","0","1","0","8","5","6","41.890629432","-87.614330305","POINT (-87.614330305106 41.890629431539)"
"8af5b963a6cd080a71ff9894c168d0208165e84e5c259c5df4cfd90350f817199645c2315915751016dbc3f9e7be8865552c918c97b1e346a013dcd7e29764e6",,"2024-06-27T08:07:00.000","30","TRAFFIC SIGNAL","FUNCTIONING PROPERLY","CLEAR","DAYLIGHT","SIDESWIPE SAME DIRECTION","NOT DIVIDED",,"STRAIGHT AND LEVEL","DRY","NO DEFECTS","NOT ON SCENE (DESK REPORT)","NO INJURY / DRIVE AWAY","Y",,"Y","OVER $1,500","2024-06-27T13:40:00.000","NOT APPLICABLE","NOT APPLICABLE","5900","S","WOODLAWN AVE","235",,,,,,,"2","NO INDICATION OF INJURY","0","0","0","0","0","2","0","8","5","6","41.787773705","-87.596518197","POINT (-87.59651819713 41.787773704575)"
"b792a69c39e0daa729a6252cfe1ddc3594fa8ac6313959943f02a96b59fd1d795ddcd082b1a2a282eefa37cb5224204532567d6206a34c5634d60f0b246efbda",,"2024-06-27T08:00:00.000","30","TRAFFIC SIGNAL","FUNCTIONING PROPERLY","CLEAR","DAYLIGHT","REAR END","DIVIDED - W/MEDIAN (NOT RAISED)",,"STRAIGHT AND LEVEL","DRY","UNKNOWN","ON SCENE","NO INJURY / DRIVE AWAY",,,"N","OVER $1,500","2024-06-27T08:33:00.000","DISREGARDING TRAFFIC SIGNALS","NOT APPLICABLE","5000","W","JACKSON BLVD","1533",,,,,,,"2","NO INDICATION OF INJURY","0","0","0","0","0","2","0","8","5","6","41.876838806","-87.749491086","POINT (-87.749491086143 41.876838805613)"
"b06554ef84183b8785d07147c0d335836d8d2cf239f7a58195e4fcfdc350c2076f998966f8879da15db1737a81d93694364ebc6b8a4350afdca7dc73e31a35d4",,"2024-06-27T07:57:00.000","25","NO CONTROLS","NO CONTROLS","CLEAR","DAYLIGHT","OTHER OBJECT","T-INTERSECTION",,"STRAIGHT AND LEVEL","DRY","NO DEFECTS","ON SCENE","INJURY AND / OR TOW DUE TO CRASH","Y",,"Y","$500 OR LESS","2024-06-27T07:57:00.000","FAILING TO REDUCE SPEED TO AVOID CRASH","NOT APPLICABLE","5028","S","FORRESTVILLE AVE","223",,,,,,,"2","INCAPACITATING INJURY","1","0","1","0","0","1","0","7","5","6","41.803116266","-87.612672722","POINT (-87.612672721929 41.803116266197)"
"f39632b8fbc33cda0e858558487b3cdc8e8ebad7ce7d091752eb0ca56421dd2d7188442166cb487a7792062e99e5ce20605e88a72268cc1d1336bb2b8124893b",,"2024-06-27T07:55:00.000","25","UNKNOWN","UNKNOWN","CLEAR","DAYLIGHT","ANGLE","ONE-WAY",,"STRAIGHT AND LEVEL","DRY","NO DEFECTS","NOT ON SCENE (DESK REPORT)","NO INJURY / DRIVE AWAY",,,,"OVER $1,500","2024-06-27T08:40:00.000","UNABLE TO DETERMINE","UNABLE TO DETERMINE","2720","N","SPAULDING AVE","1412",,,,,,,"2","NO INDICATION OF INJURY","0","0","0","0","0","2","0","7","5","6","41.930824626","-87.71091184","POINT (-87.710911840425 41.93082462648)"
"c7c645dc2e3e9f3d43257f4456e708aa19569ce3ca22492f7448c982011a3823bb2c204115a1b6216fc52db6061006c0e08e100aceeeb43372c117694ed3de92",,"2024-06-27T07:53:00.000","30","STOP SIGN/FLASHER","FUNCTIONING PROPERLY","CLEAR","DAYLIGHT","SIDESWIPE SAME DIRECTION","DIVIDED - W/MEDIAN (NOT RAISED)",,"STRAIGHT AND LEVEL","DRY","NO DEFECTS","ON SCENE","NO INJURY / DRIVE AWAY",,,"Y","OVER $1,500","2024-06-27T07:54:00.000","IMPROPER OVERTAKING/PASSING","NOT APPLICABLE","3535","W","CERMAK RD","1024",,,,,,,"2","NO INDICATION OF INJURY","0","0","0","0","0","3","0","7","5","6","41.851565678","-87.713835343","POINT (-87.713835342662 41.851565678407)"
"3d245f0e11501f3beb34ba0550c54d1689a064a7224cbfecbfef5f28286fe4ae64edb32f09050d991e75c141740942f910f6e8b63b8018024681550c0d0b512d",,"2024-06-27T07:50:00.000","30","NO CONTROLS","NO CONTROLS","CLEAR","DUSK","PEDESTRIAN","NOT DIVIDED",,"STRAIGHT AND LEVEL","DRY","NO DEFECTS","NOT ON SCENE (DESK REPORT)","INJURY AND / OR TOW DUE TO CRASH","Y",,,"$500 OR LESS","2024-06-27T11:35:00.000","DRIVING SKILLS/KNOWLEDGE/EXPERIENCE","UNABLE TO DETERMINE","6600","S","KEDZIE AVE","831",,,,,,,"2","REPORTED, NOT EVIDENT","1","0","0","0","1","1","0","7","5","6","41.773453388","-87.703156835","POINT (-87.703156834596 41.77345338842)"
"ab40c2d339db9add61652b53246834710fa518492c2b810d5403bdad5f8bac9df496798f9bf79a533c3d894d94d75bdde715c69d4b1b4f0b0c5fa8d9ec9ee915",,"2024-06-27T07:50:00.000","30","TRAFFIC SIGNAL","UNKNOWN","CLEAR","DAYLIGHT","PEDALCYCLIST","NOT DIVIDED",,"STRAIGHT AND LEVEL","DRY","UNKNOWN","NOT ON SCENE (DESK REPORT)","NO INJURY / DRIVE AWAY",,,,"$501 - $1,500","2024-06-27T11:50:00.000","UNABLE TO DETERMINE","NOT APPLICABLE","6647","S","WESTERN AVE","832",,,,,,,"2","NO INDICATION OF INJURY","0","0","0","0","0","2","0","7","5","6","41.772406483","-87.683309532","POINT (-87.683309531677 41.772406482508)"
"75d7a359e3119ac2cee3096550de8795eb2e7adeec581d5872054d3b76442f43482506b817e0a87659db5d3abc763ae085dbb06b7e73fa439a00724cf870bd3e",,"2024-06-27T07:45:00.000","30","NO CONTROLS","NO CONTROLS","CLEAR","DAYLIGHT","PARKED MOTOR VEHICLE","DIVIDED - W/MEDIAN (NOT RAISED)",,"STRAIGHT AND LEVEL","DRY","NO DEFECTS","NOT ON SCENE (DESK REPORT)","NO INJURY / DRIVE AWAY",,,,"$501 - $1,500","2024-06-27T08:30:00.000","UNABLE TO DETERMINE","UNABLE TO DETERMINE","3250","N","KEDZIE AVE","1733",,,,,,,"2","NO INDICATION OF INJURY","0","0","0","0","0","1","0","7","5","6","41.940730825","-87.707809945","POINT (-87.707809945294 41.940730824539)"
"554e12d78dcbda2640b0da3f8d5021d091c54c773c2a8c80206dca8d0f1e5ff25059ea4728299f613416334850238f0b8a03cef42b3a350a5ea648be73661bb1",,"2024-06-27T07:40:00.000","25","TRAFFIC SIGNAL","FUNCTIONING PROPERLY","CLEAR","DAYLIGHT","TURNING","FOUR WAY",,"STRAIGHT AND LEVEL","DRY","NO DEFECTS","NOT ON SCENE (DESK REPORT)","NO INJURY / DRIVE AWAY","Y",,,"OVER $1,500","2024-06-27T08:21:00.000","FAILING TO YIELD RIGHT-OF-WAY","FAILING TO REDUCE SPEED TO AVOID CRASH","10600","S","TORRENCE AVE","434",,,,,,,"2","NO INDICATION OF INJURY","0","0","0","0","0","2","0","7","5","6","41.702685827","-87.559747707","POINT (-87.559747707177 41.702685826641)"
"01008987d834eb19c58632065fd5c06394fec1c571c599818b8b1dc7d7ed312af850772615989e3579ffed02afef7cfb7d5743f24db7b3683d1120e38733aefc",,"2024-06-27T07:30:00.000","25","NO CONTROLS","UNKNOWN","CLEAR","DAYLIGHT","SIDESWIPE SAME DIRECTION","ONE-WAY",,"STRAIGHT AND LEVEL","UNKNOWN","UNKNOWN",,"NO INJURY / DRIVE AWAY",,,,"OVER $1,500","2024-06-28T14:00:00.000","UNABLE TO DETERMINE","UNABLE TO DETERMINE","2014","N","LAVERGNE AVE","2522",,,,,,,"2","NO INDICATION OF INJURY","0","0","0","0","0","2","0","7","5","6","41.917357318","-87.75109581","POINT (-87.751095810239 41.917357317857)"