"crash_record_id","crash_date_est_i","crash_date","posted_speed_limit","traffic_control_device","device_condition","weather_condition","lighting_condition","first_crash_type","trafficway_type","lane_cnt","alignment","roadway_surface_cond","road_defect","report_type","crash_type","intersection_related_i","private_property_i","hit_and_run_i","damage","date_police_notified","prim_contributory_cause","sec_contributory_cause","street_no","street_direction","street_name","beat_of_occurrence","photos_taken_i","statements_taken_i","dooring_i","work_zone_i","work_zone_type","workers_present_i","num_units","most_severe_injury","injuries_total","injuries_fatal","injuries_incapacitating","injuries_non_incapacitating","injuries_reported_not_evident","injuries_no_indication","injuries_unknown","crash_hour","crash_day_of_week","crash_month","latitude","longitude","location"
"4c1a8d7112186a4143eff1b4db0ded27243eff05a241920e487b28caf0e965b32d395af99e5f5875dab453e988c73d87bff33cba5c468cf4941bd68193f43982",,"2024-06-27T07:25:00.000","30","STOP SIGN/FLASHER","FUNCTIONING PROPERLY","CLEAR","DAYLIGHT","PEDALCYCLIST","FOUR WAY",,"STRAIGHT AND LEVEL","DRY","NO DEFECTS","ON SCENE","INJURY AND / OR TOW DUE TO CRASH","Y",,"Y","$500 OR LESS","2024-06-27T07:27:00.000","UNABLE TO DETERMINE","UNABLE TO DETERMINE","5106","S","ARCHER AVE","815",,,,,,,"2","REPORTED, NOT EVIDENT","1","0","0","0","1","1","0","7","5","6","41.800869495","-87.729510815","POINT (-87.729510815359 41.800869494844)"
"4fdce15a45a4dfa5968de5fd68baaeb4e17492857e5a59201f2138a12377e35b7ea66a24d1288089b7a651ffba7f812eb22f42e2853e7de43f7d9a88e5637132",,"2024-06-27T07:10:00.000","30","NO CONTROLS","NO CONTROLS","CLEAR","DAYLIGHT","SIDESWIPE SAME DIRECTION","NOT DIVIDED",,"STRAIGHT AND LEVEL","DRY","NO DEFECTS","NOT ON SCENE (DESK REPORT)","NO INJURY / DRIVE AWAY",,,,"$501 - $1,500","2024-06-27T07:10:00.000","FAILING TO YIELD RIGHT-OF-WAY","NOT APPLICABLE","3799","W","GRAND AVE","2535",,,,,,,"2","NO INDICATION OF INJURY","0","0","0","0","0","2","0","7","5","6","41.904074545","-87.721465161","POINT (-87.721465160529 41.904074545341)"
"a9d9c4ea28babcf188eb1ee2618663d6cf560c848673743b0027fe417c12990048c0be19f180b8a23541a31697e14990290da18375902d048d8384f01555c3f4",,"2024-06-27T07:10:00.000","35","TRAFFIC SIGNAL","FUNCTIONING IMPROPERLY","CLEAR","DAYLIGHT","ANGLE","FOUR WAY",,"STRAIGHT AND LEVEL","DRY","NO DEFECTS","ON SCENE","INJURY AND / OR TOW DUE TO CRASH","Y",,,"OVER $1,500","2024-06-27T07:20:00.000","DISREGARDING TRAFFIC SIGNALS","VISION OBSCURED (SIGNS, TREE LIMBS, BUILDINGS, ETC.)","200","W","33RD ST","915",,,,,,,"2","NO INDICATION OF INJURY","0","0","0","0","0","2","0","7","5","6","41.834705588","-87.631663245","POINT (-87.631663245096 41.834705588133)"
"67206e69deff2da3c4db46758c586ccbf99602fc862c83874be21997cdf491bdfd4787f8f9f63de0119aa996dac03ce7587f9a773b2e02e2909e5c3c5eab40db","Y","2024-06-27T07:00:00.000","30","NO CONTROLS","NO CONTROLS","CLEAR","DAYLIGHT","PARKED MOTOR VEHICLE","NOT DIVIDED",,"STRAIGHT AND LEVEL","DRY","NO DEFECTS","ON SCENE","INJURY AND / OR TOW DUE TO CRASH",,,"Y","OVER $1,500","2024-06-27T07:52:00.000","UNABLE TO DETERMINE","UNABLE TO DETERMINE","4544","N","WESTERN AVE","1911",,,,,,,"2","NO INDICATION OF INJURY","0","0","0","0","0","1","0","7","5","6","41.964490485","-87.688924554","POINT (-87.688924553654 41.964490484935)"
"df35b758cd7f63b25931e3131229f2f0aefe0539e44f69991aa877bfe3796a5a6132d870bc4845f042f378196514f405bfd56d4f104ec1808f65bd81cf891033",,"2024-06-27T06:50:00.000","30","NO CONTROLS","NO CONTROLS","CLEAR","DAYLIGHT","SIDESWIPE SAME DIRECTION","NOT DIVIDED",,"STRAIGHT AND LEVEL","DRY","NO DEFECTS","ON SCENE","NO INJURY / DRIVE AWAY",,,"Y","OVER $1,500","2024-06-27T06:58:00.000","UNABLE TO DETERMINE","NOT APPLICABLE","1447","S","ASHLAND AVE","1233",,,,,,,"2","NO INDICATION OF INJURY","0","0","0","0","0","2","0","6","5","6","41.861876676","-87.666108743","POINT (-87.666108743372 41.861876675869)"
"9498a2bf32dc421723b5e7aec1b063f660094a26dc1b79c01f5bfdf965b3f850977c9071798a62cb1fda1471ee5a37b42a73b34f87f2e29e206c251521567443",,"2024-06-27T06:31:00.000","30","TRAFFIC SIGNAL","FUNCTIONING PROPERLY","CLEAR","DAYLIGHT","TURNING","ONE-WAY",,"STRAIGHT AND LEVEL","DRY","NO DEFECTS","ON SCENE","NO INJURY / DRIVE AWAY","Y",,"Y","OVER $1,500","2024-06-27T07:04:00.000","UNABLE TO DETERMINE","IMPROPER LANE USAGE","6299","S","WENTWORTH AVE","311",,,,,,,"2","NO INDICATION OF INJURY","0","0","0","0","0","3","0","6","5","6","41.780024741","-87.630004167","POINT (-87.630004167146 41.780024741388)"
"cf8a6c7264984d35c7979574b28f7ef3f91397ca3c63bd4fea66c71463b8f48ce9e7895332e385ccf534eda2f0b4cf15b46cde85b19442828cd96325647f63c4",,"2024-06-27T06:25:00.000","30","NO CONTROLS","NO CONTROLS","CLEAR","DAYLIGHT","SIDESWIPE SAME DIRECTION","DIVIDED - W/MEDIAN (NOT RAISED)",,"STRAIGHT AND LEVEL","UNKNOWN","UNKNOWN","NOT ON SCENE (DESK REPORT)","NO INJURY / DRIVE AWAY",,"N",,"OVER $1,500","2024-06-27T16:47:00.000","DRIVING SKILLS/KNOWLEDGE/EXPERIENCE","FAILING TO REDUCE SPEED TO AVOID CRASH","5662","N","RIDGE AVE","2013",,,,,,,"2","NO INDICATION OF INJURY","0","0","0","0","0","2","0","6","5","6","41.984805409","-87.662229761","POINT (-87.662229761059 41.984805408542)"
"eff39646bd96ac7993fd182d3ae94a08495a30cf078b1fd548c4eb9ff9c1628478f897213bfd90949c31f4594b068a931a83b0e2d6d7a54cde47868765090692",,"2024-06-27T06:20:00.000","0","NO CONTROLS","NO CONTROLS","CLEAR","DAYLIGHT","FIXED OBJECT","PARKING LOT",,"STRAIGHT AND LEVEL","DRY","UNKNOWN","ON SCENE","NO INJURY / DRIVE AWAY",,"Y",,"$500 OR LESS","2024-06-27T13:34:00.000","NOT APPLICABLE","NOT APPLICABLE","1817","S","PULASKI RD","1014",,,,,,,"1","NO INDICATION OF INJURY","0","0","0","0","0","1","0","6","5","6","41.856503382","-87.724747216","POINT (-87.724747215623 41.856503382462)"
"00a4aade1eec360fb1eeceac4f8f224cac3fc2186c14dc52b351f5fc54087528789dbf27aacfec0462788eb54371da71ef1d83ccd05d8ccc072fe139ab77e665","Y","2024-06-27T06:00:00.000","25","NO CONTROLS","NO CONTROLS","UNKNOWN","UNKNOWN","PARKED MOTOR VEHICLE","NOT DIVIDED",,"STRAIGHT AND LEVEL","UNKNOWN","UNKNOWN","ON SCENE","NO INJURY / DRIVE AWAY",,,"Y","OVER $1,500","2024-06-27T15:55:00.000","UNABLE TO DETERMINE","UNABLE TO DETERMINE","5307","S","FRANCISCO AVE","923",,,,,,,"2","NO INDICATION OF INJURY","0","0","0","0","0","1","0","6","5","6","41.797036245","-87.696187006","POINT (-87.696187006221 41.797036245354)"
"529393167f455a72675c1764a7d16edc7700f990a867434ab99a05dfad61b6f0772d858685d8f5f770f86e9db47f5cab2bbc355908ba13d84db7735ae60b7ffd",,"2024-06-27T06:00:00.000","30","NO CONTROLS","NO CONTROLS","CLEAR","DAYLIGHT","REAR END","NOT DIVIDED",,"STRAIGHT AND LEVEL","DRY","NO DEFECTS","NOT ON SCENE (DESK REPORT)","NO INJURY / DRIVE AWAY",,,,"$501 - $1,500","2024-06-27T07:10:00.000","FOLLOWING TOO CLOSELY","UNABLE TO DETERMINE","7632","W","TOUHY AVE","1611",,,,,,,"2","NO INDICATION OF INJURY","0","0","0","0","0","2","0","6","5","6","42.011539031","-87.817633862","POINT (-87.817633862197 42.011539030879)"
"eecddc9895cdeeafcbb11fe10494f4538208838cf152785aef7e3a515356bb3d716b3fd33b2b0f84aeee25e0c3222f8fc7ab29212c156b1fc81e85e94cac281b",,"2024-06-27T05:15:00.000","30","NO CONTROLS","NO CONTROLS","CLEAR","DARKNESS, LIGHTED ROAD","PARKED MOTOR VEHICLE","NOT DIVIDED",,"STRAIGHT AND LEVEL","DRY","NO DEFECTS","ON SCENE","INJURY AND / OR TOW DUE TO CRASH",,,,"OVER $1,500","2024-06-27T05:20:00.000","UNABLE TO DETERMINE","UNABLE TO DETERMINE","2647","S","KOSTNER AVE","1031",,,,,,,"4","NO INDICATION OF INJURY","0","0","0","0","0","1","0","5","5","6","41.842721683","-87.734092922","POINT (-87.734092921675 41.842721683179)"
"0b35fd63751d58a48bce1a1b1841546faa48c06333c6fefb534ba2b9124e432c5b159f8eb1bd01354ad0a72114e64b65f0391b1644b3296bb95f8581e0dd14c8",,"2024-06-27T04:00:00.000","30","UNKNOWN","UNKNOWN","CLEAR","DAWN","ANGLE","FIVE POINT, OR MORE",,"STRAIGHT AND LEVEL","DRY","UNKNOWN","NOT ON SCENE (DESK REPORT)","NO INJURY / DRIVE AWAY",,,,"OVER $1,500","2024-06-27T04:34:00.000","UNABLE TO DETERMINE","UNABLE TO DETERMINE","7440","S","SOUTH CHICAGO AVE","323",,,,,,,"2","NO INDICATION OF INJURY","0","0","0","0","0","3","0","4","5","6","41.759536355","-87.596967671","POINT (-87.596967671135 41.759536355449)"
"01b020ec611d54fb26e50660ebb447223128bb4f7abd37ba46915a067c726e8ec64718bb8e62d8e38acde9e9ef4b05810174a7511c375066633c4b926992ce80",,"2024-06-27T03:48:00.000","25","TRAFFIC SIGNAL","FUNCTIONING PROPERLY","CLEAR","DAWN","REAR END","FOUR WAY",,"STRAIGHT AND LEVEL","DRY","NO DEFECTS","NOT ON SCENE (DESK REPORT)","NO INJURY / DRIVE AWAY",,,"Y","$501 - $1,500","2024-06-27T04:48:00.000","FAILING TO REDUCE SPEED TO AVOID CRASH","FOLLOWING TOO CLOSELY","9201","S","JEFFERY AVE","413",,,,,,,"2","NO INDICATION OF INJURY","0","0","0","0","0","2","0","3","5","6","41.727850236","-87.575342715","POINT (-87.575342715255 41.727850235742)"
"91918c85a60c4586a10f8c0f6ffdef49482d888a299bad192bbdcb7568b70a60024ad7b770a446aaa8a367e7a7aea58da7d7efe87b7976e3aa4ab48b2ffcba86",,"2024-06-27T03:36:00.000","30","NO CONTROLS","NO CONTROLS","CLEAR","DARKNESS, LIGHTED ROAD","ANGLE","NOT DIVIDED",,"STRAIGHT AND LEVEL","DRY","NO DEFECTS","NOT ON SCENE (DESK REPORT)","INJURY AND / OR TOW DUE TO CRASH",,,"Y","OVER $1,500","2024-06-28T18:57:00.000","NOT APPLICABLE","NOT APPLICABLE","6000","S","NORMAL BLVD","711",,,,,,,"2","NONINCAPACITATING INJURY","2","0","0","2","0","1","0","3","5","6","41.785224459","-87.637761165","POINT (-87.637761165072 41.785224459158)"
"bcee992e35c473a21ed8dac656ca3792a634f3067aba890bd451d1acf25020d6e7106373c533ce5fbb5f217e09997afdad0e4cdd85decadb0213bc6b8886a1bf","Y","2024-06-27T03:31:00.000","30","NO CONTROLS","NO CONTROLS","CLEAR","DARKNESS, LIGHTED ROAD","PARKED MOTOR VEHICLE","ONE-WAY",,"STRAIGHT AND LEVEL","DRY","UNKNOWN","ON SCENE","NO INJURY / DRIVE AWAY",,,"Y","OVER $1,500","2024-06-27T03:32:00.000","UNABLE TO DETERMINE","UNABLE TO DETERMINE","1649","E","86TH ST","412",,,,,,,"2","NO INDICATION OF INJURY","0","0","0","0","0","1","0","3","5","6","41.738657241","-87.583291366","POINT (-87.583291366313 41.738657241037)"
"c544d916bc18f7642d70edf0ad33f4746682f94551a7df55245ac40623b1e1c761cf47973e624f8c187a1d5f3a8bf3ff54c1cbf251872f054cd34288ad6d4482",,"2024-06-27T03:30:00.000","30","NO CONTROLS","NO CONTROLS","CLEAR","DAYLIGHT","PEDESTRIAN","ALLEY",,"STRAIGHT AND LEVEL","DRY","NO DEFECTS","ON SCENE","INJURY AND / OR TOW DUE TO CRASH",,,"Y","$501 - $1,500","2024-06-27T03:40:00.000","UNABLE TO DETERMINE","FAILING TO YIELD RIGHT-OF-WAY","7547","N","BELL AVE","2411",,,,,,,"2","REPORTED, NOT EVIDENT","1","0","0","0","1","1","0","3","5","6","42.018848279","-87.686370369","POINT (-87.686370368865 42.018848278715)"
"89e2fc401d1a9e1f42040c5c88e90028ea030a3e376566deb276ca61576a6332a1c5c792b5a70b8b1c2692b4bbf9f6bc977967e24027ed8d9a070c6d50a3dccf",,"2024-06-27T02:45:00.000","15","NO CONTROLS","NO CONTROLS","CLEAR","DARKNESS, LIGHTED ROAD","REAR TO SIDE","OTHER",,"STRAIGHT AND LEVEL","DRY","NO DEFECTS","ON SCENE","NO INJURY / DRIVE AWAY",,,,"OVER $1,500","2024-06-27T03:37:00.000","IMPROPER BACKING","UNABLE TO DETERMINE","6210","S","LARAMIE AVE","813",,,,,,,"2","NO INDICATION OF INJURY","0","0","0","0","0","2","0","2","5","6","41.780089577","-87.752214995","POINT (-87.752214994976 41.780089576528)"
"6a92e789e36ccfe8112ef3b31db1f7ab5c3224203026f8f2c3d483fc8e25bd3652970625c1e4bd76337ae519eb7648c7e19688121e329bde8a55da6f6ba90cec",,"2024-06-27T02:30:00.000","30","NO CONTROLS","NO CONTROLS","CLEAR","DARKNESS, LIGHTED ROAD","FIXED OBJECT","NOT DIVIDED",,"STRAIGHT AND LEVEL","DRY","UNKNOWN","ON SCENE","INJURY AND / OR TOW DUE TO CRASH",,,,"OVER $1,500","2024-06-27T02:45:00.000","UNABLE TO DETERMINE","UNABLE TO DETERMINE","7250","S","ASHLAND AVE","735",,,,,,,"1","NO INDICATION OF INJURY","0","0","0","0","0","1","0","2","5","6","41.761548248","-87.663844688","POINT (-87.66384468823 41.761548248217)"
"f721057fd0e0714dccea46700c30f2abf475d89dfbdda90c0aaf62906ccbec0660b524dea5062f7c2fb435b1c0942d221642125adf1c3686543207256dc2828c",,"2024-06-27T02:12:00.000","30","NO CONTROLS","NO CONTROLS","CLEAR","DARKNESS, LIGHTED ROAD","OTHER OBJECT","NOT DIVIDED",,"STRAIGHT AND LEVEL","DRY","NO DEFECTS","ON SCENE","INJURY AND / OR TOW DUE TO CRASH","Y",,,"OVER $1,500","2024-06-27T02:14:00.000","PHYSICAL CONDITION OF DRIVER","PHYSICAL CONDITION OF DRIVER","2625","S","CALIFORNIA BLVD","1034",,,,,,,"1","NO INDICATION OF INJURY","0","0","0","0","0","4","0","2","5","6","41.843955257","-87.694495706","POINT (-87.694495706021 41.843955256958)"
"5e3a28d710214bb76b4305a47b26b6dfc556e2c5acc983fb6421478c7065afc8d8b6c77c3f795e7957a688be2322e75e5c4ad669f656ab1c981f8b8bded5a008",,"2024-06-27T01:53:00.000","15","NO CONTROLS","NO CONTROLS","CLEAR","DARKNESS, LIGHTED ROAD","PARKED MOTOR VEHICLE","ALLEY",,"STRAIGHT AND LEVEL","UNKNOWN","UNKNOWN","ON SCENE","NO INJURY / DRIVE AWAY",,"Y","Y","OVER $1,500","2024-06-27T03:38:00.000","UNABLE TO DETERMINE","UNABLE TO DETERMINE","4320","W","DICKENS AVE","2522",,,,,,,"2","NO INDICATION OF INJURY","0","0","0","0","0","1","0","1","5","6","41.919006449","-87.734827214","POINT (-87.734827213518 41.919006449285)"
"fa6fc032372f5f6691b76f5278a6cb62c0eaa0bea772161a10124cdc95298c344881480adc56b3b69f6dd26d669556bcbf47125c42cf5ca5ce8593c4ad40e459",,"2024-06-27T01:25:00.000","30","NO CONTROLS","NO CONTROLS","CLEAR","DARKNESS","ANGLE","NOT DIVIDED",,"STRAIGHT AND LEVEL","DRY","NO DEFECTS",,"NO INJURY / DRIVE AWAY",,,,"OVER $1,500","2024-06-27T01:51:00.000","IMPROPER TURNING/NO SIGNAL","UNABLE TO DETERMINE","500","W","103RD ST","2232",,,,,,,"2","NO INDICATION OF INJURY","0","0","0","0","0","5","0","1","5","6","41.707120006","-87.635619325","POINT (-87.635619325225 41.707120006352)"
"b3624d161f5ec0171e98910470bed56756b6a5cca571605d3d82bf1717bf78b476d12a2ab8c58e7cfb66d901d4b8d2621605cdfde0804dd9c4748cbbb4001674",,"2024-06-27T01:00:00.000","30","STOP SIGN/FLASHER","NO CONTROLS","CLEAR","DARKNESS, LIGHTED ROAD","ANGLE","FOUR WAY",,"STRAIGHT AND LEVEL","DRY","NO DEFECTS","ON SCENE","INJURY AND / OR TOW DUE TO CRASH","Y",,,"OVER $1,500","2024-06-27T01:02:00.000","DISREGARDING STOP SIGN","DISREGARDING STOP SIGN","2799","S","KEDVALE AVE","1031",,,,,,,"3","NO INDICATION OF INJURY","0","0","0","0","0","5","0","1","5","6","41.840614597","-87.727954581","POINT (-87.727954580614 41.840614596925)"
"83314b4b93c3970387157b039d16d87bb8bb35cf23b851f5319ca4ffb25ba9c9ba16c13fa868cdb45d1ef7d637f7f6ffad36f327276c67990a9d4854dd0f9c16",,"2024-06-27T00:58:00.000","30","NO CONTROLS","NO CONTROLS","CLEAR","DUSK","PARKED MOTOR VEHICLE","NOT DIVIDED",,"STRAIGHT AND LEVEL","DRY","NO DEFECTS","ON SCENE","NO INJURY / DRIVE AWAY",,,,"OVER $1,500","2024-06-27T01:00:00.000","UNDER THE INFLUENCE OF ALCOHOL/DRUGS (USE WHEN ARREST IS EFFECTED)","UNDER THE INFLUENCE OF ALCOHOL/DRUGS (USE WHEN ARREST IS EFFECTED)","2146","S","PAULINA ST","1234",,,,,,,"2","NO INDICATION OF INJURY","0","0","0","0","0","4","0","0","5","6","41.852707346","-87.668655457","POINT (-87.668655457348 41.852707346129)"
"5bd8d78ecb30cb9ca819538bee2214432b90935f4cc53ad6c6a973319b591283055e2d6173af18357b3600b872a4e0cc760b2978f62bacbca41f48294e590cf9",,"2024-06-27T00:55:00.000","30","NO CONTROLS","NO CONTROLS","CLEAR","DARKNESS, LIGHTED ROAD","PARKED MOTOR VEHICLE","ONE-WAY",,"STRAIGHT AND LEVEL","DRY","NO DEFECTS","ON SCENE","NO INJURY / DRIVE AWAY",,,"Y","OVER $1,500","2024-06-27T00:58:00.000","UNABLE TO DETERMINE","NOT APPLICABLE","333","E","55TH PL","231",,,,,,,"3","NO INDICATION OF INJURY","0","0","0","0","0","1","0","0","5","6","41.793775421","-87.617838921","POINT (-87.617838920909 41.793775421374)"
"edad1569132e7e2a52b1ac06364585901c6c7b58ca72d1724ed31909aa78a7111cfa901ac02dfbb54f142bf44bb5e735582cab2bfee21a657764da1fc871d6ad",,"2024-06-27T00:30:00.000","30","TRAFFIC SIGNAL","FUNCTIONING PROPERLY","CLEAR","DARKNESS, LIGHTED ROAD","FIXED OBJECT","DIVIDED - W/MEDIAN (NOT RAISED)",,"STRAIGHT ON HILLCREST","DRY","RUT, HOLES","NOT ON SCENE (DESK REPORT)","INJURY AND / OR TOW DUE TO CRASH",,,,"OVER $1,500","2024-06-27T10:00:00.000","ROAD ENGINEERING/SURFACE/MARKING DEFECTS","UNABLE TO DETERMINE","1080","E","111TH ST","513",,"Y",,"N",,,"1","NO INDICATION OF INJURY","0","0","0","0","0","1","0","0","5","6","41.69230074","-87.597682321","POINT (-87.597682321382 41.692300740223)"
"c9b138e19d0675596a6b5a3a38051cd1a1dc50b5cdfe7df13f346396d9120a76f9b3a0ee7509b8937d2dc9e9dd09b815776a751125a49b3c553d0f7904aebe61",,"2024-06-27T00:25:00.000","30","TRAFFIC SIGNAL","FUNCTIONING PROPERLY","CLEAR","DARKNESS, LIGHTED ROAD","ANGLE","FOUR WAY",,"STRAIGHT AND LEVEL","DRY","NO DEFECTS",,"INJURY AND / OR TOW DUE TO CRASH","Y",,"N","OVER $1,500","2024-06-27T00:28:00.000","DISREGARDING TRAFFIC SIGNALS","FAILING TO REDUCE SPEED TO AVOID CRASH","1439","S","CALIFORNIA BLVD","1023",,,,,,,"2","REPORTED, NOT EVIDENT","1","0","0","0","1","1","0","0","5","6","41.861248347","-87.69560597","POINT (-87.695605970043 41.861248346977)"
"b802577ec993e8d999bdea5f70493572e18187afdc0f6f7e8343089ab626454349b29a818060ac964e21f8b97f7e405f15901d74d429bbfcea63d4e0c8796280","Y","2024-06-27T00:20:00.000","35","NO CONTROLS","NO CONTROLS","CLEAR","DARKNESS, LIGHTED ROAD","FIXED OBJECT","NOT DIVIDED",,"STRAIGHT AND LEVEL","DRY","NO DEFECTS","ON SCENE","INJURY AND / OR TOW DUE TO CRASH",,,,"OVER $1,500","2024-06-27T00:30:00.000","UNABLE TO DETERMINE","UNABLE TO DETERMINE","10730","S","VINCENNES AVE","2212",,,,,,,"1","NONINCAPACITATING INJURY","1","0","0","1","0","1","0","0","5","6","41.698582365","-87.659203474","POINT (-87.659203474035 41.698582364761)"
"f4943410e59d03fbde7b97f0e2aa6b7335706e51773211b2910affc581b9a0b3477c6c0eeeb41ab306992a355aeff1269aee15ba1922271a970cc1d222f0b2db",,"2024-06-27T00:20:00.000","30","TRAFFIC SIGNAL","FUNCTIONING PROPERLY","CLEAR","DARKNESS, LIGHTED ROAD","REAR TO FRONT","FOUR WAY",,"STRAIGHT AND LEVEL","DRY","NO DEFECTS","ON SCENE","INJURY AND / OR TOW DUE TO CRASH",,,,"OVER $1,500","2024-06-27T00:20:00.000","DISTRACTION - FROM OUTSIDE VEHICLE","NOT APPLICABLE","738","W","LAKE ST","1214",,"N",,,,,"2","NONINCAPACITATING INJURY","1","0","0","1","0","1","0","0","5","6","41.885776581","-87.64734329","POINT (-87.647343289808 41.885776580794)"
"4ee4bea8d19d77df38db4c78e5693853fb03b417cd72033a973db6d4fab091cdfd395be3d1ca6d2af5d8cf6512f506129ece22c61eeee85b3a44d92cf37204e8",,"2024-06-26T23:40:00.000","30","TRAFFIC SIGNAL","FUNCTIONING PROPERLY","CLEAR","DARKNESS, LIGHTED ROAD","ANGLE","FOUR WAY",,"STRAIGHT AND LEVEL","DRY","NO DEFECTS","ON SCENE","INJURY AND / OR TOW DUE TO CRASH","Y",,,"OVER $1,500","2024-06-26T23:40:00.000","DISREGARDING TRAFFIC SIGNALS","DRIVING SKILLS/KNOWLEDGE/EXPERIENCE","3500","S","DAMEN AVE","912",,,,,,,"3","REPORTED, NOT EVIDENT","1","0","0","0","1","3","0","23","4","6","41.830297434","-87.675425523","POINT (-87.675425522752 41.830297433738)"
"de9470929a35c916f0a6ffbc9ac83f07e85f0689ef1cb702ae353cf11ae3ad9f9fd92d720eb6f73dc98a9fbc067bf2932a21a9af93167f3d734622d99ce89a38",,"2024-06-26T23:40:00.000","40","NO CONTROLS","NO CONTROLS","CLEAR","DARKNESS, LIGHTED ROAD","REAR END","DIVIDED - W/MEDIAN BARRIER",,"CURVE, LEVEL","WET","NO DEFECTS","ON SCENE","INJURY AND / OR TOW DUE TO CRASH",,,,"OVER $1,500","2024-06-26T23:40:00.000","EQUIPMENT - VEHICLE CONDITION","WEATHER","1100","S","LAKE SHORE DR SB","114",,,,"Y","CONSTRUCTION",,"2","NO INDICATION OF INJURY","0","0","0","0","0","2","0","23","4","6","41.869310736","-87.617550644","POINT (-87.617550643601 41.869310736205)"
"ac94286968353d9882c1f394d128c5b2c46e10ac7a4ec1fa0cda2a432077dd745d0667c26c0e46734befcdeeb96c496cdcb3f38b43176acfc72a4438eda70b4e",,"2024-06-26T23:25:00.000","25","NO CONTROLS","NO CONTROLS","CLEAR","DARKNESS","FIXED OBJECT","DIVIDED - W/MEDIAN (NOT RAISED)",,"STRAIGHT AND LEVEL","DRY","NO DEFECTS","ON SCENE","NO INJURY / DRIVE AWAY",,,,"OVER $1,500","2024-06-27T00:02:00.000","DRIVING SKILLS/KNOWLEDGE/EXPERIENCE","NOT APPLICABLE","418","W","ROOT ST","925",,,,,,,"1","NO INDICATION OF INJURY","0","0","0","0","0","1","0","23","4","6","41.819156894","-87.636849721","POINT (-87.636849720843 41.819156894017)"
"993a60f8b4f1118cde3e9d4736095e59e23acb91c2556cdf0d2007aa9eb1d5698f8b428d58e91270365b16fa88a705241fc1fb944acfd506b7e19bf99932dbd9",,"2024-06-26T23:00:00.000","25","NO CONTROLS","NO CONTROLS","CLEAR","DARKNESS, LIGHTED ROAD","FIXED OBJECT","ALLEY",,"STRAIGHT AND LEVEL","DRY","NO DEFECTS","ON SCENE","NO INJURY / DRIVE AWAY",,"Y","N","OVER $1,500","2024-06-26T23:15:00.000","FAILING TO REDUCE SPEED TO AVOID CRASH","NOT APPLICABLE","3307","S","WALLACE ST","915",,,,,,,"1","NO INDICATION OF INJURY","0","0","0","0","0","1","0","23","4","6","41.834208483","-87.641173806","POINT (-87.641173806373 41.834208483372)"
"b6169bcd098e344cec2896a60fbdb778bfe4fed853d0e277337e34e0880699a115a50176e5558706faee589ceeffaeb8422ba496a7e9dce9b685ff831403ead7","Y","2024-06-26T23:00:00.000","30","NO CONTROLS","NO CONTROLS","OTHER","DARKNESS, LIGHTED ROAD","PARKED MOTOR VEHICLE","ONE-WAY",,"STRAIGHT AND LEVEL","DRY","NO DEFECTS","NOT ON SCENE (DESK REPORT)","NO INJURY / DRIVE AWAY",,,"Y","OVER $1,500","2024-06-27T10:32:00.000","DRIVING SKILLS/KNOWLEDGE/EXPERIENCE","DRIVING SKILLS/KNOWLEDGE/EXPERIENCE","11600","S","WATKINS AVE","2234",,,,,,,"2","NO INDICATION OF INJURY","0","0","0","0","0","1","0","23","4","6","41.683024375","-87.667495757","POINT (-87.667495757176 41.683024375417)"
"bbafcd7b8271f509d9d80ba480575b9747ca0395260839a2b29d3bd4dac1205e361e2fb38ad73b96c7366ecd5fa2b5e752814ce2962d2a6589d1e56dd4aa009b",,"2024-06-26T22:45:00.000","15","NO CONTROLS","NO CONTROLS","CLEAR","DARKNESS, LIGHTED ROAD","PARKED MOTOR VEHICLE","DRIVEWAY",,"STRAIGHT AND LEVEL","DRY","NO DEFECTS","NOT ON SCENE (DESK REPORT)","INJURY AND / OR TOW DUE TO CRASH",,,,"OVER $1,500","2024-06-27T00:30:00.000","UNABLE TO DETERMINE","NOT APPLICABLE","2658","N","MARMORA AVE","2514",,,,,,,"2","NO INDICATION OF INJURY","0","0","0","0","0","1","0","22","4","6","41.929248407","-87.773616287","POINT (-87.773616287427 41.929248406855)"
"e45e61470541e4d7a181b4d3ca855aa9c1089131cefb33e54015e68437252de5a299491d999b7b13c903e4c719a4c4d6b6ac3f328ba5b92e82066f6afead2997",,"2024-06-26T22:43:00.000","40","NO CONTROLS","NO CONTROLS","CLEAR","DARKNESS, LIGHTED ROAD","REAR END","DIVIDED - W/MEDIAN BARRIER",,"STRAIGHT AND LEVEL","UNKNOWN","UNKNOWN","NOT ON SCENE (DESK REPORT)","NO INJURY / DRIVE AWAY",,,,"OVER $1,500","2024-06-27T08:11:00.000","UNABLE TO DETERMINE","UNABLE TO DETERMINE","671","N","LAKE SHORE DR","1834",,,,,,,"2","NO INDICATION OF INJURY","0","0","0","0","0","2","0","22","4","6","41.894567514","-87.615387525","POINT (-87.615387524976 41.894567513585)"