"crash_record_id","crash_date_est_i","crash_date","posted_speed_limit","traffic_control_device","device_condition","weather_condition","lighting_condition","first_crash_type","trafficway_type","lane_cnt","alignment","roadway_surface_cond","road_defect","report_type","crash_type","intersection_related_i","private_property_i","hit_and_run_i","damage","date_police_notified","prim_contributory_cause","sec_contributory_cause","street_no","street_direction","street_name","beat_of_occurrence","photos_taken_i","statements_taken_i","dooring_i","work_zone_i","work_zone_type","workers_present_i","num_units","most_severe_injury","injuries_total","injuries_fatal","injuries_incapacitating","injuries_non_incapacitating","injuries_reported_not_evident","injuries_no_indication","injuries_unknown","crash_hour","crash_day_of_week","crash_month","latitude","longitude","location"
"c40f40ad02be6b2c13d4fac6f781b259c707c6083cbf53200edac6ee8f64f307f0c229266f928844a35ecda42b164cb369f318858fbb68bc17f9cdc70a197728",,"2024-06-26T22:30:00.000","25","NO CONTROLS","NO CONTROLS","UNKNOWN","UNKNOWN","PARKED MOTOR VEHICLE","NOT DIVIDED",,"STRAIGHT AND LEVEL","UNKNOWN","UNKNOWN","NOT ON SCENE (DESK REPORT)","NO INJURY / DRIVE AWAY",,,,"OVER $1,500","2024-06-27T19:30:00.000","UNABLE TO DETERMINE","UNABLE TO DETERMINE","8502","S","MANISTEE AVE","423",,,,,,,"2","NO INDICATION OF INJURY","0","0","0","0","0","1","0","22","4","6","41.740792075","-87.557706837","POINT (-87.557706836914 41.740792074693)"
"cb9267ca4d096784fe37fce0102a31d188885c7d5ec8d0feac22a7e2ad306e594438436d1fd2f9b34128438d7d62542ab2ac22c9c9c4229aaeb1babe1be90244",,"2024-06-26T22:25:00.000","30","NO CONTROLS","NO CONTROLS","CLEAR","DARKNESS, LIGHTED ROAD","TURNING","DIVIDED - W/MEDIAN (NOT RAISED)",,"STRAIGHT AND LEVEL","DRY","NO DEFECTS","ON SCENE","INJURY AND / OR TOW DUE TO CRASH",,,,"OVER $1,500","2024-06-26T22:44:00.000","FAILING TO REDUCE SPEED TO AVOID CRASH","FAILING TO YIELD RIGHT-OF-WAY","5439","W","NORTH AVE","2532",,,,,,,"2","NONINCAPACITATING INJURY","1","0","0","1","0","3","0","22","4","6","41.909309684","-87.762154601","POINT (-87.762154600754 41.909309683601)"
"f62c67f0552ff868d300b6c2d4f34361f75fa166c5186dd5b3a661448bf7fec659f6add811ddad44f0e5bee0cc16e6caf8dbb1dbed3e63abea82efa81f66cf9b",,"2024-06-26T22:24:00.000","30","NO CONTROLS","NO CONTROLS","CLEAR","DARKNESS, LIGHTED ROAD","PARKED MOTOR VEHICLE","ONE-WAY",,"STRAIGHT AND LEVEL","DRY","UNKNOWN",,"NO INJURY / DRIVE AWAY",,,,"OVER $1,500","2024-06-27T00:00:00.000","UNABLE TO DETERMINE","UNABLE TO DETERMINE","6608","S","WINCHESTER AVE","726",,,,,,,"3","NO INDICATION OF INJURY","0","0","0","0","0","1","0","22","4","6","41.773587953","-87.672692446","POINT (-87.672692445736 41.773587952985)"
"74ff025c33a0cf1f7bd581042e90dec3c5f7b749f0ca8ace7814848b110df0a21231a2381e644e094ec18356a6da723a43c0f945b5baffedfd468533613ed7f6",,"2024-06-26T22:20:00.000","10","NO CONTROLS","NO CONTROLS","CLEAR","DARKNESS, LIGHTED ROAD","PARKED MOTOR VEHICLE","PARKING LOT",,"STRAIGHT AND LEVEL","DRY","NO DEFECTS","NOT ON SCENE (DESK REPORT)","NO INJURY / DRIVE AWAY",,,,"OVER $1,500","2024-06-26T23:35:00.000","UNABLE TO DETERMINE","NOT APPLICABLE","3350","W","47TH ST","821",,,,,,,"2","NO INDICATION OF INJURY","0","0","0","0","0","1","0","22","4","6","41.808172614","-87.70848389","POINT (-87.708483889951 41.808172614433)"
"165332c8c47a261007f10efecfb6a9b6ec089bdeda149217e81e9183f6e1ad259bcaee404c3e4c3887fb7cf0b71951f65eb2ccd327d61ee981ddf9a65de2d401",,"2024-06-26T22:15:00.000","35","TRAFFIC SIGNAL","FUNCTIONING PROPERLY","CLEAR","DAYLIGHT","PEDESTRIAN","DIVIDED - W/MEDIAN BARRIER",,"STRAIGHT AND LEVEL","DRY","NO DEFECTS","ON SCENE","NO INJURY / DRIVE AWAY",,,"Y","OVER $1,500","2024-06-26T22:20:00.000","DISREGARDING TRAFFIC SIGNALS","DISREGARDING TRAFFIC SIGNALS","2","W","ROOSEVELT RD","123",,,,,,,"2","NO INDICATION OF INJURY","0","0","0","0","0","2","0","22","4","6","41.867521937","-87.627522975","POINT (-87.627522975034 41.867521937068)"
"26f325eadd41f2fb922ebd18d7ab10c4efb6332575dc7588b138fbe19340b41b39caf926b232b0afe2116c4e6298967b1bce7b9eef3e55c473aebf0e675ceda2","Y","2024-06-26T22:15:00.000","15","UNKNOWN","UNKNOWN","CLEAR","DARKNESS, LIGHTED ROAD","PEDESTRIAN","ALLEY",,"STRAIGHT AND LEVEL","DRY","UNKNOWN","ON SCENE","INJURY AND / OR TOW DUE TO CRASH",,,"Y","$501 - $1,500","2024-06-26T22:30:00.000","UNABLE TO DETERMINE","UNABLE TO DETERMINE","10500","S","WABASH AVE","512",,,,,,,"2","INCAPACITATING INJURY","1","0","1","0","0","1","0","22","4","6","41.703385259","-87.622373285","POINT (-87.6223732847 41.703385258995)"
"043b64993c938c42faf7a449401c34021b7252a1ef29c1a12aebb8e77007368f6b6e010b4eafb97dfbd16cb6ccf8173cdd2c6c90c6bd7cd50154ac58bb98225a",,"2024-06-26T22:10:00.000","30","NO CONTROLS","NO CONTROLS","CLEAR","DARKNESS, LIGHTED ROAD","REAR TO FRONT","NOT DIVIDED",,"STRAIGHT AND LEVEL","DRY","NO DEFECTS","ON SCENE","NO INJURY / DRIVE AWAY",,,,"$501 - $1,500","2024-06-26T22:15:00.000","UNABLE TO DETERMINE","UNABLE TO DETERMINE","790","N","MILWAUKEE AVE","1215",,,,,,,"2","NO INDICATION OF INJURY","0","0","0","0","0","5","0","22","4","6","41.896011717","-87.655285058","POINT (-87.655285058111 41.89601171683)"
"c0f3b7cd0aa27b3b9c386bd77ed9460f663e22b876f02bc7e0acfcac10231c142758cdee4635dbf4bfa8bed685cda32cd42c0f133418e03adbcc6afc6eeb7ad5",,"2024-06-26T22:02:00.000","30","TRAFFIC SIGNAL","FUNCTIONING PROPERLY","CLEAR","DARKNESS","OTHER OBJECT","NOT DIVIDED",,"STRAIGHT AND LEVEL","DRY","NO DEFECTS","ON SCENE","INJURY AND / OR TOW DUE TO CRASH",,,,"$501 - $1,500","2024-06-26T22:09:00.000","UNABLE TO DETERMINE","UNABLE TO DETERMINE","2542","W","MONTROSE AVE","1911",,,"Y",,,,"2","NONINCAPACITATING INJURY","1","0","0","1","0","2","0","22","4","6","41.961395462","-87.69285321","POINT (-87.69285320969 41.961395461563)"
"9b71ebfaa263c446577873eef34d2e0580b634678f4928758b7dfcb3f1ea1efe346947e1c4c344c655d4eae97ed24afcdedab59f5943b6c5a9fbd0127aff94ce",,"2024-06-26T22:00:00.000","30","TRAFFIC SIGNAL","FUNCTIONING PROPERLY","CLEAR","DARKNESS, LIGHTED ROAD","SIDESWIPE SAME DIRECTION","ONE-WAY",,"STRAIGHT AND LEVEL","DRY","NO DEFECTS","NOT ON SCENE (DESK REPORT)","NO INJURY / DRIVE AWAY",,,,"OVER $1,500","2024-06-27T12:00:00.000","UNABLE TO DETERMINE","HAD BEEN DRINKING (USE WHEN ARREST IS NOT MADE)","50","E","ADAMS ST","112",,,,,,,"2","NO INDICATION OF INJURY","0","0","0","0","0","3","0","22","4","6","41.8796405","-87.625832483","POINT (-87.625832483096 41.879640500465)"
"c89ba4288967eb496035859c159658d3ed6324fa65d4f5bbe2177eaeef94f0c1e982fb32dbb93bed1fe0cb92b4ef76726b4fa0c386516ab5a256c7a300132ff7",,"2024-06-26T21:52:00.000","30","TRAFFIC SIGNAL","NO CONTROLS","CLEAR","DARKNESS, LIGHTED ROAD","TURNING","CENTER TURN LANE",,"STRAIGHT AND LEVEL","DRY","NO DEFECTS","ON SCENE","INJURY AND / OR TOW DUE TO CRASH",,,,"OVER $1,500","2024-06-26T21:56:00.000","IMPROPER TURNING/NO SIGNAL","NOT APPLICABLE","1600","S","WESTERN AVE","1023",,,,,,,"2","REPORTED, NOT EVIDENT","2","0","0","0","2","0","0","21","4","6","41.859316226","-87.685979441","POINT (-87.685979440959 41.859316225746)"
"b50f2b5f5414397c184a696be6070199dd1b9cac3765d6648f5f4682f93865946ec1b79d0181c49b77b97c3b8c284f9357f3a92b2e50dcebb9fed7ff9fdfe3a8",,"2024-06-26T21:50:00.000","30","NO CONTROLS","NO CONTROLS","CLEAR","DARKNESS, LIGHTED ROAD","TURNING","NOT DIVIDED",,"STRAIGHT AND LEVEL","DRY","NO DEFECTS","NOT ON SCENE (DESK REPORT)","NO INJURY / DRIVE AWAY",,,,"$501 - $1,500","2024-06-26T22:40:00.000","UNABLE TO DETERMINE","UNABLE TO DETERMINE","2654","W","111TH ST","2212",,,,,,,"2","NO INDICATION OF INJURY","0","0","0","0","0","4","0","21","4","6","41.691826527","-87.688302732","POINT (-87.688302732037 41.691826526999)"
"e1dc3ca954ccc026785206a6c5303362d89d02fa0b409b9e79d16354cf9e1c82dbdb9a794878e83ca9821bed450b7cb73ea839d6b140464f784078cc5113f746",,"2024-06-26T21:50:00.000","30","TRAFFIC SIGNAL","FUNCTIONING PROPERLY","CLEAR","DARKNESS, LIGHTED ROAD","TURNING","NOT DIVIDED",,"STRAIGHT AND LEVEL","DRY","NO DEFECTS","ON SCENE","NO INJURY / DRIVE AWAY","Y",,,"OVER $1,500","2024-06-26T22:15:00.000","IMPROPER LANE USAGE","NOT APPLICABLE","5672","N","RIDGE AVE","2013",,,,,,,"2","NO INDICATION OF INJURY","0","0","0","0","0","4","0","21","4","6","41.984972479","-87.662501293","POINT (-87.662501293106 41.984972478574)"
"2ac11ad08bd91a54a47c6a771e62d8f43b133a1c1e34d53115b2704874d5ab0bf6bb5ed745f813fcadad2e5e7ab158047c824c2aa06c19dca2b74c4daf12f867",,"2024-06-26T21:45:00.000","30","STOP SIGN/FLASHER","FUNCTIONING PROPERLY","CLEAR","DARKNESS, LIGHTED ROAD","PEDESTRIAN","T-INTERSECTION",,"STRAIGHT AND LEVEL","DRY","NO DEFECTS","ON SCENE","INJURY AND / OR TOW DUE TO CRASH","Y",,,"$500 OR LESS","2024-06-26T21:45:00.000","FAILING TO YIELD RIGHT-OF-WAY","NOT APPLICABLE","2701","S","KOSTNER AVE","1031",,,,,,,"2","NONINCAPACITATING INJURY","1","0","0","1","0","1","0","21","4","6","41.8421979","-87.734079107","POINT (-87.734079107405 41.842197900392)"
"2009d7405a839e77b358d5b59e9dff266063219f399b465eada6f8e30aea0b994392d914f23047c9b3026efaaa3b5d1169d07bcdd1ec13d4290bfe27158991f1",,"2024-06-26T21:30:00.000","30","STOP SIGN/FLASHER","FUNCTIONING PROPERLY","CLEAR","DAYLIGHT","ANGLE","DIVIDED - W/MEDIAN BARRIER",,"STRAIGHT AND LEVEL","DRY","NO DEFECTS","NOT ON SCENE (DESK REPORT)","INJURY AND / OR TOW DUE TO CRASH","Y",,,"OVER $1,500","2024-06-27T19:10:00.000","FAILING TO YIELD RIGHT-OF-WAY","NOT APPLICABLE","8801","S","STONY ISLAND AVE","412",,,,,,,"2","NONINCAPACITATING INJURY","1","0","0","1","0","3","0","21","4","6","41.735004576","-87.58502866","POINT (-87.58502865972 41.735004576136)"
"6a61ab83205737324940ab317ff0ae0fc341ac43bbc6576d666e952d6a274edd30243c2295cf628aa55951935b8a5e554cf53e88edff51daf497bb988c793588",,"2024-06-26T21:30:00.000","10","NO CONTROLS","NO CONTROLS","CLEAR","DARKNESS, LIGHTED ROAD","PARKED MOTOR VEHICLE","PARKING LOT",,"STRAIGHT AND LEVEL","DRY","NO DEFECTS","NOT ON SCENE (DESK REPORT)","NO INJURY / DRIVE AWAY",,,"Y","$501 - $1,500","2024-06-27T07:10:00.000","UNABLE TO DETERMINE","UNABLE TO DETERMINE","1100","S","HAMILTON AVE","1225",,,,,,,"2","NO INDICATION OF INJURY","0","0","0","0","0","1","0","21","4","6","41.867807964","-87.680453319","POINT (-87.680453319056 41.867807963965)"
"a6be3a183cfca9cad98105105488e39c44b5b6718e7980dd10bcaf37dc4c30ae7f25bc72b19770804ff03ac09d6ca6413bdf8a91f4f4c4721fa6cc347bcda85f","Y","2024-06-26T21:30:00.000","30","NO CONTROLS","NO CONTROLS","CLEAR","DARKNESS, LIGHTED ROAD","PARKED MOTOR VEHICLE","ONE-WAY",,"STRAIGHT AND LEVEL","DRY","NO DEFECTS","ON SCENE","NO INJURY / DRIVE AWAY",,,"Y","OVER $1,500","2024-06-26T22:46:00.000","UNABLE TO DETERMINE","NOT APPLICABLE","4139","W","POTOMAC AVE","2534",,,,,,,"2","NO INDICATION OF INJURY","0","0","0","0","0","1","0","21","4","6","41.904301894","-87.730384932","POINT (-87.730384931969 41.904301893919)"
"3aef9df5385fd187d1aa6a403ba35a0d92bc5067fbba71f3ba69fad6ddce9e6e19c71ecf714a551b3385e2b5cb434b4b26ad5edcc23cd5a84c3fd412e785e77a",,"2024-06-26T21:25:00.000","30","TRAFFIC SIGNAL","FUNCTIONING PROPERLY","CLEAR","DARKNESS, LIGHTED ROAD","TURNING","FOUR WAY",,"STRAIGHT AND LEVEL","UNKNOWN","UNKNOWN","NOT ON SCENE (DESK REPORT)","INJURY AND / OR TOW DUE TO CRASH","Y",,,"OVER $1,500","2024-06-26T22:15:00.000","FAILING TO YIELD RIGHT-OF-WAY","NOT APPLICABLE","4800","W","LEXINGTON ST","1533",,,,,,,"2","NONINCAPACITATING INJURY","2","0","0","1","1","1","0","21","4","6","41.871289049","-87.745001472","POINT (-87.745001471603 41.871289049458)"
"37d9bdb24c8ca2a2d3a2f0098d87237ca74a175eb8558d5876e10e7a6ba3cbffd9dc465d87a105b8e48b1a78ce9ea6f11c5e430152541c393d02c3568b6e990e","Y","2024-06-26T21:20:00.000","30","NO CONTROLS","NO CONTROLS","UNKNOWN","UNKNOWN","PARKED MOTOR VEHICLE","NOT DIVIDED",,"STRAIGHT AND LEVEL","UNKNOWN","NO DEFECTS","ON SCENE","INJURY AND / OR TOW DUE TO CRASH",,,"Y","OVER $1,500","2024-06-26T22:23:00.000","UNABLE TO DETERMINE","UNABLE TO DETERMINE","222","W","LAKE ST","122",,,,,,,"2","NO INDICATION OF INJURY","0","0","0","0","0","1","0","21","4","6","41.885841086","-87.634800789","POINT (-87.634800788852 41.88584108561)"
"918063456e363fb18144fcc70a293e4e0be102d0cc9cd79b46177d2a1cd6cef1d5511662f41998face3e88d56ef5b49f03d6d7c8b01a6f54dcdb55e0fde93e97",,"2024-06-26T21:17:00.000","30","TRAFFIC SIGNAL","FUNCTIONING PROPERLY","CLEAR","DARKNESS, LIGHTED ROAD","REAR END","NOT DIVIDED",,"STRAIGHT AND LEVEL","DRY","NO DEFECTS","NOT ON SCENE (DESK REPORT)","NO INJURY / DRIVE AWAY",,,,"OVER $1,500","2024-06-26T22:30:00.000","FAILING TO REDUCE SPEED TO AVOID CRASH","FOLLOWING TOO CLOSELY","21","S","HAMLIN BLVD","1122",,,,,,,"2","NO INDICATION OF INJURY","0","0","0","0","0","3","0","21","4","6","41.880123321","-87.720577213","POINT (-87.7205772135 41.880123321361)"
"c1930f9d21c3f59725dd3cc875821fe33bf0c19353f6f4d9e41bc14fae8009a7604893cc005ca9ebbcbd8d52282bab7dd7b35275e38d9901453c3deeb410cd14",,"2024-06-26T21:15:00.000","30","NO CONTROLS","NO CONTROLS","CLEAR","DARKNESS, LIGHTED ROAD","SIDESWIPE SAME DIRECTION","ONE-WAY",,"STRAIGHT AND LEVEL","DRY","SHOULDER DEFECT","NOT ON SCENE (DESK REPORT)","NO INJURY / DRIVE AWAY",,,,"OVER $1,500","2024-06-26T22:00:00.000","IMPROPER OVERTAKING/PASSING","NOT APPLICABLE","507","S","WACKER DR","123",,,,,,,"2","NO INDICATION OF INJURY","0","0","0","0","0","3","0","21","4","6","41.875482015","-87.63550011","POINT (-87.635500109605 41.875482014501)"
"c440ab5ce74902054b987848f22ebdc682f326def56c1e18d6da6bde3080653d9035b2d271c21ef0845593df86779291b54a6faa5c704b35902f8f7f7af1c6b7",,"2024-06-26T21:04:00.000","30","TRAFFIC SIGNAL","FUNCTIONING PROPERLY","CLEAR","DARKNESS, LIGHTED ROAD","REAR END","NOT DIVIDED",,"STRAIGHT AND LEVEL","DRY","NO DEFECTS","NOT ON SCENE (DESK REPORT)","NO INJURY / DRIVE AWAY",,,,"OVER $1,500","2024-06-26T21:31:00.000","UNABLE TO DETERMINE","NOT APPLICABLE","4501","W","55TH ST","813",,,,,,,"2","NO INDICATION OF INJURY","0","0","0","0","0","2","0","21","4","6","41.792986535","-87.735473661","POINT (-87.735473660884 41.792986534805)"
"14d407ad3c548f910f88c229b519a9ab931b27687aecdb36f992f802ca15e8c860621c0ac0fc39329de24c6cf96d417d42cddab6f92cd4399f1e55a3c69d6d66",,"2024-06-26T21:00:00.000","30","NO CONTROLS","NO CONTROLS","CLEAR","DARKNESS, LIGHTED ROAD","SIDESWIPE SAME DIRECTION","ONE-WAY",,"STRAIGHT AND LEVEL","DRY","NO DEFECTS","NOT ON SCENE (DESK REPORT)","NO INJURY / DRIVE AWAY",,,"Y","OVER $1,500","2024-06-26T21:10:00.000","UNABLE TO DETERMINE","UNABLE TO DETERMINE","800","W","GARFIELD BLVD","934",,,,,,,"2","NO INDICATION OF INJURY","0","0","0","0","0","4","0","21","4","6","41.794410114","-87.645284675","POINT (-87.645284674705 41.794410114413)"
"3a40e057b16c573493c355253350ad89eb755887fb82bafe41e933e22fa52caa686bfb5accaee06d9ac8f97ed33bb922b28cb80d0c7ed6930afa2b2d4f6925c5",,"2024-06-26T20:50:00.000","30","TRAFFIC SIGNAL","FUNCTIONING PROPERLY","CLEAR","DAYLIGHT","ANGLE","NOT DIVIDED",,"STRAIGHT AND LEVEL","DRY","NO DEFECTS","ON SCENE","NO INJURY / DRIVE AWAY","Y",,,"OVER $1,500","2024-06-26T20:52:00.000","DISREGARDING TRAFFIC SIGNALS","NOT APPLICABLE","1000","S","DESPLAINES ST","124",,,,,,,"2","NO INDICATION OF INJURY","0","0","0","0","0","2","0","20","4","6","41.869655184","-87.643885902","POINT (-87.643885902073 41.86965518436)"
"8376a2a2235cab5e528c32a1c5b36a717d2b20980ede841dde49371ebf185454e24099bbcfa9ea677a2887567e2e957ddf5b4ed18b873aa145268e9db5f27048",,"2024-06-26T20:42:00.000","35","TRAFFIC SIGNAL","FUNCTIONING PROPERLY","CLEAR","DUSK","ANGLE","DIVIDED - W/MEDIAN (NOT RAISED)",,"STRAIGHT AND LEVEL","DRY","NO DEFECTS","ON SCENE","INJURY AND / OR TOW DUE TO CRASH","Y",,,"OVER $1,500","2024-06-26T20:43:00.000","DISREGARDING TRAFFIC SIGNALS","FAILING TO REDUCE SPEED TO AVOID CRASH","301","S","STATE ST","113",,,,,,,"3","NONINCAPACITATING INJURY","2","0","0","2","0","2","0","20","4","6","41.878116015","-87.627528399","POINT (-87.627528398524 41.878116015094)"
"482f2e73a9aa6c59e186fba766d5a0e6262a2445e7f4e197e5ecde782d41f2f772a5292c63fc7500241e0226402dfca5cb5425dcff3fdeccf48af83f7dfcc640","Y","2024-06-26T20:30:00.000","30","NO CONTROLS","NO CONTROLS","CLEAR","DAYLIGHT","PARKED MOTOR VEHICLE","NOT DIVIDED",,"STRAIGHT AND LEVEL","DRY","NO DEFECTS","NOT ON SCENE (DESK REPORT)","INJURY AND / OR TOW DUE TO CRASH",,,"Y","OVER $1,500","2024-06-26T21:30:00.000","UNABLE TO DETERMINE","NOT APPLICABLE","4820","W","FULTON ST","1532",,,,,,,"2","NO INDICATION OF INJURY","0","0","0","0","0","1","0","20","4","6","41.885841061","-87.746320142","POINT (-87.746320141735 41.885841060795)"
"b96ab5f62bac0863d1903f87304393c0f9eab27e2ea709f865588980108aec0ee897d9481c5e78d3e436d869cc2ef9103c082196407e427a57723b1de2f68a74","Y","2024-06-26T20:30:00.000","15","NO CONTROLS","NO CONTROLS","CLEAR","DARKNESS, LIGHTED ROAD","PARKED MOTOR VEHICLE","ONE-WAY",,"STRAIGHT AND LEVEL","DRY","NO DEFECTS","NOT ON SCENE (DESK REPORT)","NO INJURY / DRIVE AWAY",,,"Y","OVER $1,500","2024-06-26T22:30:00.000","UNABLE TO DETERMINE","NOT APPLICABLE","4415","W","WRIGHTWOOD AVE","2524","N",,,,,,"2","NO INDICATION OF INJURY","0","0","0","0","0","1","0","20","4","6","41.928203626","-87.737365102","POINT (-87.737365102003 41.928203626487)"
"ee6f17927359848473faeabf2a603acf211740165643243386289e0d2629a546580f1b4099e6aa6c3363fb06456f38c377ac0fc90758f165937b652f174d7bda",,"2024-06-26T20:02:00.000","30","TRAFFIC SIGNAL","FUNCTIONING PROPERLY","CLEAR","DAYLIGHT","TURNING","T-INTERSECTION",,"STRAIGHT AND LEVEL","DRY","NO DEFECTS","ON SCENE","INJURY AND / OR TOW DUE TO CRASH","Y",,,"OVER $1,500","2024-06-26T21:24:00.000","FAILING TO YIELD RIGHT-OF-WAY","DRIVING SKILLS/KNOWLEDGE/EXPERIENCE","7600","S","ASHLAND AVE","611",,,,,,,"2","NO INDICATION OF INJURY","0","0","0","0","0","2","0","20","4","6","41.755719441","-87.663717784","POINT (-87.663717784195 41.755719440847)"
"450d30dafba645131aa58b3adef5bab5a6fc87b6457349d3c7b67f9624e084f3c792f228f2d439e328977405798be967df042fd656dac7b18d7173ff6a8d5b5f",,"2024-06-26T20:00:00.000","30","STOP SIGN/FLASHER","FUNCTIONING PROPERLY","CLEAR","DAYLIGHT","PEDALCYCLIST","FOUR WAY",,"STRAIGHT AND LEVEL","DRY","NO DEFECTS","ON SCENE","INJURY AND / OR TOW DUE TO CRASH","Y",,,"OVER $1,500","2024-06-26T20:04:00.000","UNABLE TO DETERMINE","UNABLE TO DETERMINE","1300","S","INDIANA AVE","132",,,,,,,"2","NONINCAPACITATING INJURY","1","0","0","1","0","1","0","20","4","6","41.865714688","-87.622657944","POINT (-87.622657944088 41.865714687762)"
"5c49c5ea987c500ee554806e67e06f5cb76b17d799779fbb7717b0b0a6b85a0e730b9d65a3fdceb76e6a06a078fbeaf8e0761651230298a8de392bc90db49a00","N","2024-06-26T20:00:00.000","20","NO CONTROLS","NO CONTROLS","CLEAR","UNKNOWN","PARKED MOTOR VEHICLE","ONE-WAY",,"STRAIGHT AND LEVEL","DRY","NO DEFECTS","NOT ON SCENE (DESK REPORT)","INJURY AND / OR TOW DUE TO CRASH",,,"Y","$501 - $1,500","2024-06-28T10:00:00.000","DRIVING SKILLS/KNOWLEDGE/EXPERIENCE","DRIVING SKILLS/KNOWLEDGE/EXPERIENCE","1220","W","BELDEN AVE","1811",,,,,,,"2","NO INDICATION OF INJURY","0","0","0","0","0","1","0","20","4","6","41.923574485","-87.659238207","POINT (-87.65923820712 41.923574484549)"
"41c702b721d4d0426b29aee2546c4c98587653eef4e4563d3ca86d56e909e74ce7fcaa4c56100df161d5a89148692240a2954568161e94303355c19ed0fb7553",,"2024-06-26T19:45:00.000","25","NO CONTROLS","NO CONTROLS","CLEAR","DAYLIGHT","PARKED MOTOR VEHICLE","OTHER",,"STRAIGHT AND LEVEL","UNKNOWN","UNKNOWN","NOT ON SCENE (DESK REPORT)","NO INJURY / DRIVE AWAY",,,"Y","OVER $1,500","2024-06-27T09:45:00.000","UNABLE TO DETERMINE","UNABLE TO DETERMINE","1950","W","AINSLIE ST","2032",,,,,,,"2","NO INDICATION OF INJURY","0","0","0","0","0","2","0","19","4","6","41.970698676","-87.67822133","POINT (-87.678221329704 41.970698676376)"
"7047d58f597255f028d8758ef543811a9dfc6c85d57296fe9ada174bd1537c7f1b3445278710c397fcfb4fc021e3720bc64f3f0e39622073b077847f31df705b",,"2024-06-26T19:40:00.000","30","TRAFFIC SIGNAL","FUNCTIONING PROPERLY","CLEAR","DUSK","TURNING","DIVIDED - W/MEDIAN (NOT RAISED)",,"STRAIGHT AND LEVEL","UNKNOWN","UNKNOWN","ON SCENE","INJURY AND / OR TOW DUE TO CRASH",,,"Y","OVER $1,500","2024-06-26T20:04:00.000","FAILING TO YIELD RIGHT-OF-WAY","FAILING TO YIELD RIGHT-OF-WAY","6700","S","WENTWORTH AVE","722",,,,,,,"2","NO INDICATION OF INJURY","0","0","0","0","0","2","0","19","4","6","41.772615436","-87.630099678","POINT (-87.630099677564 41.77261543566)"
"ffb21068c558f6344b3d84383dad8242ac05f1eafcdd7fa7d47e7c432a8b4d233aa498dc9afeb24fdfce18c9c35cf400de32bd480269415ea806e519a744e527",,"2024-06-26T19:40:00.000","30","NO CONTROLS","NO CONTROLS","CLEAR","DUSK","PARKED MOTOR VEHICLE","NOT DIVIDED",,"STRAIGHT AND LEVEL","DRY","UNKNOWN","ON SCENE","INJURY AND / OR TOW DUE TO CRASH",,,,"OVER $1,500","2024-06-26T19:42:00.000","PHYSICAL CONDITION OF DRIVER","UNABLE TO DETERMINE","3124","W","GRANVILLE AVE","2413",,,,,,,"4","INCAPACITATING INJURY","1","0","1","0","0","0","0","19","4","6","41.993970662","-87.707954764","POINT (-87.70795476385 41.993970662485)"
"18186b3b705d06e9df2d01a1850cd795559c34b8815fee9974b5b1bd8ab4010ee9a257bb029661b5c9e5a46a298994b12d833b4b1f43c6c6fd574d3bd27b12cc",,"2024-06-26T19:20:00.000","30","TRAFFIC SIGNAL","FUNCTIONING PROPERLY","CLEAR","DAYLIGHT","SIDESWIPE SAME DIRECTION","FOUR WAY",,"STRAIGHT AND LEVEL","DRY","NO DEFECTS","NOT ON SCENE (DESK REPORT)","NO INJURY / DRIVE AWAY",,,,"OVER $1,500","2024-06-26T22:05:00.000","UNABLE TO DETERMINE","NOT APPLICABLE","132","W","PERSHING RD","213",,,,,,,"2","NO INDICATION OF INJURY","0","0","0","0","0","2","0","19","4","6","41.823779228","-87.629781322","POINT (-87.62978132157 41.823779227572)"
"212a2c8cfdca8aa3262ccc9863d68a07b9acd562310fba8e4dedc3cfc9aa134b965b93d8781eb6c7c7e7210a0cba0a5803e8fbd5891f88068fb35354c6ac23b9",,"2024-06-26T19:20:00.000","15","NO CONTROLS","NO CONTROLS","CLEAR","DAYLIGHT","PARKED MOTOR VEHICLE","PARKING LOT",,"STRAIGHT AND LEVEL","DRY","NO DEFECTS","ON SCENE","NO INJURY / DRIVE AWAY",,,,"$500 OR LESS","2024-06-26T19:40:00.000","IMPROPER BACKING","NOT APPLICABLE","2100","E","PAVILION PLAZA DR","331",,,,,,,"2","NO INDICATION OF INJURY","0","0","0","0","0","4","0","19","4","6","41.779793811","-87.574948247","POINT (-87.574948247443 41.779793811137)"
"bcf7178c383e7ec776b88d02caacd6201404f3a9b776b50690ff7b1ce5aa148bc4cd3ce68febda55c610028de0c26f3293ed5890c985450d2b19dee49b2f7ae7",,"2024-06-26T19:20:00.000","30","STOP SIGN/FLASHER","FUNCTIONING PROPERLY","CLEAR","DAYLIGHT","REAR END","FOUR WAY",,"STRAIGHT AND LEVEL","DRY","NO DEFECTS","ON SCENE","INJURY AND / OR TOW DUE TO CRASH",,,,"OVER $1,500","2024-06-26T19:23:00.000","FOLLOWING TOO CLOSELY","NOT APPLICABLE","3301","W","71ST ST","831",,,,,,,"2","REPORTED, NOT EVIDENT","2","0","0","0","2","4","0","19","4","6","41.764231723","-87.705319164","POINT (-87.705319163616 41.764231722522)"
"8089cc162931f5e5f5479f41310464d926df5f5e7ec192c26d4fdedff971600e7b8660b16e9e796b11a59f2dc0594dd740cbd1982030f49daeaa968071427a06",,"2024-06-26T19:11:00.000","35","NO CONTROLS","NO CONTROLS","CLEAR","DAYLIGHT","FIXED OBJECT","NOT DIVIDED",,"STRAIGHT AND LEVEL","DRY","NO DEFECTS","ON SCENE","NO INJURY / DRIVE AWAY",,,,"$500 OR LESS","2024-06-26T19:12:00.000","FAILING TO REDUCE SPEED TO AVOID CRASH","FAILING TO REDUCE SPEED TO AVOID CRASH","5738","S","ADA ST","713",,,,,,,"1","NO INDICATION OF INJURY","0","0","0","0","0","2","0","19","4","6","41.789308375","-87.6585397","POINT (-87.658539700103 41.789308375334)"