"crash_record_id","crash_date_est_i","crash_date","posted_speed_limit","traffic_control_device","device_condition","weather_condition","lighting_condition","first_crash_type","trafficway_type","lane_cnt","alignment","roadway_surface_cond","road_defect","report_type","crash_type","intersection_related_i","private_property_i","hit_and_run_i","damage","date_police_notified","prim_contributory_cause","sec_contributory_cause","street_no","street_direction","street_name","beat_of_occurrence","photos_taken_i","statements_taken_i","dooring_i","work_zone_i","work_zone_type","workers_present_i","num_units","most_severe_injury","injuries_total","injuries_fatal","injuries_incapacitating","injuries_non_incapacitating","injuries_reported_not_evident","injuries_no_indication","injuries_unknown","crash_hour","crash_day_of_week","crash_month","latitude","longitude","location"
"422b22f654b0dde438aa6115b93182751abaa3e7d7d1c1ed55c2205fc6ab23758634ecbefac93bfc50f494045b7c69e170db7169ef065d04db35e806495245aa",,"2024-06-26T19:05:00.000","20","UNKNOWN","UNKNOWN","CLEAR","DAYLIGHT","SIDESWIPE OPPOSITE DIRECTION","NOT DIVIDED",,"STRAIGHT AND LEVEL","UNKNOWN","UNKNOWN","ON SCENE","NO INJURY / DRIVE AWAY",,,"Y","OVER $1,500","2024-06-26T20:05:00.000","UNABLE TO DETERMINE","NOT APPLICABLE","4953","N","MC VICKER AVE","1622",,,,,,,"2","NO INDICATION OF INJURY","0","0","0","0","0","2","0","19","4","6","41.97187849","-87.779320031","POINT (-87.779320030745 41.971878490101)"
"1f39ff7d4b883975f35e5d361cd3ee8528ce019fe62764e1871ef62dbaa62fb5e58cfaf7ff869142f7438a512ab16ad6dbd9f06152d9296d55769883b3453b5b",,"2024-06-26T19:00:00.000","35","TRAFFIC SIGNAL","FUNCTIONING PROPERLY","CLEAR","DAYLIGHT","TURNING","CENTER TURN LANE",,"STRAIGHT AND LEVEL","DRY","NO DEFECTS","ON SCENE","NO INJURY / DRIVE AWAY","N",,,"OVER $1,500","2024-06-26T19:54:00.000","IMPROPER OVERTAKING/PASSING","IMPROPER OVERTAKING/PASSING","1101","S","CANAL ST","124",,,,,,,"2","NO INDICATION OF INJURY","0","0","0","0","0","2","0","19","4","6","41.868889711","-87.639098928","POINT (-87.639098928088 41.868889711112)"
"62c7d2039a74cf07041241be94462d64718f0c67f5e200244d50db84c9d30d2e5cdfad0c97aaff6bcfd5a89c60bd16e9fa8e1ef51b427713522414c76d574c98",,"2024-06-26T19:00:00.000","30","UNKNOWN","UNKNOWN","CLEAR","DAYLIGHT","REAR TO REAR","NOT DIVIDED",,"STRAIGHT AND LEVEL","UNKNOWN","UNKNOWN","NOT ON SCENE (DESK REPORT)","NO INJURY / DRIVE AWAY",,,,"OVER $1,500","2024-06-26T20:20:00.000","UNABLE TO DETERMINE","UNABLE TO DETERMINE","900","N","KINGSBURY ST","1822",,,,,,,"2","NO INDICATION OF INJURY","0","0","0","0","0","2","0","19","4","6","41.898530907","-87.644033816","POINT (-87.644033816167 41.898530907479)"
"10d62645ce0d1995ef846d134ca2116993911a5a923bd7c491c96e2ec66011ed19ca7e88011a71c4f44858f5009ebd46c1966d75d22b9f94e0a00c6ae5db153b",,"2024-06-26T18:57:00.000","30","STOP SIGN/FLASHER","FUNCTIONING PROPERLY","CLEAR","DAYLIGHT","TURNING","NOT DIVIDED",,"STRAIGHT AND LEVEL","DRY","NO DEFECTS","ON SCENE","NO INJURY / DRIVE AWAY","Y",,"Y","OVER $1,500","2024-06-26T18:57:00.000","DRIVING ON WRONG SIDE/WRONG WAY","UNABLE TO DETERMINE","728","W","FULLERTON AVE","1935",,,,,,,"2","NO INDICATION OF INJURY","0","0","0","0","0","4","0","18","4","6","41.92558218","-87.647525736","POINT (-87.647525735915 41.925582180342)"
"e160e2bc6e31458b0dabd0f64c4a5fae80d544cd25931fb44b36713f18ed47a472854e3d70eea1c6889518da6c5ba52ca66de16efd2a8d85623ce7d94d5eaf88",,"2024-06-26T18:49:00.000","30","TRAFFIC SIGNAL","FUNCTIONING PROPERLY","CLEAR","DAYLIGHT","REAR END","NOT DIVIDED",,"STRAIGHT AND LEVEL","DRY","NO DEFECTS","NOT ON SCENE (DESK REPORT)","NO INJURY / DRIVE AWAY",,,"Y","OVER $1,500","2024-06-26T19:50:00.000","UNABLE TO DETERMINE","NOT APPLICABLE","2767","W","DIVISION ST","1211",,,,,,,"2","NO INDICATION OF INJURY","0","0","0","0","0","3","0","18","4","6","41.902816775","-87.696754445","POINT (-87.696754445383 41.90281677454)"
"58472e4c9aeb287f54deb36ea6f7f802e96efd4f614cbb058d51061fca71257e634e4a6d4780109d940f65a0b32e757d4fdce9e6f924d39ae8024d02df551cdf",,"2024-06-26T18:45:00.000","30","NO CONTROLS","NO CONTROLS","CLEAR","DAYLIGHT","REAR END","NOT DIVIDED",,"STRAIGHT AND LEVEL","DRY","NO DEFECTS","NOT ON SCENE (DESK REPORT)","INJURY AND / OR TOW DUE TO CRASH","Y",,"Y","OVER $1,500","2024-06-26T19:50:00.000","UNABLE TO DETERMINE","NOT APPLICABLE","639","S","KOSTNER AVE","1131",,,,,,,"2","REPORTED, NOT EVIDENT","3","0","0","0","3","1","0","18","4","6","41.872464919","-87.735041206","POINT (-87.735041206294 41.872464919192)"
"4930bfea1a1429f997c2b02964c5e0b1f234e324864677f9e53e3dc0beb75eaad48cc84751126b275efee8c35997c2128f75a8037aab8f11ffeba34224e636e9",,"2024-06-26T18:38:00.000","20","NO CONTROLS","NO CONTROLS","CLEAR","DAYLIGHT","TURNING","ONE-WAY",,"STRAIGHT AND LEVEL","DRY","NO DEFECTS","ON SCENE","INJURY AND / OR TOW DUE TO CRASH",,,"Y","OVER $1,500","2024-06-26T18:38:00.000","DRIVING ON WRONG SIDE/WRONG WAY","FAILING TO YIELD RIGHT-OF-WAY","4857","W","THOMAS ST","1531",,,,,,,"3","NONINCAPACITATING INJURY","1","0","0","1","0","2","0","18","4","6","41.900383246","-87.748216453","POINT (-87.748216452725 41.900383246373)"
"c8ab59f007117dab05e3a51b47e3e66b00499ac30fce25cc33efa2c0bd66cd7bdef59b290784afe447042b62fbfc8bc070758343a62030f7d7750594119ac4d3",,"2024-06-26T18:35:00.000","15","NO CONTROLS","NO CONTROLS","CLEAR","DAYLIGHT","SIDESWIPE SAME DIRECTION","ROUNDABOUT",,"STRAIGHT AND LEVEL","DRY","NO DEFECTS","ON SCENE","NO INJURY / DRIVE AWAY",,,,"OVER $1,500","2024-06-26T18:35:00.000","UNABLE TO DETERMINE","DRIVING SKILLS/KNOWLEDGE/EXPERIENCE","159","E","LA SALLE DR","1814",,,,,,,"2","NO INDICATION OF INJURY","0","0","0","0","0","2","0","18","4","6","41.913407546","-87.625788942","POINT (-87.625788941845 41.913407546097)"
"ff306b5a86237fb81bfcaa69ff305b73cf3bbd0a6b1f87c448e8c1e49f8e68a1fa6ba90d606db6726dbd3203af134439e5da66358c733b3a4103d6f621918f7c",,"2024-06-26T18:35:00.000","30","TRAFFIC SIGNAL","FUNCTIONING PROPERLY","CLEAR","DAYLIGHT","REAR END","FOUR WAY",,"STRAIGHT AND LEVEL","DRY","NO DEFECTS","NOT ON SCENE (DESK REPORT)","NO INJURY / DRIVE AWAY",,,,"$501 - $1,500","2024-06-26T18:54:00.000","FOLLOWING TOO CLOSELY","FAILING TO REDUCE SPEED TO AVOID CRASH","5287","N","CICERO AVE","1712",,,,,,,"2","NO INDICATION OF INJURY","0","0","0","0","0","2","0","18","4","6","41.977853874","-87.747929984","POINT (-87.74792998353 41.97785387355)"
"74e290dc0684b30f340daa92487f1c06d6219fa5900cd16bba18771405cd3f130cf928b5013c030afad94eb0928483409d7eae8a06568ce6cce6da80c697e1a6",,"2024-06-26T18:34:00.000","20","NO CONTROLS","NO CONTROLS","CLEAR","DAYLIGHT","SIDESWIPE OPPOSITE DIRECTION","ONE-WAY",,"STRAIGHT AND LEVEL","DRY","NO DEFECTS","ON SCENE","INJURY AND / OR TOW DUE TO CRASH",,,"Y","OVER $1,500","2024-06-26T18:34:00.000","DRIVING ON WRONG SIDE/WRONG WAY","FAILING TO YIELD RIGHT-OF-WAY","1150","N","LAWLER AVE","1531",,,,,,,"2","NO INDICATION OF INJURY","0","0","0","0","0","2","0","18","4","6","41.901967493","-87.752238708","POINT (-87.752238707915 41.901967492533)"
"eddd592076170a5e7e4af19970c6ae1b519c8e8f1b9d90ce08ac04a906d105a3ffe63945ce561d003881d1ffca0356c86ddcdfd80d7248297d5f0e171d6f45d4","Y","2024-06-26T18:30:00.000","25","NO CONTROLS","NO CONTROLS","CLEAR","DAYLIGHT","PARKED MOTOR VEHICLE","NOT DIVIDED",,"STRAIGHT AND LEVEL","DRY","NO DEFECTS","NOT ON SCENE (DESK REPORT)","NO INJURY / DRIVE AWAY",,,"Y","OVER $1,500","2024-06-26T20:25:00.000","UNABLE TO DETERMINE","NOT APPLICABLE","2250","W","LE MOYNE ST","1424",,,,,,,"2","NO INDICATION OF INJURY","0","0","0","0","0","1","0","18","4","6","41.908644226","-87.684338307","POINT (-87.684338307424 41.908644225686)"
"edc0a0f27b55672f7eefa2e128e2118c32ac4a4b0f61afa118cf891bf2e479131494057bac4bb9cea46361630235dc46ab38c472530db1c16b1ecbf207671888",,"2024-06-26T18:25:00.000","30","NO CONTROLS","OTHER","CLEAR","DAYLIGHT","PARKED MOTOR VEHICLE","NOT DIVIDED",,"STRAIGHT AND LEVEL","UNKNOWN","UNKNOWN","NOT ON SCENE (DESK REPORT)","NO INJURY / DRIVE AWAY",,,,"$501 - $1,500","2024-06-26T19:50:00.000","ROAD CONSTRUCTION/MAINTENANCE","NOT APPLICABLE","1627","W","HOWARD ST","2422",,,,,,,"2","NO INDICATION OF INJURY","0","0","0","0","0","1","0","18","4","6","42.019272117","-87.672353344","POINT (-87.672353344376 42.019272117103)"
"032a52440d2f6ae5aa6aef596f54439d899ae57f72f2122047e233ec19ebb701320ee03a87dd3d598963037ed709518031456f74ec73bc9c28147dbfeb78a300",,"2024-06-26T18:20:00.000","30","NO CONTROLS","UNKNOWN","CLEAR","DAYLIGHT","REAR END","NOT DIVIDED",,"STRAIGHT AND LEVEL","DRY","NO DEFECTS","ON SCENE","NO INJURY / DRIVE AWAY",,,"N","$500 OR LESS","2024-06-26T18:22:00.000","UNABLE TO DETERMINE","NOT APPLICABLE","1301","N","AVERS AVE","2535",,,,,,,"2","NO INDICATION OF INJURY","0","0","0","0","0","2","0","18","4","6","41.904772026","-87.722564945","POINT (-87.722564945125 41.904772025721)"
"6e3502743700e56664c2ee1cae7ca2eda223e91acffbca71de5041ab4881914abe42ba8da10d0768642b1b0cd6f2ca1a4553a3757030439683b5443ff29d7096",,"2024-06-26T18:15:00.000","30","NO CONTROLS","NO CONTROLS","CLEAR","DAYLIGHT","SIDESWIPE SAME DIRECTION","DIVIDED - W/MEDIAN (NOT RAISED)",,"STRAIGHT AND LEVEL","DRY","NO DEFECTS",,"NO INJURY / DRIVE AWAY",,,,"OVER $1,500","2024-06-26T18:40:00.000","UNABLE TO DETERMINE","UNABLE TO DETERMINE","2334","N","CLYBOURN AVE","1811",,,,,,,"2","NO INDICATION OF INJURY","0","0","0","0","0","2","0","18","4","6","41.924308783","-87.668366815","POINT (-87.66836681514 41.924308782975)"
"9a25e59a776b1b87df494f6d153220000f2a1718ded6f5b41c1fa81a6cdf074e0a8f7a7976972e1c5c7f2c7c5f0804f633b6bce1821fdd2ff5f77483b915cf64",,"2024-06-26T18:14:00.000","30","UNKNOWN","UNKNOWN","CLEAR","DAYLIGHT","ANGLE","FOUR WAY",,"STRAIGHT AND LEVEL","DRY","UNKNOWN","ON SCENE","INJURY AND / OR TOW DUE TO CRASH","Y",,,"OVER $1,500","2024-06-26T18:41:00.000","UNABLE TO DETERMINE","NOT APPLICABLE","4800","S","MICHIGAN AVE","224","Y",,,,,,"2","NO INDICATION OF INJURY","0","0","0","0","0","4","0","18","4","6","41.807373002","-87.622930555","POINT (-87.622930554709 41.807373001937)"
"e95119e77b1f3976506663a3a1a15f90127c8a3f327792b9bae65f6af77e70c5ee43ae2b4e1c33583c0138653147e637dc45399ab2975b90e82a79ed45841f59",,"2024-06-26T18:10:00.000","30","TRAFFIC SIGNAL","FUNCTIONING PROPERLY","CLEAR","DAYLIGHT","REAR END","NOT DIVIDED",,"STRAIGHT AND LEVEL","DRY","NO DEFECTS","NOT ON SCENE (DESK REPORT)","NO INJURY / DRIVE AWAY",,,,"OVER $1,500","2024-06-26T22:10:00.000","UNABLE TO DETERMINE","NOT APPLICABLE","5264","N","NAGLE AVE","1613",,,,,,,"2","NO INDICATION OF INJURY","0","0","0","0","0","2","0","18","4","6","41.977411204","-87.78798787","POINT (-87.78798787037 41.977411204081)"
"c4a55ef2d7e994ffd4e51276be5f9d0a4af9e0c8363182349af07d7906205cdf13e9f9c4188a3a0201d88f2c6bb19ff36e05d6e5d2a9e553b32b87491dbaf895",,"2024-06-26T18:08:00.000","55","NO CONTROLS","NO CONTROLS","CLEAR","DAYLIGHT","REAR END","DIVIDED - W/MEDIAN BARRIER",,"STRAIGHT AND LEVEL","DRY","NO DEFECTS","ON SCENE","INJURY AND / OR TOW DUE TO CRASH",,,,"OVER $1,500","2024-06-26T18:10:00.000","FOLLOWING TOO CLOSELY","UNABLE TO DETERMINE","2","W","I190 EXPY","1654",,,,,,,"2","NO INDICATION OF INJURY","0","0","0","0","0","2","0","18","4","6",,,
"6ddad4d3e954ae1560fe855e7d070ea897a004f2318b8ec73981c3f33871caa7357cad50a170e868e2e6caeed32324dc2ae3984a9c5aeb7331b1e8e91ea20f9b",,"2024-06-26T18:07:00.000","30","TRAFFIC SIGNAL","FUNCTIONING PROPERLY","CLEAR","DAYLIGHT","REAR END","NOT DIVIDED",,"STRAIGHT AND LEVEL","DRY","NO DEFECTS","ON SCENE","NO INJURY / DRIVE AWAY",,,,"OVER $1,500","2024-06-26T18:07:00.000","UNABLE TO DETERMINE","UNABLE TO DETERMINE","2945","N","NARRAGANSETT AVE","2511",,,,,,,"2","NO INDICATION OF INJURY","0","0","0","0","0","3","0","18","4","6","41.934174684","-87.785647391","POINT (-87.785647391256 41.934174684351)"
"d36210e64189651dfe5cb85de7b1fdd3a6cd693666b81046ca3e6b9dabd6cb4cc929f1b12b958aee17a3dc96bba6a95a028a6837451b72805cbac7b7ac441cbe",,"2024-06-26T18:07:00.000","30","NO CONTROLS","NO CONTROLS","CLEAR","DAYLIGHT","REAR END","FOUR WAY",,"STRAIGHT AND LEVEL","DRY","UNKNOWN","ON SCENE","NO INJURY / DRIVE AWAY","Y",,,"$501 - $1,500","2024-06-26T18:08:00.000","UNABLE TO DETERMINE","NOT APPLICABLE","2965","W","PETERSON AVE","2011",,,,,,,"2","NO INDICATION OF INJURY","0","0","0","0","0","2","0","18","4","6","41.990305525","-87.704191409","POINT (-87.704191408967 41.990305524613)"
"fcbd170a538fa8ad07b7257f2fa4da8cfa1c010a5f13d64506f24c310316bcd878036393451dcde4db6d1c6562df4c78b8c9d3835985b8fe6f41fc20c4e6c6b0",,"2024-06-26T18:05:00.000","20","NO CONTROLS","NO CONTROLS","CLEAR","DAYLIGHT","FIXED OBJECT","OTHER",,"STRAIGHT AND LEVEL","DRY","UNKNOWN","NOT ON SCENE (DESK REPORT)","NO INJURY / DRIVE AWAY",,,"Y","OVER $1,500","2024-06-27T14:00:00.000","UNABLE TO DETERMINE","UNABLE TO DETERMINE","7046","S","LOOMIS BLVD","734",,,,,,,"1","NO INDICATION OF INJURY","0","0","0","0","0","1","0","18","4","6","41.765408805","-87.659124189","POINT (-87.659124189132 41.765408804686)"
"7321aa1cb960e7f6be94f3b374bb3cbd578752742aa5a9600068700d5594ac4b6f58b63e894bcf75a39dec1bb11c4422cd906d4c1e9aa12ad5bb1139766d87d5",,"2024-06-26T18:03:00.000","30","TRAFFIC SIGNAL","FUNCTIONING PROPERLY","CLEAR","DAYLIGHT","PEDESTRIAN","FOUR WAY",,"STRAIGHT AND LEVEL","DRY","NO DEFECTS","ON SCENE","INJURY AND / OR TOW DUE TO CRASH","Y",,,"$501 - $1,500","2024-06-26T18:10:00.000","FAILING TO YIELD RIGHT-OF-WAY","NOT APPLICABLE","1400","N","WESTERN AVE","1423",,,,,,,"2","INCAPACITATING INJURY","1","0","1","0","0","1","0","18","4","6","41.906755689","-87.687272702","POINT (-87.687272701968 41.906755689442)"
"0942a98b2918e7dae0788b53a1606c353e3cf866cfaf74c0119bea82c61c598291756d69c8a9c5de6bab3f2b5d420c291dc4ae993df48fe6fb791476f8261e42",,"2024-06-26T18:00:00.000","30","NO CONTROLS","NO CONTROLS","CLEAR","DAYLIGHT","SIDESWIPE SAME DIRECTION","DIVIDED - W/MEDIAN (NOT RAISED)",,"STRAIGHT AND LEVEL","DRY","NO DEFECTS","NOT ON SCENE (DESK REPORT)","NO INJURY / DRIVE AWAY",,,"Y","OVER $1,500","2024-06-27T18:00:00.000","UNABLE TO DETERMINE","UNABLE TO DETERMINE","729","W","IRVING PARK RD","1925",,,,,,,"2","NO INDICATION OF INJURY","0","0","0","0","0","2","0","18","4","6","41.954465454","-87.648947171","POINT (-87.648947170782 41.954465454482)"
"88510a18b784c16b1fee738ecb7a23a2fe3bdba2222d91220f84b10be553bf87ab662315faf50e951159c08a08883442381500c3c92b083177fc9a880a79510f",,"2024-06-26T18:00:00.000","30","TRAFFIC SIGNAL","UNKNOWN","UNKNOWN","UNKNOWN","REAR END","OTHER",,"STRAIGHT AND LEVEL","UNKNOWN","UNKNOWN","NOT ON SCENE (DESK REPORT)","NO INJURY / DRIVE AWAY",,,,"$501 - $1,500","2024-06-27T19:10:00.000","UNABLE TO DETERMINE","NOT APPLICABLE","10300","S","WESTERN AVE","2211",,,,,,,"2","NO INDICATION OF INJURY","0","0","0","0","0","2","0","18","4","6","41.706282332","-87.681763595","POINT (-87.68176359458 41.706282331898)"
"ddf13bcd01c974184bafd2b95b47db20c8ac7cf7d8ffc1a31f2bece7d1c26350d23c5c03603b4a4143e1399fc97cd211a7e531ccac13a94389fa5436a98a8352",,"2024-06-26T18:00:00.000","30","NO CONTROLS","NO CONTROLS","CLEAR","DAWN","SIDESWIPE SAME DIRECTION","NOT DIVIDED",,"STRAIGHT AND LEVEL","DRY","NO DEFECTS","ON SCENE","INJURY AND / OR TOW DUE TO CRASH",,,,"OVER $1,500","2024-06-26T18:06:00.000","FAILING TO YIELD RIGHT-OF-WAY","UNABLE TO DETERMINE","3135","N","NARRAGANSETT AVE","2511",,,,,,,"2","NO INDICATION OF INJURY","0","0","0","0","0","5","0","18","4","6","41.937572976","-87.785760555","POINT (-87.785760554526 41.937572976334)"
"e04fd027d6e37cd87fb9cbd1037632a54765e43c29d9f2c057a1e5af80adc0639330eb604476634c818388190c0d627676293c50f9d418555a2fb3743d1f7ff8",,"2024-06-26T18:00:00.000","30","NO CONTROLS","NO CONTROLS","CLEAR","DAYLIGHT","SIDESWIPE SAME DIRECTION","NOT DIVIDED",,"STRAIGHT AND LEVEL","DRY","NO DEFECTS","ON SCENE","NO INJURY / DRIVE AWAY",,,,"OVER $1,500","2024-06-26T18:02:00.000","DRIVING SKILLS/KNOWLEDGE/EXPERIENCE","NOT APPLICABLE","2720","W","GRAND AVE","1221",,,,,,,"2","NO INDICATION OF INJURY","0","0","0","0","0","2","0","18","4","6","41.893742078","-87.694884853","POINT (-87.694884852717 41.893742077504)"
"346461e4fbae22b1cd8fb623ada8c2f34abf4d4d0b51b756750fa034d2760b27012211310ae2a7035e29aedd5aac237e360280afc0a948816f3a646b8cc1194f",,"2024-06-26T17:58:00.000","15","NO CONTROLS","NO CONTROLS","CLEAR","DAYLIGHT","PARKED MOTOR VEHICLE","ALLEY",,"STRAIGHT AND LEVEL","UNKNOWN","UNKNOWN","NOT ON SCENE (DESK REPORT)","NO INJURY / DRIVE AWAY",,,,"$501 - $1,500","2024-06-26T18:25:00.000","UNABLE TO DETERMINE","NOT APPLICABLE","6228","N","OAKLEY AVE","2413",,,,,,,"2","NO INDICATION OF INJURY","0","0","0","0","0","1","0","17","4","6","41.99501207","-87.687491585","POINT (-87.6874915854 41.995012070264)"
"f31a1e2d3b1de0b2d9b2af1fb2e7fda975b06cd1285f779c1479d0800a728b4ae8b01ce77c4b454bc7a70c9d647921a1d51929225e986a07ccb1b3fc04cc5057","Y","2024-06-26T17:56:00.000","20","NO CONTROLS","NO CONTROLS","CLEAR","DAYLIGHT","PARKED MOTOR VEHICLE","DIVIDED - W/MEDIAN BARRIER",,"STRAIGHT AND LEVEL","DRY","NO DEFECTS","NOT ON SCENE (DESK REPORT)","NO INJURY / DRIVE AWAY",,,,"OVER $1,500","2024-06-26T18:13:00.000","UNABLE TO DETERMINE","NOT APPLICABLE","500","E","SOLIDARITY DR","132",,,,,,,"2","NO INDICATION OF INJURY","0","0","0","0","0","2","0","17","4","6","41.866436012","-87.613998339","POINT (-87.613998339216 41.86643601238)"
"f9484f714760905e53ad4363a9e6ea8a555bbdd47679d16eadac01f295e70e806d08f9d8155d6314379b4793060640ba75b7b7b7f8d39a9175f2ae5b3cb77a5e",,"2024-06-26T17:55:00.000","10","NO CONTROLS","NO CONTROLS","CLEAR","DAYLIGHT","PARKED MOTOR VEHICLE","PARKING LOT",,"STRAIGHT AND LEVEL","DRY","NO DEFECTS","ON SCENE","NO INJURY / DRIVE AWAY",,,"N","OVER $1,500","2024-06-26T18:02:00.000","DRIVING SKILLS/KNOWLEDGE/EXPERIENCE","DRIVING SKILLS/KNOWLEDGE/EXPERIENCE","2511","W","NORTH AVE","1423",,,,,,,"2","NO INDICATION OF INJURY","0","0","0","0","0","1","0","17","4","6","41.910180189","-87.690123861","POINT (-87.690123860536 41.910180188623)"
"bfffd5cf9290bb2207ed67fbee97fdd28a3a1fb8296457ba6f4e8768a3796b7d7ad6d0bf53e92dec543b1372e26de93b3330c1f7ec4fa5c6bfc15cead535c038",,"2024-06-26T17:50:00.000","35","TRAFFIC SIGNAL","FUNCTIONING PROPERLY","CLEAR","DAYLIGHT","REAR END","NOT DIVIDED",,"STRAIGHT AND LEVEL","DRY","NO DEFECTS","NOT ON SCENE (DESK REPORT)","NO INJURY / DRIVE AWAY",,,,"$501 - $1,500","2024-06-26T17:55:00.000","FOLLOWING TOO CLOSELY","EQUIPMENT - VEHICLE CONDITION","2016","W","111TH ST","2212",,,,,,,"2","NO INDICATION OF INJURY","0","0","0","0","0","2","0","17","4","6","41.692028327","-87.672644187","POINT (-87.672644186592 41.692028327018)"
"ebe129e0ba5f2c2fd70e2c94524b475d36b771381b888bdf21ac1a1a8ae137bd13a8f3da80820bf4d920b0ccf74ceaa7b78015e181560ee1f6d492847699d434",,"2024-06-26T17:50:00.000","30","STOP SIGN/FLASHER","FUNCTIONING PROPERLY","CLEAR","DAYLIGHT","TURNING","FOUR WAY",,"STRAIGHT AND LEVEL","DRY","NO DEFECTS","NOT ON SCENE (DESK REPORT)","NO INJURY / DRIVE AWAY","Y",,,"OVER $1,500","2024-06-26T18:00:00.000","FAILING TO YIELD RIGHT-OF-WAY","FAILING TO YIELD RIGHT-OF-WAY","11099","S","ALBANY AVE","2211",,,,,,,"2","NO INDICATION OF INJURY","0","0","0","0","0","2","0","17","4","6","41.691686757","-87.698250158","POINT (-87.69825015769 41.691686756655)"
"b305a9cbeab510a5affb8aaa3312f2524ac54918e729d46ebc8592b1daaf0665cb9e2e3dd4554720bcf9a569145ff7fc95a1991ee9863caf242675a310bd53e7",,"2024-06-26T17:46:00.000","30","STOP SIGN/FLASHER","FUNCTIONING PROPERLY","CLEAR","DAYLIGHT","ANGLE","FOUR WAY",,"STRAIGHT AND LEVEL","DRY","NO DEFECTS","ON SCENE","INJURY AND / OR TOW DUE TO CRASH","Y",,,"OVER $1,500","2024-06-26T17:52:00.000","DISREGARDING STOP SIGN","NOT APPLICABLE","4300","S","PRINCETON AVE","925",,,,,,,"2","NO INDICATION OF INJURY","0","0","0","0","0","4","0","17","4","6","41.816350103","-87.633715079","POINT (-87.633715078668 41.816350103374)"
"5625955dd9d18397fac09d2a8893d69b49951daaebb91e9e9a03dfcc91e51f1e6b8c257ac1ca1dc16f11f3b2993ae6cef38d8bd6fbd16122f8f1a9bbb0fc42e0",,"2024-06-26T17:45:00.000","30","TRAFFIC SIGNAL","FUNCTIONING PROPERLY","CLEAR","DAYLIGHT","TURNING","FOUR WAY",,"STRAIGHT AND LEVEL","DRY","NO DEFECTS","NOT ON SCENE (DESK REPORT)","NO INJURY / DRIVE AWAY","Y",,"Y","OVER $1,500","2024-06-26T22:25:00.000","UNABLE TO DETERMINE","NOT APPLICABLE","3158","W","CHICAGO AVE","1211",,,,,,,"2","NO INDICATION OF INJURY","0","0","0","0","0","2","0","17","4","6","41.895663749","-87.706496664","POINT (-87.7064966643 41.895663748761)"
"a967e362ef32dbf56a9df192738b70166faba178e7e2d03f40bffd431b9131f0a4f43557008e2eb9a8424e32ef27fb133032694a84f715ef827a9d334385769b",,"2024-06-26T17:42:00.000","35","TRAFFIC SIGNAL","FUNCTIONING PROPERLY","CLEAR","DAYLIGHT","PEDALCYCLIST","NOT DIVIDED",,"STRAIGHT AND LEVEL","DRY","NO DEFECTS","ON SCENE","INJURY AND / OR TOW DUE TO CRASH","Y",,,"$501 - $1,500","2024-06-26T17:42:00.000","FAILING TO YIELD RIGHT-OF-WAY","FAILING TO YIELD RIGHT-OF-WAY","3000","N","KEDZIE AVE","1412",,,,,,,"2","NONINCAPACITATING INJURY","1","0","0","1","0","1","0","17","4","6","41.935786965","-87.707678283","POINT (-87.707678283111 41.93578696513)"
"147054b673ba07f2a544cf2eadae3a914fd439dbac2576357eee6a84291ea1859cbd4bc2e8858fbc608d7e81f1048be5387f7678a78ac2ecbe61c455271572ba",,"2024-06-26T17:30:00.000","30","TRAFFIC SIGNAL","FUNCTIONING PROPERLY","CLEAR","DAYLIGHT","TURNING","DIVIDED - W/MEDIAN (NOT RAISED)",,"STRAIGHT AND LEVEL","DRY","NO DEFECTS","ON SCENE","INJURY AND / OR TOW DUE TO CRASH","Y",,,"OVER $1,500","2024-06-26T17:31:00.000","FAILING TO YIELD RIGHT-OF-WAY","FAILING TO YIELD RIGHT-OF-WAY","3200","W","CERMAK RD","1022",,"Y",,,,,"2","NONINCAPACITATING INJURY","1","0","0","1","0","2","0","17","4","6","41.85187404","-87.705318326","POINT (-87.705318326267 41.851874039784)"
"1bc798f478f6e2627dc15bce699321b0c17ce1673b995267aabdd5dbb4fae778a198df0b01fef2a5d00714d78f7d72bfd5aab2c44d9c0a1f29d5b4dd83b8902a",,"2024-06-26T17:30:00.000","30","STOP SIGN/FLASHER","UNKNOWN","UNKNOWN","UNKNOWN","HEAD ON","NOT DIVIDED",,"STRAIGHT AND LEVEL","UNKNOWN","UNKNOWN","NOT ON SCENE (DESK REPORT)","NO INJURY / DRIVE AWAY",,,,"$501 - $1,500","2024-06-26T19:45:00.000","UNABLE TO DETERMINE","NOT APPLICABLE","1773","W","MORSE AVE","2424",,,,,,,"2","NO INDICATION OF INJURY","0","0","0","0","0","3","0","17","4","6","42.007642221","-87.675078365","POINT (-87.675078364527 42.007642221233)"
"1e2d0bab1996a9b7ec8072c1c3227c7952dc39a02b0e190857dc7c1d9705ce9a1ccc85c9049b88914852afb37955b12d9ad339b402353dff3e3841deb6bbd19b",,"2024-06-26T17:30:00.000","30","TRAFFIC SIGNAL","FUNCTIONING PROPERLY","CLEAR","DAYLIGHT","TURNING","T-INTERSECTION",,"STRAIGHT AND LEVEL","UNKNOWN","UNKNOWN","ON SCENE","INJURY AND / OR TOW DUE TO CRASH","Y",,,"OVER $1,500","2024-06-26T17:58:00.000","FAILING TO YIELD RIGHT-OF-WAY","UNABLE TO DETERMINE","4739","N","EAST RIVER RD","1614",,,,,,,"2","NO INDICATION OF INJURY","0","0","0","0","0","3","0","17","4","6","41.966340625","-87.846425132","POINT (-87.846425132063 41.966340625392)"