"crash_record_id","crash_date_est_i","crash_date","posted_speed_limit","traffic_control_device","device_condition","weather_condition","lighting_condition","first_crash_type","trafficway_type","lane_cnt","alignment","roadway_surface_cond","road_defect","report_type","crash_type","intersection_related_i","private_property_i","hit_and_run_i","damage","date_police_notified","prim_contributory_cause","sec_contributory_cause","street_no","street_direction","street_name","beat_of_occurrence","photos_taken_i","statements_taken_i","dooring_i","work_zone_i","work_zone_type","workers_present_i","num_units","most_severe_injury","injuries_total","injuries_fatal","injuries_incapacitating","injuries_non_incapacitating","injuries_reported_not_evident","injuries_no_indication","injuries_unknown","crash_hour","crash_day_of_week","crash_month","latitude","longitude","location"
"287556a4b6f26ca1e8da525155cfe99aa4b39bef9a26110b3fbdd17494bd7a8c32e234ad09466194c9ddf4c0f2d1f8feea6fa6eb6b20bd97fc20b9da31fb0e19",,"2024-06-26T17:30:00.000","25","STOP SIGN/FLASHER","FUNCTIONING PROPERLY","CLEAR","DAYLIGHT","TURNING","T-INTERSECTION",,"STRAIGHT AND LEVEL","DRY","UNKNOWN","ON SCENE","INJURY AND / OR TOW DUE TO CRASH","Y",,,"OVER $1,500","2024-06-26T17:45:00.000","UNABLE TO DETERMINE","NOT APPLICABLE","6852","N","CENTRAL AVE","1621",,,,,,,"2","NO INDICATION OF INJURY","0","0","0","0","0","3","0","17","4","6","42.006241366","-87.76189348","POINT (-87.761893479637 42.006241365684)"
"5af2de5b3aac2f7cbed4792f4c3362b11bb1b6067095b0a5d1b36d291e7fca39f1a5e8a7aa4e3998571e0678fded6537e5c3ea11e92822d48a3a690822a8a35a",,"2024-06-26T17:30:00.000","35","NO CONTROLS","NO CONTROLS","CLEAR","DAYLIGHT","SIDESWIPE SAME DIRECTION","DIVIDED - W/MEDIAN BARRIER",,"STRAIGHT AND LEVEL","DRY","NO DEFECTS","NOT ON SCENE (DESK REPORT)","NO INJURY / DRIVE AWAY",,,"Y","$501 - $1,500","2024-06-26T18:07:00.000","IMPROPER OVERTAKING/PASSING","IMPROPER OVERTAKING/PASSING","526","S","STATE ST","123",,,,,,,"2","NO INDICATION OF INJURY","0","0","0","0","0","2","0","17","4","6","41.875146179","-87.62776769","POINT (-87.627767690073 41.875146178669)"
"8713d8034faacc58f76df82191854a3ffea6545836c16a348140daec7f3f4642e3dd7630618bac128f908c5cf1a1905e02ff62a761453da738ceaac42fb58443",,"2024-06-26T17:30:00.000","5","NO CONTROLS","NO CONTROLS","CLEAR","DAYLIGHT","PARKED MOTOR VEHICLE","OTHER",,"STRAIGHT AND LEVEL","DRY","NO DEFECTS","NOT ON SCENE (DESK REPORT)","NO INJURY / DRIVE AWAY",,"N",,"OVER $1,500","2024-06-27T10:50:00.000","UNABLE TO DETERMINE","UNABLE TO DETERMINE","4759","S","CICERO AVE","815",,,,,,,"2","NO INDICATION OF INJURY","0","0","0","0","0","1","0","17","4","6","41.805892406","-87.742961702","POINT (-87.742961702353 41.805892406451)"
"987b4ab71f33bbd956b70e1e74ead6db1df167e4f66d577820af1bc3d12754a0feef942213818c512434877fd30bb82ddf6e92c9f59c056527e95283205e6eb8",,"2024-06-26T17:30:00.000","30","NO CONTROLS","NO CONTROLS","CLEAR","DAYLIGHT","PARKED MOTOR VEHICLE","PARKING LOT",,"STRAIGHT AND LEVEL","DRY","NO DEFECTS","NOT ON SCENE (DESK REPORT)","NO INJURY / DRIVE AWAY",,,,"$501 - $1,500","2024-06-26T19:39:00.000","NOT APPLICABLE","NOT APPLICABLE","2355","S","WESTERN AVE","1034",,,,,,,"2","NO INDICATION OF INJURY","0","0","0","0","0","2","0","17","4","6","41.848582663","-87.685394189","POINT (-87.685394189242 41.84858266277)"
"b020b0cc737c7ae736cd558f70b0dbf72c112112b6b989fb914b60e772621e56df252c64bec5194aca5f78237b3c9ccb69538f1e315c094f9189e42e39754af9",,"2024-06-26T17:30:00.000","30","NO CONTROLS","NO CONTROLS","CLEAR","DAYLIGHT","PEDALCYCLIST","DIVIDED - W/MEDIAN (NOT RAISED)",,"STRAIGHT AND LEVEL","DRY","UNKNOWN","ON SCENE","INJURY AND / OR TOW DUE TO CRASH",,,,"OVER $1,500","2024-06-26T17:31:00.000","FAILING TO YIELD RIGHT-OF-WAY","NOT APPLICABLE","2916","W","ARMITAGE AVE","1414",,,,,,,"2","NONINCAPACITATING INJURY","1","0","0","1","0","1","0","17","4","6","41.917571121","-87.699961683","POINT (-87.699961683396 41.917571120806)"
"dd0bc92a732110f6eefa7c45dfadf574894cda6f1aa000acf5b171ce6090c780da12103c1f408c76ea5937d7b1024add858e4f31153055b3d4f51860527a392d",,"2024-06-26T17:30:00.000","30","STOP SIGN/FLASHER","FUNCTIONING PROPERLY","CLEAR","DAYLIGHT","FIXED OBJECT","NOT DIVIDED",,"STRAIGHT AND LEVEL","DRY","NO DEFECTS","ON SCENE","INJURY AND / OR TOW DUE TO CRASH",,,,"OVER $1,500","2024-06-26T17:31:00.000","UNABLE TO DETERMINE","UNABLE TO DETERMINE","12700","S","INDIANA AVE","532",,,,,,,"2","NO INDICATION OF INJURY","0","0","0","0","0","2","0","17","4","6","41.663254479","-87.61778866","POINT (-87.617788659925 41.663254478672)"
"36a36a52d2e1bf4617db5c646c003a50bc034c98eb7e9e4340999d289140193ce6b53a3a4d93b33496303f69046e974225e49bcb9d9db71dd051d18e69685faf",,"2024-06-26T17:25:00.000","20","NO CONTROLS","NO CONTROLS","CLEAR","DAYLIGHT","SIDESWIPE SAME DIRECTION","ONE-WAY",,"STRAIGHT AND LEVEL","DRY","NO DEFECTS","ON SCENE","INJURY AND / OR TOW DUE TO CRASH",,,,"OVER $1,500","2024-06-26T17:25:00.000","IMPROPER OVERTAKING/PASSING","DRIVING SKILLS/KNOWLEDGE/EXPERIENCE","6440","N","ALBANY AVE","2412",,,,,,,"2","NO INDICATION OF INJURY","0","0","0","0","0","3","0","17","4","6","41.998649996","-87.707148693","POINT (-87.707148692647 41.998649995839)"
"b98981a882defc3636c2551d3f77e56b7911ea6ed7e3f7fab904132024fff2109f65c5ce9edec6933df155397f8a87c6124b59c2c3b76eeb5b7d1a75d4df0744",,"2024-06-26T17:24:00.000","25","NO CONTROLS","NO CONTROLS","CLEAR","DAYLIGHT","ANGLE","NOT DIVIDED",,"STRAIGHT AND LEVEL","DRY","NO DEFECTS","NOT ON SCENE (DESK REPORT)","NO INJURY / DRIVE AWAY",,,,"OVER $1,500","2024-06-26T18:55:00.000","FAILING TO YIELD RIGHT-OF-WAY","DRIVING SKILLS/KNOWLEDGE/EXPERIENCE","2945","W","CORTLAND ST","1421",,,,,,,"2","NO INDICATION OF INJURY","0","0","0","0","0","2","0","17","4","6","41.915527704","-87.701043858","POINT (-87.70104385792 41.915527704185)"
"958e77920cad43e860ac4d53edfb996a82d57694f58c2e2afbbc07f8973b919f41153b709c3700e147442a2c00536351a3dde0488bd5f6e8827efb86a02733e5",,"2024-06-26T17:15:00.000","30","NO CONTROLS","NO CONTROLS","CLEAR","DAYLIGHT","SIDESWIPE SAME DIRECTION","DIVIDED - W/MEDIAN BARRIER",,"STRAIGHT AND LEVEL","DRY","NO DEFECTS","NOT ON SCENE (DESK REPORT)","NO INJURY / DRIVE AWAY",,,"Y","$500 OR LESS","2024-06-26T18:35:00.000","IMPROPER LANE USAGE","IMPROPER LANE USAGE","11046","S","HALSTED ST","2233",,,,,,,"2","NO INDICATION OF INJURY","0","0","0","0","0","2","0","17","4","6","41.692784305","-87.642535459","POINT (-87.642535458951 41.692784304627)"
"ce0216f7a695c3c0d7ea95312807d237d4afb7928eaeb3350c1884399841924a48e0d2024135c99e6a852db521afae948d839b46fffcaee57241b05b2169d7f5",,"2024-06-26T17:15:00.000","30","NO CONTROLS","NO CONTROLS","CLEAR","DAYLIGHT","SIDESWIPE SAME DIRECTION","NOT DIVIDED",,"STRAIGHT AND LEVEL","DRY","NO DEFECTS","NOT ON SCENE (DESK REPORT)","NO INJURY / DRIVE AWAY",,,"Y","OVER $1,500","2024-06-26T18:55:00.000","IMPROPER LANE USAGE","UNABLE TO DETERMINE","13741","S","BRAINARD AVE","433",,,,,,,"2","NO INDICATION OF INJURY","0","0","0","0","0","2","0","17","4","6","41.645625049","-87.5420452","POINT (-87.542045199679 41.645625048511)"
"5f094ba1d36fec8be922aa4b0f9a0f3a5f2f01f325001b33670341b0dfe9ae3eeee683898e6c14c4b44c7995d445128fc78f9a7101cd643ddd5f01561bf6c5d6",,"2024-06-26T17:14:00.000","30","NO CONTROLS","NO CONTROLS","CLEAR","DAYLIGHT","REAR END","DIVIDED - W/MEDIAN BARRIER",,"STRAIGHT ON GRADE","DRY","NO DEFECTS","NOT ON SCENE (DESK REPORT)","NO INJURY / DRIVE AWAY",,,,"OVER $1,500","2024-06-26T19:50:00.000","UNABLE TO DETERMINE","NOT APPLICABLE","4000","S","CICERO AVE","1031",,,,,,,"2","NO INDICATION OF INJURY","0","0","0","0","0","3","0","17","4","6","41.820565773","-87.743653198","POINT (-87.743653198213 41.820565772976)"
"78f5f563161870457585db43487ba0f75ad024cfc05b154150a3a1e71e4ec72388244c04141d4732fb028cc1ca1c4fcd24cd7c50b5c8b7e1ba37411254f9daec",,"2024-06-26T17:14:00.000","30","TRAFFIC SIGNAL","FUNCTIONING PROPERLY","CLEAR","DAYLIGHT","REAR END","FOUR WAY",,"STRAIGHT AND LEVEL","DRY","NO DEFECTS","ON SCENE","INJURY AND / OR TOW DUE TO CRASH","Y",,,"OVER $1,500","2024-06-26T17:14:00.000","UNABLE TO DETERMINE","NOT APPLICABLE","858","S","PULASKI RD","1132",,,,,,,"2","NONINCAPACITATING INJURY","1","0","0","1","0","2","0","17","4","6","41.870057075","-87.725466125","POINT (-87.725466125309 41.870057074836)"
"62f01afef9c7faa8811066caca9af0cff53ffe38e3f9481d4bf21b8a9e16c8340f7d333ace27c7d9ff1493933391f7c6e790ec1b0e556488f9f17119fc05d9c8",,"2024-06-26T17:05:00.000","30","TRAFFIC SIGNAL","FUNCTIONING PROPERLY","CLEAR","DAYLIGHT","REAR END","NOT DIVIDED",,"STRAIGHT AND LEVEL","DRY","NO DEFECTS","NOT ON SCENE (DESK REPORT)","NO INJURY / DRIVE AWAY",,,"Y","OVER $1,500","2024-06-26T17:58:00.000","FOLLOWING TOO CLOSELY","FAILING TO YIELD RIGHT-OF-WAY","600","W","127TH ST","523",,,,,,,"2","NO INDICATION OF INJURY","0","0","0","0","0","2","0","17","4","6","41.663368814","-87.636667526","POINT (-87.636667525519 41.663368814348)"
"491f6e1d59223863350d30413cd9dd516e656e6b1b9b5862b4d279f1b4e8d4ccd720c9878f020ff669576e02b33780ae4bdb41e6903a411d9cc768b16e636515",,"2024-06-26T17:03:00.000","0","NO CONTROLS","NO CONTROLS","CLEAR","DAYLIGHT","OTHER OBJECT","DRIVEWAY",,"STRAIGHT ON GRADE","DRY","NO DEFECTS","ON SCENE","NO INJURY / DRIVE AWAY","N","Y",,"$500 OR LESS","2024-06-26T17:07:00.000","NOT APPLICABLE","NOT APPLICABLE","5026","N","SHERIDAN RD","2024",,,,,,,"3","NO INDICATION OF INJURY","0","0","0","0","0","3","0","17","4","6","41.974128183","-87.655095893","POINT (-87.655095893275 41.974128182859)"
"6b6b4e685c91a02d6acd0b2e7c60a6c60a90a8748888a307017475d210d2d51c739510e895be3b52820ad97599a71c745547ea599ba76744cc1ba15ac12a85bb",,"2024-06-26T17:03:00.000","30","NO CONTROLS","NO CONTROLS","CLEAR","DAYLIGHT","ANGLE","NOT DIVIDED",,"STRAIGHT AND LEVEL","DRY","NO DEFECTS","NOT ON SCENE (DESK REPORT)","NO INJURY / DRIVE AWAY",,,"Y","OVER $1,500","2024-06-26T17:35:00.000","FAILING TO YIELD RIGHT-OF-WAY","NOT APPLICABLE","5222","W","MADISON ST","1522",,,,,,,"2","NO INDICATION OF INJURY","0","0","0","0","0","3","0","17","4","6","41.880468498","-87.756134003","POINT (-87.756134003346 41.880468497667)"
"10e705e512dc60a6060b1cb171b253ba39078878b596d7c5371fdfbf6617fbedaa20bf5edfe11ab6ea6dfa966375d16ee19737ef5b9d24c1d7e27e678599e27d",,"2024-06-26T17:00:00.000","35","TRAFFIC SIGNAL","FUNCTIONING PROPERLY","CLEAR","DAYLIGHT","REAR END","DIVIDED - W/MEDIAN BARRIER",,"STRAIGHT AND LEVEL","DRY","NO DEFECTS","ON SCENE","INJURY AND / OR TOW DUE TO CRASH",,,,"OVER $1,500","2024-06-26T17:30:00.000","FOLLOWING TOO CLOSELY","NOT APPLICABLE","5701","N","CUMBERLAND AVE","1614",,,,,,,"2","INCAPACITATING INJURY","1","0","1","0","0","1","0","17","4","6","41.982599537","-87.836434173","POINT (-87.836434172821 41.982599536915)"
"201d7f6c71089fdeb5b1c4555c5949c73af11a88cfc1d0898b71d743407a72b3dc08dacfc24ba42cbefe0d3f984429cb3455800622a86cca39b5a9da1f004cf5",,"2024-06-26T17:00:00.000","30","TRAFFIC SIGNAL","NOT FUNCTIONING","CLEAR","DAYLIGHT","SIDESWIPE SAME DIRECTION","NOT DIVIDED",,"STRAIGHT AND LEVEL","DRY","NO DEFECTS","NOT ON SCENE (DESK REPORT)","NO INJURY / DRIVE AWAY",,,,"OVER $1,500","2024-06-26T18:20:00.000","NOT APPLICABLE","NOT APPLICABLE","658","N","ST CLAIR ST","1834",,,,,,,"2","NO INDICATION OF INJURY","0","0","0","0","0","3","0","17","4","6","41.894195681","-87.62288123","POINT (-87.622881230092 41.894195680678)"
"4087912a4e594263fa02dbec8f6d849cbfc085fcae5119a36717254c21f193245c52a327f738abd5c0c383abd0167a5372310f2c9fc7f18eba21c654e2dbd5f0",,"2024-06-26T17:00:00.000","30","UNKNOWN","UNKNOWN","CLEAR","DAYLIGHT","REAR TO FRONT","PARKING LOT",,"STRAIGHT AND LEVEL","UNKNOWN","UNKNOWN","NOT ON SCENE (DESK REPORT)","NO INJURY / DRIVE AWAY",,"Y",,"$501 - $1,500","2024-06-26T18:30:00.000","UNABLE TO DETERMINE","UNABLE TO DETERMINE","10","E","GRAND AVE","1834",,,,,,,"2","NO INDICATION OF INJURY","0","0","0","0","0","2","0","17","4","6","41.891791463","-87.627657741","POINT (-87.6276577412 41.891791463112)"
"5c1086606bcb02e0f84844103349fd96a597fb037b82999e2f02b99b925e4bdb6922f070988cf593cb8574906d0ab32617edc1099804784a67059c5331709fef",,"2024-06-26T17:00:00.000","30","NO CONTROLS","NO CONTROLS","CLEAR","DAYLIGHT","SIDESWIPE SAME DIRECTION","NOT DIVIDED",,"STRAIGHT AND LEVEL","DRY","NO DEFECTS","ON SCENE","INJURY AND / OR TOW DUE TO CRASH",,,"Y","OVER $1,500","2024-06-26T17:05:00.000","UNABLE TO DETERMINE","UNABLE TO DETERMINE","6516","S","LOOMIS BLVD","725",,,,,,,"2","NO INDICATION OF INJURY","0","0","0","0","0","4","0","17","4","6","41.775356009","-87.659396429","POINT (-87.659396429288 41.775356008563)"
"9cf6f1d15efe0fd5cabfd57da4814116992ed1c92ac3117142946083bfa035455c525e597b06596544a77d7dedf48a71396cacdf6a00c91aa384c47a8a9528fe",,"2024-06-26T17:00:00.000","35","NO CONTROLS","NO CONTROLS","CLEAR","UNKNOWN","PARKED MOTOR VEHICLE","NOT DIVIDED",,"STRAIGHT AND LEVEL","DRY","NO DEFECTS","NOT ON SCENE (DESK REPORT)","NO INJURY / DRIVE AWAY",,,"Y","OVER $1,500","2024-06-26T21:00:00.000","UNABLE TO DETERMINE","UNABLE TO DETERMINE","2715","W","HIRSCH ST","1423",,,,,,,"2","NO INDICATION OF INJURY","0","0","0","0","0","1","0","17","4","6","41.906484394","-87.695078415","POINT (-87.695078414845 41.906484393631)"
"b2edfc0ffa70fe1bd98e89b6fb95e510730834d772953eb9307c9272b5e7b3bc88cd58f963baa7f2b8c7366c235068f49323598d31f036b5465ddcb0646ba615",,"2024-06-26T17:00:00.000","30","UNKNOWN","UNKNOWN","CLEAR","DAYLIGHT","SIDESWIPE SAME DIRECTION","DIVIDED - W/MEDIAN (NOT RAISED)",,"STRAIGHT AND LEVEL","UNKNOWN","UNKNOWN","NOT ON SCENE (DESK REPORT)","NO INJURY / DRIVE AWAY",,,,"$501 - $1,500","2024-06-26T18:50:00.000","UNABLE TO DETERMINE","NOT APPLICABLE","3201","W","HOWARD ST","2411",,,,,,,"2","NO INDICATION OF INJURY","0","0","0","0","0","2","0","17","4","6",,,
"c52c95c0dfcf6fb086308a60ddde2e87119b70f63c246b488217d11d34a02eb4b8fa4b31a8da32d2aca34bd541e7a34b2697ea2cc1ee8606626a07d038cae80b",,"2024-06-26T17:00:00.000","30","NO CONTROLS","NO CONTROLS","CLEAR","DAYLIGHT","TURNING","DIVIDED - W/MEDIAN (NOT RAISED)",,"STRAIGHT AND LEVEL","DRY","NO DEFECTS","NOT ON SCENE (DESK REPORT)","NO INJURY / DRIVE AWAY",,,,"OVER $1,500","2024-06-27T20:00:00.000","UNABLE TO DETERMINE","UNABLE TO DETERMINE","2819","S","KEDZIE AVE","1033",,,,,,,"2","NO INDICATION OF INJURY","0","0","0","0","0","2","0","17","4","6","41.840314948","-87.704766211","POINT (-87.704766210612 41.840314947924)"
"ca8148bb616393dd921fb487292c56ef15783122348862879849bbcdcbea96c142bba970c48b5ea83e79c753baf76ce5cf4f5fc8ee62a703c87574cd9cdae69a",,"2024-06-26T17:00:00.000","35","TRAFFIC SIGNAL","FUNCTIONING PROPERLY","CLEAR","DAYLIGHT","REAR END","DIVIDED - W/MEDIAN BARRIER",,"STRAIGHT AND LEVEL","DRY","NO DEFECTS","ON SCENE","INJURY AND / OR TOW DUE TO CRASH",,,"Y","OVER $1,500","2024-06-26T17:02:00.000","UNABLE TO DETERMINE","UNABLE TO DETERMINE","3450","S","STATE ST","211",,,,,,,"2","REPORTED, NOT EVIDENT","2","0","0","0","2","1","0","17","4","6","41.831328815","-87.626787537","POINT (-87.626787536528 41.831328814524)"
"548adb3d4f744ee2b925bbc611464e1447bf79a654700766acad59f165db15dabba06e439491ca5365f3a4b8202a4200b890c6444b7d13a4d98abd7930eaf297",,"2024-06-26T16:55:00.000","30","NO CONTROLS","NO CONTROLS","CLEAR","DAYLIGHT","REAR END","NOT DIVIDED",,"STRAIGHT AND LEVEL","DRY","NO DEFECTS","ON SCENE","NO INJURY / DRIVE AWAY",,,,"OVER $1,500","2024-06-26T16:55:00.000","DRIVING SKILLS/KNOWLEDGE/EXPERIENCE","VISION OBSCURED (SIGNS, TREE LIMBS, BUILDINGS, ETC.)","3621","N","CENTRAL AVE","1633",,,,,,,"2","NO INDICATION OF INJURY","0","0","0","0","0","2","0","16","4","6","41.946512606","-87.766631291","POINT (-87.766631290976 41.94651260587)"
"7128ea89c10902d8625a40b1e9572b04caa25600453538f00e7208dfb4c1e8304e16463f9b91513482a27f267f2c3140807cb6bdc89c7f4de166848e03c8dbfa",,"2024-06-26T16:50:00.000","30","NO CONTROLS","NO CONTROLS","CLEAR","DAYLIGHT","ANGLE","NOT DIVIDED",,"STRAIGHT AND LEVEL","DRY","UNKNOWN","NOT ON SCENE (DESK REPORT)","NO INJURY / DRIVE AWAY",,,"Y","$501 - $1,500","2024-06-27T17:15:00.000","FAILING TO YIELD RIGHT-OF-WAY","NOT APPLICABLE","2364","W","HIRSCH ST","1424",,,,,,,"2","NO INDICATION OF INJURY","0","0","0","0","0","3","0","16","4","6","41.906776733","-87.687064171","POINT (-87.687064170642 41.906776732989)"
"846d0522fab4d6db28d4d4ff5a9198505e829ec5ccdbdc8ecfe4f0cb8cf1dac86f2a6a6257bb53000d8db1153d8769e62b001f5e63bec35c772561ea026ff59b",,"2024-06-26T16:50:00.000","30","NO CONTROLS","NO CONTROLS","CLEAR","DAYLIGHT","PARKED MOTOR VEHICLE","PARKING LOT",,"STRAIGHT AND LEVEL","DRY","NO DEFECTS","NOT ON SCENE (DESK REPORT)","NO INJURY / DRIVE AWAY",,"Y",,"$501 - $1,500","2024-06-26T17:59:00.000","NOT APPLICABLE","NOT APPLICABLE","8059","S","CICERO AVE","834",,,,,,,"2","NO INDICATION OF INJURY","0","0","0","0","0","1","0","16","4","6","41.745978282","-87.741099904","POINT (-87.741099904454 41.745978281848)"
"11244069f03a835b27351b594fc0a82d8d06926806717fc5acda0ea7d5233383fea938f3c3a8cf30265708eceb51376ca249a1cf0f40f6463e7d6deae1829c1e",,"2024-06-26T16:49:00.000","20","STOP SIGN/FLASHER","FUNCTIONING PROPERLY","CLEAR","DAYLIGHT","REAR END","ONE-WAY",,"STRAIGHT AND LEVEL","DRY","NO DEFECTS","ON SCENE","NO INJURY / DRIVE AWAY",,,"Y","OVER $1,500","2024-06-26T16:49:00.000","DRIVING SKILLS/KNOWLEDGE/EXPERIENCE","DRIVING SKILLS/KNOWLEDGE/EXPERIENCE","65","E","SCOTT ST","1824",,,,,,,"2","NO INDICATION OF INJURY","0","0","0","0","0","2","0","16","4","6","41.904787075","-87.626179011","POINT (-87.626179011393 41.904787075436)"
"72f010e9b1c451ca3aa6b096e625b8ebcab8cbb8fb589befa120790df0898b881cd8641667bdefc0081fe394e793f1aef89cbd03a16de9401e70ff2986973c71",,"2024-06-26T16:45:00.000","30","TRAFFIC SIGNAL","FUNCTIONING PROPERLY","CLEAR","DAYLIGHT","REAR END","NOT DIVIDED",,"STRAIGHT AND LEVEL","DRY","NO DEFECTS","ON SCENE","NO INJURY / DRIVE AWAY",,,,"OVER $1,500","2024-06-26T16:50:00.000","DRIVING SKILLS/KNOWLEDGE/EXPERIENCE","UNABLE TO DETERMINE","2401","W","IRVING PARK RD","1921",,,,,,,"2","NO INDICATION OF INJURY","0","0","0","0","0","2","0","16","4","6","41.953901209","-87.688583731","POINT (-87.688583730611 41.953901209347)"
"9dd5bfcebe036bd53f2849717303327c77c03c7aa617d0bd20812cae9f9866f4ffaa1b973964014dbd378bac50784ccdda883bec27fa85b602b280ae2000cb77",,"2024-06-26T16:45:00.000","30","NO CONTROLS","NO CONTROLS","CLEAR","DAYLIGHT","SIDESWIPE SAME DIRECTION","PARKING LOT",,"STRAIGHT AND LEVEL","DRY","NO DEFECTS","NOT ON SCENE (DESK REPORT)","NO INJURY / DRIVE AWAY",,,,"$501 - $1,500","2024-06-26T22:15:00.000","UNABLE TO DETERMINE","NOT APPLICABLE","7045","S","PULASKI RD","833",,,,,,,"2","NO INDICATION OF INJURY","0","0","0","0","0","2","0","16","4","6","41.764589609","-87.722239604","POINT (-87.722239604294 41.764589609122)"
"e46e9dd2b4f6c5a21185bd6b629eb3acdb460386dcef811f6b7585fb467d0bd13431e1a81d6d7144295d0a4c6b54e4644aa282e941d6007e7828f815c5c489b9",,"2024-06-26T16:45:00.000","35","OTHER","NO CONTROLS","CLEAR","DAYLIGHT","REAR END","OTHER",,"STRAIGHT AND LEVEL","DRY","UNKNOWN","NOT ON SCENE (DESK REPORT)","NO INJURY / DRIVE AWAY",,,,"$501 - $1,500","2024-06-27T21:30:00.000","UNABLE TO DETERMINE","NOT APPLICABLE","10640","S","HALSTED ST","2233",,,,,,,"2","NO INDICATION OF INJURY","0","0","0","0","0","2","0","16","4","6","41.700236793","-87.64277207","POINT (-87.642772070018 41.700236793238)"
"87994e543ed92a13b888f5dc965558462e478168ec8992e47c1274be460a91bdac3ad6295e1623ccd6a289a4ff68d59ff17d5ed255b4b621bbeeddb2bdf3e82a",,"2024-06-26T16:40:00.000","30","TRAFFIC SIGNAL","FUNCTIONING PROPERLY","CLEAR","DAYLIGHT","REAR END","NOT DIVIDED",,"STRAIGHT AND LEVEL","DRY","NO DEFECTS","NOT ON SCENE (DESK REPORT)","INJURY AND / OR TOW DUE TO CRASH",,,,"$501 - $1,500","2024-06-26T19:11:00.000","UNABLE TO DETERMINE","DRIVING SKILLS/KNOWLEDGE/EXPERIENCE","13001","S","ELLIS AVE","533",,,,,,,"2","NO INDICATION OF INJURY","0","0","0","0","0","2","0","16","4","6","41.659440669","-87.597560402","POINT (-87.597560401743 41.659440668734)"
"b619c445e2cc051d5bb8dab9e2e687f4e27e2f8134e0f3cd573cbcbe39b440191d962cb0e5727706f6a8b9ec62317f8e87e12756cede358bff97e254913217d1",,"2024-06-26T16:35:00.000","30","NO CONTROLS","NO CONTROLS","CLEAR","DAYLIGHT","REAR END","NOT DIVIDED",,"STRAIGHT AND LEVEL","DRY","NO DEFECTS","NOT ON SCENE (DESK REPORT)","NO INJURY / DRIVE AWAY",,,,"OVER $1,500","2024-06-26T19:20:00.000","FAILING TO REDUCE SPEED TO AVOID CRASH","FOLLOWING TOO CLOSELY","6737","W","HIGGINS AVE","1613",,,,,,,"2","NO INDICATION OF INJURY","0","0","0","0","0","2","0","16","4","6","41.97876225","-87.796548908","POINT (-87.796548908043 41.978762249994)"
"8a5643d29df526d1ecce5a6b28c9b882dfafec0f68872dd25c1dfc47053b1519325e9f87f93593d4d4009d1048169d5ee40fb9c6395d361a6c8a64b84739e8e4",,"2024-06-26T16:32:00.000","30","TRAFFIC SIGNAL","UNKNOWN","UNKNOWN","UNKNOWN","REAR END","T-INTERSECTION",,"STRAIGHT AND LEVEL","UNKNOWN","UNKNOWN","NOT ON SCENE (DESK REPORT)","NO INJURY / DRIVE AWAY","Y",,,"OVER $1,500","2024-06-26T18:00:00.000","UNABLE TO DETERMINE","UNABLE TO DETERMINE","5352","N","ELSTON AVE","1623",,,,,,,"2","NO INDICATION OF INJURY","0","0","0","0","0","4","0","16","4","6","41.978571315","-87.7573901","POINT (-87.757390100076 41.978571315477)"
"93e7eb12748a16fafa28572fef32626f6a4bd70234bb01eca314db3d60135a4a6b3096e26f743f07c7bfa820dee3fa4eb14ee513819268f550e3aaed8611c947",,"2024-06-26T16:32:00.000","30","NO CONTROLS","NO CONTROLS","CLEAR","DAYLIGHT","OTHER OBJECT","NOT DIVIDED",,"STRAIGHT AND LEVEL","DRY","NO DEFECTS","ON SCENE","INJURY AND / OR TOW DUE TO CRASH",,,,"OVER $1,500","2024-06-26T16:32:00.000","NOT APPLICABLE","NOT APPLICABLE","6007","N","SHERIDAN RD","2433",,,,,,,"1","NO INDICATION OF INJURY","0","0","0","0","0","1","0","16","4","6","41.991247963","-87.655273451","POINT (-87.655273450903 41.991247963093)"
"46282ecb6bd19bf62a722f3887b75f9c20879af3837cb34dc7a0c8f5364b16101c71e247fbf47e97d6b97a4ee10147ce114baf5c6ac4d4dc7cea2446bf0ce7db",,"2024-06-26T16:30:00.000","30","NO CONTROLS","NO CONTROLS","CLEAR","DAYLIGHT","SIDESWIPE SAME DIRECTION","DIVIDED - W/MEDIAN BARRIER",,"STRAIGHT AND LEVEL","DRY","NO DEFECTS","ON SCENE","NO INJURY / DRIVE AWAY",,,"Y","OVER $1,500","2024-06-26T16:32:00.000","NOT APPLICABLE","NOT APPLICABLE","4323","S","ASHLAND AVE","924",,,,,,,"2","NO INDICATION OF INJURY","0","0","0","0","0","2","0","16","4","6","41.815222829","-87.664991656","POINT (-87.664991655589 41.815222828949)"