"crash_record_id","crash_date_est_i","crash_date","posted_speed_limit","traffic_control_device","device_condition","weather_condition","lighting_condition","first_crash_type","trafficway_type","lane_cnt","alignment","roadway_surface_cond","road_defect","report_type","crash_type","intersection_related_i","private_property_i","hit_and_run_i","damage","date_police_notified","prim_contributory_cause","sec_contributory_cause","street_no","street_direction","street_name","beat_of_occurrence","photos_taken_i","statements_taken_i","dooring_i","work_zone_i","work_zone_type","workers_present_i","num_units","most_severe_injury","injuries_total","injuries_fatal","injuries_incapacitating","injuries_non_incapacitating","injuries_reported_not_evident","injuries_no_indication","injuries_unknown","crash_hour","crash_day_of_week","crash_month","latitude","longitude","location"
"99756747f88076418041a5645006676d18a970fa8ffc993653918143fcb6cee8c053b3cd9b1d19dca83788e69402aa479023499ddcca5d2f3b1352347fb2921a",,"2024-06-26T16:30:00.000","30","UNKNOWN","UNKNOWN","CLEAR","DAYLIGHT","SIDESWIPE SAME DIRECTION","DIVIDED - W/MEDIAN (NOT RAISED)",,"STRAIGHT AND LEVEL","UNKNOWN","UNKNOWN","NOT ON SCENE (DESK REPORT)","NO INJURY / DRIVE AWAY",,,,"OVER $1,500","2024-06-26T17:40:00.000","UNABLE TO DETERMINE","UNABLE TO DETERMINE","32","E","WACKER DR","111",,,,,,,"2","NO INDICATION OF INJURY","0","0","0","0","0","2","0","16","4","6","41.887307704","-87.62697551","POINT (-87.626975510045 41.887307703747)"
"a487a48cc981dd30f5ba6ae4d556e7df4c9d0853a5c70ae49ae0021e36f61fd783c82413ef9d86af379cd3e14c555ea2ff03c49ff0e5f09722034cfc11704704",,"2024-06-26T16:30:00.000","30","NO CONTROLS","NO CONTROLS","CLEAR","DAYLIGHT","SIDESWIPE SAME DIRECTION","ONE-WAY",,"STRAIGHT AND LEVEL","DRY","NO DEFECTS","NOT ON SCENE (DESK REPORT)","NO INJURY / DRIVE AWAY",,,,"OVER $1,500","2024-06-26T17:10:00.000","FAILING TO YIELD RIGHT-OF-WAY","FOLLOWING TOO CLOSELY","3500","S","WENTWORTH AVE","915",,,,,,,"2","NO INDICATION OF INJURY","0","0","0","0","0","2","0","16","4","6","41.830922442","-87.631650518","POINT (-87.631650518377 41.830922441769)"
"c9867624698ce2090deecea26dbe695dde47c58f4387233892531d501aa6808eddfd4dce4294f8d2097f1f54a2909ddb26e99fcfe32c222c94ea537e54adddde",,"2024-06-26T16:27:00.000","30","STOP SIGN/FLASHER","FUNCTIONING PROPERLY","CLEAR","DAYLIGHT","REAR END","NOT DIVIDED",,"STRAIGHT AND LEVEL","DRY","UNKNOWN","ON SCENE","NO INJURY / DRIVE AWAY",,,,"$501 - $1,500","2024-06-26T16:32:00.000","FOLLOWING TOO CLOSELY","FOLLOWING TOO CLOSELY","4663","N","LINCOLN AVE","1911",,,,,,,"3","NO INDICATION OF INJURY","0","0","0","0","0","3","0","16","4","6","41.966621427","-87.687074357","POINT (-87.68707435747 41.966621426569)"
"03f3c356d10d0d15e64e1c6b1efc0f3d9021ddf1d27622806cafd45ea50c3d7c9b3a26b83d46a2c9d1208938553101642c3bb2f64a5a238542169a02561c9a2b",,"2024-06-26T16:23:00.000","30","NO CONTROLS","NO CONTROLS","CLEAR","DAYLIGHT","SIDESWIPE SAME DIRECTION","DIVIDED - W/MEDIAN BARRIER",,"STRAIGHT AND LEVEL","UNKNOWN","UNKNOWN","NOT ON SCENE (DESK REPORT)","NO INJURY / DRIVE AWAY",,,,"OVER $1,500","2024-06-26T17:20:00.000","IMPROPER LANE USAGE","IMPROPER LANE USAGE","48","W","WACKER DR","111",,,,,,,"2","NO INDICATION OF INJURY","0","0","0","0","0","2","0","16","4","6","41.887042018","-87.629804002","POINT (-87.629804002487 41.887042017529)"
"6683aadd3a4df38747acfba87bbeba294e7485ae051d790c70db4498bd71dfbc2d71a01f35038f8bc54955e2d31cc48915f32552e438bfff940a93ca3a0c8ce7",,"2024-06-26T16:23:00.000","30","TRAFFIC SIGNAL","NO CONTROLS","CLEAR","DAYLIGHT","TURNING","NOT DIVIDED",,"STRAIGHT AND LEVEL","DRY","NO DEFECTS","ON SCENE","NO INJURY / DRIVE AWAY",,,"Y","OVER $1,500","2024-06-26T16:23:00.000","UNABLE TO DETERMINE","NOT APPLICABLE","4100","S","RACINE AVE","924",,,,,,,"2","NO INDICATION OF INJURY","0","0","0","0","0","2","0","16","4","6","41.81993621","-87.656006419","POINT (-87.656006418914 41.819936210109)"
"00ef10a64570495b181682806b60635e3fe6c362445acbdd89d7bcc0a52bc96f16d5076308dfa1d09fbe4e4d96ed750219ea8803a8ef2ed081e31972ef97abc3",,"2024-06-26T16:15:00.000","40","TRAFFIC SIGNAL","FUNCTIONING PROPERLY","CLEAR","DAYLIGHT","SIDESWIPE SAME DIRECTION","NOT DIVIDED",,"STRAIGHT AND LEVEL","UNKNOWN","UNKNOWN","NOT ON SCENE (DESK REPORT)","NO INJURY / DRIVE AWAY",,,,"$500 OR LESS","2024-06-27T10:45:00.000","IMPROPER LANE USAGE","UNABLE TO DETERMINE","1601","N","LA SALLE DR","1814",,,,,,,"2","NO INDICATION OF INJURY","0","0","0","0","0","2","0","16","4","6","41.911250387","-87.63300635","POINT (-87.633006350019 41.911250387148)"
"1f0cc4ac797c7344d747ac9f06cf0bbca62871f862761959d2bee6348d7f47837c4c5575e9ae2daff2997b641a5addd317deec60f70be26e88fde5e2cf4f7343",,"2024-06-26T16:15:00.000","30","NO CONTROLS","NO CONTROLS","CLEAR","DAYLIGHT","PARKED MOTOR VEHICLE","NOT DIVIDED",,"STRAIGHT AND LEVEL","DRY","NO DEFECTS","NOT ON SCENE (DESK REPORT)","NO INJURY / DRIVE AWAY",,,"Y","OVER $1,500","2024-06-26T17:20:00.000","UNABLE TO DETERMINE","NOT APPLICABLE","2450","N","SOUTHPORT AVE","1932",,,,,,,"2","NO INDICATION OF INJURY","0","0","0","0","0","1","0","16","4","6","41.926714115","-87.663520381","POINT (-87.663520380526 41.926714114613)"
"1fa2f510f338774f1d3b65b6930a9d87b7bdc90e2147d510f1fd7b0b2408a06532acbec94edfb34cb0d4698af291facbc9edec74e39a9c75eddc14fb2ee3b4ac",,"2024-06-26T16:15:00.000","30","NO CONTROLS","NO CONTROLS","CLEAR","DAYLIGHT","FIXED OBJECT","ONE-WAY",,"STRAIGHT AND LEVEL","DRY","NO DEFECTS","ON SCENE","INJURY AND / OR TOW DUE TO CRASH",,,,"OVER $1,500","2024-06-26T16:15:00.000","UNABLE TO DETERMINE","NOT APPLICABLE","5651","S","WENTWORTH AVE","225",,,,,,,"1","NO INDICATION OF INJURY","0","0","0","0","0","2","0","16","4","6","41.791213553","-87.630266503","POINT (-87.630266503324 41.791213552825)"
"44b8b2cba68a3791a9bf2ae65cee26b5ddf5c0b8462eb9801f24c3fdfe18cbaa2cea46067b550b479fb6ee6beb3d375cf3f96642b80127024ad0deb544ba1629",,"2024-06-26T16:10:00.000","30","NO CONTROLS","NO CONTROLS","CLEAR","DAYLIGHT","ANGLE","NOT DIVIDED",,"STRAIGHT AND LEVEL","DRY","UNKNOWN","ON SCENE","INJURY AND / OR TOW DUE TO CRASH",,,,"OVER $1,500","2024-06-26T16:16:00.000","FAILING TO YIELD RIGHT-OF-WAY","FAILING TO YIELD RIGHT-OF-WAY","615","E","63RD ST","312",,,,,,,"2","REPORTED, NOT EVIDENT","2","0","0","0","2","3","0","16","4","6","41.780226495","-87.610145405","POINT (-87.610145404549 41.780226494703)"
"006421faa6f34cedae1f35f7fb1981e942ea23d6381f9c45828ab6d6222b2d21045b684b5e18d9959fb84aead44855dc662699d8ad66133be5a990c63e31177a",,"2024-06-26T16:00:00.000","30","UNKNOWN","UNKNOWN","CLEAR","DAYLIGHT","SIDESWIPE SAME DIRECTION","NOT DIVIDED",,"STRAIGHT AND LEVEL","UNKNOWN","UNKNOWN","NOT ON SCENE (DESK REPORT)","NO INJURY / DRIVE AWAY",,,,"OVER $1,500","2024-06-26T19:10:00.000","UNABLE TO DETERMINE","UNABLE TO DETERMINE","300","E","NORTH WATER ST","1834",,,,,,,"2","NO INDICATION OF INJURY","0","0","0","0","0","2","0","16","4","6","41.889677537","-87.620353696","POINT (-87.620353696258 41.88967753734)"
"d74d704d581969c8efc38d601f376bc46f38e98d0a1576b509182959d30cdb7951f7dbce039a7be1df41211d43efc01648002b0876d4c80d071d10807696fdef",,"2024-06-26T16:00:00.000","25","NO CONTROLS","NO CONTROLS","UNKNOWN","UNKNOWN","PARKED MOTOR VEHICLE","DIVIDED - W/MEDIAN (NOT RAISED)",,"STRAIGHT AND LEVEL","UNKNOWN","UNKNOWN","NOT ON SCENE (DESK REPORT)","NO INJURY / DRIVE AWAY",,,"Y","OVER $1,500","2024-06-27T14:23:00.000","NOT APPLICABLE","NOT APPLICABLE","973","W","ROSEMONT AVE","2433",,,,,,,"2","NO INDICATION OF INJURY","0","0","0","0","0","1","0","16","4","6","41.996314776","-87.655526181","POINT (-87.6555261812 41.996314776499)"
"781e06acba0d4feea8a4703bb3e194f2abc6ff2a6691d2cd3cd75e1a617f08e9b958f8d2f6c99ee5e1b9d4931c9987f4efed9262ba19ec28deb646f96bb84342",,"2024-06-26T15:53:00.000","30","TRAFFIC SIGNAL","NO CONTROLS","CLEAR","DAYLIGHT","REAR END","NOT DIVIDED",,"STRAIGHT AND LEVEL","DRY","NO DEFECTS","NOT ON SCENE (DESK REPORT)","NO INJURY / DRIVE AWAY",,,,"OVER $1,500","2024-06-26T16:23:00.000","ROAD CONSTRUCTION/MAINTENANCE","NOT APPLICABLE","700","W","ROOSEVELT RD","1232",,,,,,,"2","NO INDICATION OF INJURY","0","0","0","0","0","2","0","15","4","6","41.867287162","-87.645246942","POINT (-87.645246941532 41.867287162218)"
"1196bee277a217400e916bf12bfb757b033c01d06e891ac12301582954cfb1893fdb981692e6522ce0e88a1b05df4abbe5490af9085e88ed06a398c1ec0bba37",,"2024-06-26T15:49:00.000","30","NO CONTROLS","NO CONTROLS","CLEAR","DAYLIGHT","REAR END","DIVIDED - W/MEDIAN BARRIER",,"STRAIGHT AND LEVEL","DRY","NO DEFECTS","NOT ON SCENE (DESK REPORT)","INJURY AND / OR TOW DUE TO CRASH",,,,"OVER $1,500","2024-06-26T20:30:00.000","UNABLE TO DETERMINE","FAILING TO REDUCE SPEED TO AVOID CRASH","535","N","ASHLAND AVE","1215",,,,,,,"2","NONINCAPACITATING INJURY","1","0","0","1","0","1","0","15","4","6","41.892086803","-87.667027644","POINT (-87.667027643561 41.89208680261)"
"a6540f8774a354b7d937f5f525fe672c9c26c33cf4b1c49c05d4b89b768405c8dab6ed1ca9d2de4a6f3c3766c01931694e758c10deb838848cadbf551375e3a0",,"2024-06-26T15:47:00.000","30","STOP SIGN/FLASHER","FUNCTIONING PROPERLY","CLEAR","DAYLIGHT","ANGLE","FOUR WAY",,"STRAIGHT AND LEVEL","DRY","NO DEFECTS","NOT ON SCENE (DESK REPORT)","NO INJURY / DRIVE AWAY","Y",,,"OVER $1,500","2024-06-28T13:00:00.000","DISREGARDING STOP SIGN","UNABLE TO DETERMINE","5800","S","INDIANA AVE","232",,,,,,,"2","NO INDICATION OF INJURY","0","0","0","0","0","3","0","15","4","6","41.789175596","-87.620849059","POINT (-87.620849058528 41.789175595836)"
"2ae24d7f5418f608b61fa876a8cd9af75fcd62c7235eba923c2a818b93f27ed81174f4f2d7cbd7339692810316ae5774d5d8b438543f9718316fce75a976054a",,"2024-06-26T15:45:00.000","30","NO CONTROLS","NO CONTROLS","CLEAR","DAYLIGHT","PARKED MOTOR VEHICLE","NOT DIVIDED",,"STRAIGHT AND LEVEL","DRY","UNKNOWN","ON SCENE","INJURY AND / OR TOW DUE TO CRASH",,,,"OVER $1,500","2024-06-26T15:45:00.000","OPERATING VEHICLE IN ERRATIC, RECKLESS, CARELESS, NEGLIGENT OR AGGRESSIVE MANNER","NOT APPLICABLE","958","W","69TH ST","723",,,,,,,"2","NO INDICATION OF INJURY","0","0","0","0","0","1","0","15","4","6","41.76887602","-87.649299346","POINT (-87.649299345841 41.768876019917)"
"605f52ce59279588b700e4e75a37bf5412531cdffc0f06ae4377b06875a7fb3668986c5c28ee75d1a3ae6e298b9776c889b2d3e79365b34b798f16e38f2f7dcf",,"2024-06-26T15:45:00.000","20","NO CONTROLS","NO CONTROLS","CLEAR","DAYLIGHT","PARKED MOTOR VEHICLE","ONE-WAY",,"STRAIGHT AND LEVEL","DRY","NO DEFECTS","ON SCENE","INJURY AND / OR TOW DUE TO CRASH",,,,"OVER $1,500","2024-06-26T15:45:00.000","DRIVING SKILLS/KNOWLEDGE/EXPERIENCE","FAILING TO REDUCE SPEED TO AVOID CRASH","4454","S","KOMENSKY AVE","815",,,,,,,"3","NONINCAPACITATING INJURY","1","0","0","1","0","0","0","15","4","6","41.81172174","-87.725100632","POINT (-87.725100631875 41.811721739806)"
"fc76f8d4e7f664d9019ae5718a7cc4667b34b09112a00ace923095e39636bebaa011df473b10eade57c26b16471648524c5d58bd81f9dcb739cd8c8ecbfd63be",,"2024-06-26T15:45:00.000","30","NO CONTROLS","NO CONTROLS","CLEAR","DAYLIGHT","REAR END","NOT DIVIDED",,"STRAIGHT AND LEVEL","DRY","NO DEFECTS","NOT ON SCENE (DESK REPORT)","NO INJURY / DRIVE AWAY",,,,"OVER $1,500","2024-06-26T16:50:00.000","FOLLOWING TOO CLOSELY","FOLLOWING TOO CLOSELY","3255","N","CICERO AVE","1731",,,,,,,"2","NO INDICATION OF INJURY","0","0","0","0","0","2","0","15","4","6","41.940490182","-87.746765579","POINT (-87.746765578941 41.9404901816)"
"7a583e46a6950f9186dc124e809009ca7c1570adb511d17c4009a70ea0862ddb2aeb965efc1bb6d3930396bd351e04e9a8d081a7118ec26784c024090e29c97e",,"2024-06-26T15:40:00.000","25","TRAFFIC SIGNAL","FUNCTIONING PROPERLY","CLEAR","DAYLIGHT","SIDESWIPE SAME DIRECTION","DIVIDED - W/MEDIAN (NOT RAISED)",,"STRAIGHT AND LEVEL","DRY","NO DEFECTS","NOT ON SCENE (DESK REPORT)","NO INJURY / DRIVE AWAY",,,,"$501 - $1,500","2024-06-26T15:50:00.000","UNABLE TO DETERMINE","UNABLE TO DETERMINE","4738","W","ADDISON ST","1731",,,,,,,"2","NO INDICATION OF INJURY","0","0","0","0","0","2","0","15","4","6","41.946249459","-87.746117983","POINT (-87.746117983059 41.946249459244)"
"001a0e1fa3fa8958d5fdc76b3e18495938abc819a9452bb621039865c4ea6111d98b3255de91f123cf82d53880c95ab7ae51497992775296c661d4cc54436eb9",,"2024-06-26T15:33:00.000","30","TRAFFIC SIGNAL","FUNCTIONING PROPERLY","CLEAR","DAYLIGHT","TURNING","ONE-WAY",,"STRAIGHT AND LEVEL","DRY","UNKNOWN","ON SCENE","NO INJURY / DRIVE AWAY",,,,"$501 - $1,500","2024-06-26T15:33:00.000","IMPROPER LANE USAGE","IMPROPER LANE USAGE","654","N","FAIRBANKS CT","1834",,,,,,,"2","NO INDICATION OF INJURY","0","0","0","0","0","2","0","15","4","6","41.894158866","-87.620438461","POINT (-87.620438460957 41.894158865635)"
"055694498afad59c032360d60ce9c51c72d04325519e660062d2c03688bf44357160c079b4aa681bdfbf4e928c6137c15910a609cd346c2530870b982fb716d5",,"2024-06-26T15:30:00.000","30","NO CONTROLS","NO CONTROLS","CLEAR","DAYLIGHT","SIDESWIPE SAME DIRECTION","NOT DIVIDED",,"STRAIGHT AND LEVEL","DRY","NO DEFECTS","NOT ON SCENE (DESK REPORT)","NO INJURY / DRIVE AWAY",,,,"$501 - $1,500","2024-06-26T16:05:00.000","IMPROPER OVERTAKING/PASSING","IMPROPER OVERTAKING/PASSING","7780","W","TALCOTT AVE","1612",,,,,,,"2","NO INDICATION OF INJURY","0","0","0","0","0","2","0","15","4","6","41.993206325","-87.821575789","POINT (-87.821575788668 41.993206324944)"
"8ceeba4c6d6b99e386b3a8dc492ac4ea9d0cef66ce4fcda6b91fefea0c7ff8156153a31664da626848d9d18f956be050cff6a2d2324579d62f3a72a65a81a813",,"2024-06-26T15:30:00.000","35","NO CONTROLS","NO CONTROLS","CLEAR","DAYLIGHT","REAR END","DIVIDED - W/MEDIAN (NOT RAISED)",,"STRAIGHT AND LEVEL","DRY","NO DEFECTS","NOT ON SCENE (DESK REPORT)","NO INJURY / DRIVE AWAY",,,,"$501 - $1,500","2024-06-26T18:47:00.000","FOLLOWING TOO CLOSELY","FOLLOWING TOO CLOSELY","365","S","STATE ST","113",,,,,,,"2","NO INDICATION OF INJURY","0","0","0","0","0","2","0","15","4","6","41.876994246","-87.62750704","POINT (-87.627507040393 41.876994246236)"
"0e6b8e4fb8928f763f3bf194901177d43450e1a5e3329c01f775292420fdf09513e54ae74078009619acfbc89278d095c9157a0eba0eeb2953c657d0270fa14f",,"2024-06-26T15:25:00.000","15","NO CONTROLS","NO CONTROLS","CLEAR","DAYLIGHT","PARKED MOTOR VEHICLE","DRIVEWAY",,"STRAIGHT AND LEVEL","DRY","NO DEFECTS","ON SCENE","NO INJURY / DRIVE AWAY","N",,,"OVER $1,500","2024-06-26T15:30:00.000","IMPROPER BACKING","NOT APPLICABLE","1900","W","MONTEREY AVE","2212",,,,"Y","CONSTRUCTION","Y","2","NO INDICATION OF INJURY","0","0","0","0","0","3","0","15","4","6","41.69143478","-87.668520394","POINT (-87.668520393669 41.691434779531)"
"86b2f41d3c6517c7e0dd26044fe656399d89286f5fce9e3063dd9015dbf559ff84283a5459a16cbea632baa0491626125442711669a4852c735d61bbeca3d5d1",,"2024-06-26T15:24:00.000","30","NO CONTROLS","NO CONTROLS","CLEAR","DAYLIGHT","SIDESWIPE SAME DIRECTION","DIVIDED - W/MEDIAN (NOT RAISED)",,"STRAIGHT AND LEVEL","DRY","NO DEFECTS","ON SCENE","NO INJURY / DRIVE AWAY",,,,"$501 - $1,500","2024-06-26T16:03:00.000","UNABLE TO DETERMINE","UNABLE TO DETERMINE","3342","W","IRVING PARK RD","1724",,,,,,,"2","NO INDICATION OF INJURY","0","0","0","0","0","2","0","15","4","6","41.953976648","-87.712216894","POINT (-87.712216894324 41.953976647992)"
"af08af53731f84d4289cd14679d43a83ea85b481ba2e3461537ca929d1c9075b91f3026b3017fb9c9178c1ccb1e48aae58a4fe676dff288d5e7e15c3e9b54f01",,"2024-06-26T15:20:00.000","30","NO CONTROLS","NO CONTROLS","CLEAR","DAYLIGHT","PARKED MOTOR VEHICLE","PARKING LOT",,"STRAIGHT AND LEVEL","DRY","NO DEFECTS","NOT ON SCENE (DESK REPORT)","NO INJURY / DRIVE AWAY",,"Y","Y","OVER $1,500","2024-06-28T12:50:00.000","UNABLE TO DETERMINE","UNABLE TO DETERMINE","11138","S","LANGLEY AVE","531",,,,,,,"2","NO INDICATION OF INJURY","0","0","0","0","0","1","0","15","4","6","41.691618084","-87.606120116","POINT (-87.606120115628 41.691618083644)"
"ba2f6c5cc9fc1c746dff1593baec0ab56f72e23416a9da7ab03a074bda74cdf07df1c5a9f55e93cf495f25c2778ebfe5bfabadd3d0ff42d987facdd8df3e9dd1",,"2024-06-26T15:16:00.000","30","NO CONTROLS","NO CONTROLS","CLEAR","DAYLIGHT","REAR END","DIVIDED - W/MEDIAN (NOT RAISED)",,"STRAIGHT AND LEVEL","DRY","NO DEFECTS","NOT ON SCENE (DESK REPORT)","NO INJURY / DRIVE AWAY",,,,"OVER $1,500","2024-06-26T16:40:00.000","UNABLE TO DETERMINE","NOT APPLICABLE","328","S","MICHIGAN AVE","113",,,,,,,"2","NO INDICATION OF INJURY","0","0","0","0","0","2","0","15","4","6","41.877570819","-87.62444836","POINT (-87.624448359727 41.877570818754)"
"411ffd25abbdb2947c671783abb1a4680a95faab50bea7da8136735d7ee210e14b8c8dd67a286ad7c8a9cc90421819510ce89332b8fe00852f1a37eee703f8f0",,"2024-06-26T15:15:00.000","35","NO CONTROLS","NO CONTROLS","CLEAR","DAYLIGHT","TURNING","DIVIDED - W/MEDIAN BARRIER",,"STRAIGHT AND LEVEL","DRY","NO DEFECTS","NOT ON SCENE (DESK REPORT)","NO INJURY / DRIVE AWAY",,,,"OVER $1,500","2024-06-27T14:30:00.000","IMPROPER TURNING/NO SIGNAL","NOT APPLICABLE","332","S","MICHIGAN AVE","113",,,,,,,"2","NO INDICATION OF INJURY","0","0","0","0","0","2","0","15","4","6","41.877480177","-87.624446588","POINT (-87.624446588491 41.877480176977)"
"fc78493021fbf0cbeb9f4518cb767a851e828b4f5bd393a136f96ed06f91168d877a0d3c24850a5d547c54ae15cd795d2a0a92bd3557751e66aacc3272d703eb",,"2024-06-26T15:15:00.000","25","TRAFFIC SIGNAL","FUNCTIONING PROPERLY","CLEAR","DAYLIGHT","TURNING","NOT DIVIDED",,"STRAIGHT AND LEVEL","DRY","NO DEFECTS","NOT ON SCENE (DESK REPORT)","NO INJURY / DRIVE AWAY","Y",,,"OVER $1,500","2024-06-26T17:00:00.000","IMPROPER LANE USAGE","IMPROPER LANE USAGE","800","W","47TH ST","925",,,,,,,"2","NO INDICATION OF INJURY","0","0","0","0","0","2","0","15","4","6","41.808976991","-87.645656689","POINT (-87.645656688873 41.808976990618)"
"1e49c050954f9821f4443bc89859ba0aa9e117741114018fa05034714eadc873ed8b787f592c01ab5bd466b44cfe94259dc16c5cb59688671b559116901b1f31",,"2024-06-26T15:10:00.000","35","TRAFFIC SIGNAL","FUNCTIONING PROPERLY","CLEAR","DAYLIGHT","SIDESWIPE SAME DIRECTION","NOT DIVIDED",,"STRAIGHT AND LEVEL","DRY","NO DEFECTS","ON SCENE","NO INJURY / DRIVE AWAY",,,,"$500 OR LESS","2024-06-26T15:59:00.000","UNABLE TO DETERMINE","NOT APPLICABLE","12700","S","WALLACE ST","523",,,,,,,"2","NO INDICATION OF INJURY","0","0","0","0","0","4","0","15","4","6","41.663173271","-87.636763079","POINT (-87.636763078789 41.663173270962)"
"2adc7e0d0fbe236311914a7347525bd54a330aafeed831aee56b0a11d4bd69b9307c4aaabbdb8380655df34f99799f97d4f58e87b8c504360e531a265feb0d92","N","2024-06-26T15:00:00.000","30","TRAFFIC SIGNAL","FUNCTIONING IMPROPERLY","CLEAR","DAYLIGHT","PARKED MOTOR VEHICLE","NOT DIVIDED",,"STRAIGHT AND LEVEL","UNKNOWN","UNKNOWN","NOT ON SCENE (DESK REPORT)","NO INJURY / DRIVE AWAY",,,"Y","OVER $1,500","2024-06-26T17:15:00.000","UNABLE TO DETERMINE","UNABLE TO DETERMINE","9037","S","COMMERCIAL AVE","424",,,,,,,"2","NO INDICATION OF INJURY","0","0","0","0","0","1","0","15","4","6","41.73079249","-87.551127423","POINT (-87.551127423487 41.730792489706)"
"2dcb62eefc906522379939b5e8be29295e1daac274835e35165a2f30b322b05063b3cb64a445e44202cdac5c057ec4e493b34db8d01a2b1b48b321a2fa3f8f0e",,"2024-06-26T15:00:00.000","30","TRAFFIC SIGNAL","FUNCTIONING PROPERLY","CLEAR","DAYLIGHT","SIDESWIPE SAME DIRECTION","DIVIDED - W/MEDIAN (NOT RAISED)",,"STRAIGHT AND LEVEL","DRY","NO DEFECTS","ON SCENE","NO INJURY / DRIVE AWAY",,,,"$501 - $1,500","2024-06-26T16:00:00.000","IMPROPER OVERTAKING/PASSING","UNABLE TO DETERMINE","952","W","71ST ST","733",,,,,,,"3","NO INDICATION OF INJURY","0","0","0","0","0","3","0","15","4","6","41.765243305","-87.648958441","POINT (-87.648958441015 41.765243305035)"
"505144e94b69bf1176cf9d73237685132afbf0e40adf9a7e796a5f46738a0a70ea54ff874df616ac1c4b5e56fb604a4c596e609d99d74a451495c3f91dcd6b1a",,"2024-06-26T15:00:00.000","30","TRAFFIC SIGNAL","UNKNOWN","CLEAR","DAYLIGHT","SIDESWIPE SAME DIRECTION","FOUR WAY",,"STRAIGHT AND LEVEL","DRY","NO DEFECTS","NOT ON SCENE (DESK REPORT)","NO INJURY / DRIVE AWAY","Y",,,"OVER $1,500","2024-06-26T15:30:00.000","FAILING TO REDUCE SPEED TO AVOID CRASH","FAILING TO REDUCE SPEED TO AVOID CRASH","100","N","CENTRAL PARK DR","1122",,,,,,,"2","NO INDICATION OF INJURY","0","0","0","0","0","2","0","15","4","6","41.883355322","-87.715665232","POINT (-87.715665231597 41.883355322314)"
"57b447d1b2e6162d555de552779b5b7ee19be3610c90c0f1b0f6031c8d62e3d8e2fc670dd4eb95d7f071925973d4f0ade806a67cffe32f1922e609cfc6561df2",,"2024-06-26T15:00:00.000","30","TRAFFIC SIGNAL","FUNCTIONING PROPERLY","CLEAR","DAYLIGHT","REAR END","NOT DIVIDED",,"STRAIGHT AND LEVEL","DRY","NO DEFECTS","NOT ON SCENE (DESK REPORT)","INJURY AND / OR TOW DUE TO CRASH",,,,"$501 - $1,500","2024-06-26T18:40:00.000","FOLLOWING TOO CLOSELY","NOT APPLICABLE","6602","S","JEFFERY DR","331",,,,,,,"2","REPORTED, NOT EVIDENT","1","0","0","0","1","1","0","15","4","6","41.775257798","-87.575329066","POINT (-87.575329066482 41.775257798236)"
"8b66c82b342d9e6eb302997b8b4806d9912ce9124c9d476176dfc6a799df99c81fbe8dd43d5a7b1153ac8f95547f1be085d8e7606f06f4a6dc642c938b1c1394",,"2024-06-26T14:54:00.000","20","NO CONTROLS","NO CONTROLS","CLEAR","DAYLIGHT","TURNING","NOT DIVIDED",,"STRAIGHT AND LEVEL","DRY","NO DEFECTS","ON SCENE","INJURY AND / OR TOW DUE TO CRASH",,,,"OVER $1,500","2024-06-26T15:31:00.000","IMPROPER TURNING/NO SIGNAL","NOT APPLICABLE","8329","S","COTTAGE GROVE AVE","632",,,,,,,"2","NO INDICATION OF INJURY","0","0","0","0","0","2","0","14","4","6","41.743071438","-87.604861437","POINT (-87.604861437228 41.743071437624)"
"0b4e30cb717e01dbcea6f21f5a4e33da5db78620cb68332d38b71b923f6c7d7d9a90086b56ee3e27be55f50dd1b0aa74a72a45d6321973be372b4ddcd923e26f",,"2024-06-26T14:53:00.000","30","NO CONTROLS","NO CONTROLS","CLEAR","DAYLIGHT","ANGLE","FOUR WAY",,"STRAIGHT AND LEVEL","DRY","NO DEFECTS","ON SCENE","INJURY AND / OR TOW DUE TO CRASH",,,,"OVER $1,500","2024-06-26T17:05:00.000","FAILING TO YIELD RIGHT-OF-WAY","UNABLE TO DETERMINE","9138","S","STONY ISLAND AVE","413",,,,,,,"3","NONINCAPACITATING INJURY","4","0","0","4","0","2","0","14","4","6","41.728458928","-87.585613776","POINT (-87.585613776388 41.728458928396)"
"95f49a0c92d56d9cd278d28bb093f64fc0ee62a054aaee72b6206fe067b5242364e211e824646dd153c3caec4ca1522ecdd5b4956a0509b609b40a4cd15a947d",,"2024-06-26T14:53:00.000","30","NO CONTROLS","NO CONTROLS","CLEAR","DAYLIGHT","REAR TO SIDE","ONE-WAY",,"STRAIGHT AND LEVEL","DRY","NO DEFECTS","ON SCENE","NO INJURY / DRIVE AWAY",,,,"$501 - $1,500","2024-06-26T15:50:00.000","IMPROPER BACKING","IMPROPER LANE USAGE","943","W","RANDOLPH ST","1224",,,,,,,"2","NO INDICATION OF INJURY","0","0","0","0","0","2","0","14","4","6","41.884228664","-87.651430359","POINT (-87.651430358828 41.884228664387)"
"c0f2ea15b5c90d1531e899a832fa86cd9930983c16ce0e591f324235f6023e17f606e2323dfdc07ea53379b0584b7182130128b5b6bf3cd6ef2a4fa214d8ad43",,"2024-06-26T14:50:00.000","25","UNKNOWN","UNKNOWN","CLEAR","DAYLIGHT","REAR END","ONE-WAY",,"STRAIGHT AND LEVEL","UNKNOWN","UNKNOWN","NOT ON SCENE (DESK REPORT)","NO INJURY / DRIVE AWAY",,,,"OVER $1,500","2024-06-26T16:00:00.000","UNABLE TO DETERMINE","UNABLE TO DETERMINE","4799","W","BELDEN AVE","2522",,,,,,,"2","NO INDICATION OF INJURY","0","0","0","0","0","2","0","14","4","6","41.922306039","-87.746193648","POINT (-87.746193648425 41.922306038531)"